3,0,3,0,8.578056283569335
3,0,3,1,8.501418394470214
3,0,3,2,8.53594640642802
3,0,3,3,8.541975924046834
3,0,3,4,8.472425536282858
3,0,3,5,8.484748364766439
3,0,3,6,8.443042576853435
3,0,3,7,8.430964216105144
3,0,3,8,8.404994089635213
3,0,3,9,8.387888179270426
3,0,3,10,8.387595974095662
3,0,3,11,8.37691786104838
3,0,3,12,8.351202783711752
3,0,3,13,8.356405500157674
3,0,3,14,8.34414087753296
3,0,3,15,8.343185960261026
3,0,3,16,8.362512467829387
3,0,3,17,8.383280458958943
3,0,3,18,8.406667909749348
3,0,3,19,8.38254127998352
3,0,3,20,8.39148327217102
3,0,3,21,8.41628734779358
3,0,3,22,8.459126347223918
3,0,3,23,8.453908952331544
3,0,3,24,8.457368900553385
3,0,3,25,8.50869684753418
3,0,3,26,8.500560412216187
3,0,3,27,8.532566635513305
3,0,3,28,8.591539942042033
3,0,3,29,8.55569844233195
3,0,3,30,8.590973561859132
3,0,3,31,8.597647273508707
3,0,3,32,8.697119639460245
3,0,3,33,8.670462519836425
3,0,3,34,8.669821694310507
3,0,3,35,8.695886764907836
3,0,3,36,8.699682792282104
3,0,3,37,8.750118412653606
3,0,3,38,8.764070460383097
3,0,3,39,8.789245308558145
3,0,3,40,8.828069384892782
3,0,3,41,8.838950355529786
3,0,3,42,8.83765517908732
3,0,3,43,8.86726670481364
3,0,3,44,8.84182785580953
3,0,3,45,8.885882262420655
3,0,3,46,8.862918827819824
3,0,3,47,8.839454073842367
3,0,3,48,8.838313777160645
3,0,3,49,8.808320915730794
3,0,3,50,8.690459435272217
3,0,3,51,8.617157899602255
3,0,3,52,8.531635017649332
3,0,3,53,8.4689041238149
3,0,3,54,8.427226282374065
3,0,3,55,8.406871076456707
3,0,3,56,8.3750668993632
3,0,3,57,8.338417234802247
3,0,3,58,8.252003691609701
3,0,3,59,8.220607856369018
3,0,3,60,8.185468043899537
3,0,3,61,8.151115324783325
3,0,3,62,8.075836662292481
3,0,3,63,8.125428957621256
3,0,3,64,8.072165392049154
3,0,3,65,8.042418691380819
3,0,3,66,8.088649316660563
3,0,3,67,8.071445659383137
3,0,3,68,8.157817395146688
3,0,3,69,8.19442637163798
3,0,3,70,8.230805127588908
3,0,3,71,8.294080488713583
3,0,3,72,8.28937812461853
3,0,3,73,8.381368640518188
3,0,3,74,8.418249961598715
3,0,3,75,8.54857473195394
3,0,3,76,8.61710505104065
3,0,3,77,8.739802123006186
3,0,3,78,8.743464112854005
3,0,3,79,8.830415934244792
3,0,3,80,8.912904414367675
3,0,3,81,9.00158470026652
3,0,3,82,9.027198394521077
3,0,3,83,9.106055044937134
3,0,3,84,9.132892249043783
3,0,3,85,9.131107006072998
3,0,3,86,9.123335490926106
3,0,3,87,9.161145389048258
3,0,3,88,9.215016961415609
3,0,3,89,9.25878802464803
3,0,3,90,9.329587897237142
3,0,3,91,9.3263046043396
3,0,3,92,9.414017817815145
3,0,3,93,9.411687366104125
3,0,3,94,9.389213336435954
3,0,3,95,9.364333721415202
3,0,3,96,9.394819935862223
3,0,3,97,9.384384450531005
3,0,3,98,9.34145497487386
3,0,3,99,9.365130708312988
3,0,3,100,8.915768534851074
3,0,3,101,8.845879850641886
3,0,3,102,8.70417704556783
3,0,3,103,8.631988079706828
3,0,3,104,8.554128658803304
3,0,3,105,8.40153583946228
3,0,3,106,8.309052039082845
3,0,3,107,8.270365594100952
3,0,3,108,8.172388976287841
3,0,3,109,8.12450053393046
3,0,3,110,8.041256047185263
3,0,3,111,8.00244007803599
3,0,3,112,7.96432912457784
3,0,3,113,7.916068720881144
3,0,3,114,7.9285403791427616
3,0,3,115,7.939547912470499
3,0,3,116,7.929231907780965
3,0,3,117,7.960685838063558
3,0,3,118,7.968813009389241
3,0,3,119,8.01951960550944
3,0,3,120,8.084451906077067
3,0,3,121,8.10078205095927
3,0,3,122,8.283003831736247
3,0,3,123,8.274791024271646
3,0,3,124,8.424506727472941
3,0,3,125,8.568582685089112
3,0,3,126,8.669670014444987
3,0,3,127,8.760260451761882
3,0,3,128,8.903760627365113
3,0,3,129,9.00090626742045
3,0,3,130,9.076700908025106
3,0,3,131,9.177758604303996
3,0,3,132,9.26417142715454
3,0,3,133,9.242993172073364
3,0,3,134,9.343151658121744
3,0,3,135,9.405538790766398
3,0,3,136,9.435179298400879
3,0,3,137,9.456996003977459
3,0,3,138,9.451852987925212
3,0,3,139,9.502250900522867
3,0,3,140,9.48735597635905
3,0,3,141,9.594173333485921
3,0,3,142,9.726794418843587
3,0,3,143,9.742048937225341
3,0,3,144,9.721736584218343
3,0,3,145,9.7564069770813
3,0,3,146,9.695025420379638
3,0,3,147,9.677789502970377
3,0,3,148,9.637852422078451
3,0,3,149,9.695230824534098
3,0,3,150,9.188519230651856
3,0,3,151,8.99334791132609
3,0,3,152,8.885786682764689
3,0,3,153,8.776271823120117
3,0,3,154,8.67565128657023
3,0,3,155,8.480015864181519
3,0,3,156,8.414389113235474
3,0,3,157,8.314046731821696
3,0,3,158,8.215169914754231
3,0,3,159,8.09982890586853
3,0,3,160,7.991413786570231
3,0,3,161,7.9538026831309
3,0,3,162,7.888547803624471
3,0,3,163,7.877211342366537
3,0,3,164,7.821821980985006
3,0,3,165,7.8257777855555215
3,0,3,166,7.783531225967407
3,0,3,167,7.8440205729166665
3,0,3,168,7.855502133687337
3,0,3,169,7.9255322820027665
3,0,3,170,7.970012280527751
3,0,3,171,8.031419544665019
3,0,3,172,8.120004223505656
3,0,3,173,8.227454729970296
3,0,3,174,8.33231128171285
3,0,3,175,8.49783978436788
3,0,3,176,8.650389344406127
3,0,3,177,8.81960593770345
3,0,3,178,8.93827799797058
3,0,3,179,9.073304362487793
3,0,3,180,9.27560830332438
3,0,3,181,9.414026987711589
3,0,3,182,9.521877864837647
3,0,3,183,9.648133233642579
3,0,3,184,9.73761809463501
3,0,3,185,9.832474999745687
3,0,3,186,9.865153772735596
3,0,3,187,9.856755077616373
3,0,3,188,9.885762648518881
3,0,3,189,9.855118702443441
3,0,3,190,9.859481171798706
3,0,3,191,9.948199215952556
3,0,3,192,10.065181733957926
3,0,3,193,10.086706042480468
3,0,3,194,10.109393579355876
3,0,3,195,10.073940248362224
3,0,3,196,10.032642083740235
3,0,3,197,9.973816370900472
3,0,3,198,9.99771699142456
3,0,3,199,9.95877421544393
3,0,3,200,9.269089553324381
3,0,3,201,9.09494951985677
3,0,3,202,8.936297404225668
3,0,3,203,8.779029808298747
3,0,3,204,8.617365870666504
3,0,3,205,8.473406380208333
3,0,3,206,8.368249884541829
3,0,3,207,8.31038522122701
3,0,3,208,8.200815125274659
3,0,3,209,8.096544919077555
3,0,3,210,7.940881556447347
3,0,3,211,7.903080116271973
3,0,3,212,7.813139985020955
3,0,3,213,7.7454913707733155
3,0,3,214,7.736127854283651
3,0,3,215,7.723384883626302
3,0,3,216,7.779456967671712
3,0,3,217,7.775228798643748
3,0,3,218,7.81792659517924
3,0,3,219,7.878058794784546
3,0,3,220,7.945145490519206
3,0,3,221,8.029950555165609
3,0,3,222,8.228985294723511
3,0,3,223,8.194982485834757
3,0,3,224,8.36510507074992
3,0,3,225,8.466530704371134
3,0,3,226,8.65374196726481
3,0,3,227,8.790887731933594
3,0,3,228,8.874765724436442
3,0,3,229,9.07681849568685
3,0,3,230,9.177644580078125
3,0,3,231,9.361648440551757
3,0,3,232,9.518453075917561
3,0,3,233,9.62931565170288
3,0,3,234,9.72634591954549
3,0,3,235,9.782738544209797
3,0,3,236,9.899220595550537
3,0,3,237,9.958116096496582
3,0,3,238,9.966502846781413
3,0,3,239,9.992366267140707
3,0,3,240,9.974381763203938
3,0,3,241,10.01402945022583
3,0,3,242,10.124376363372802
3,0,3,243,10.162488703155518
3,0,3,244,10.144725928751628
3,0,3,245,10.128456084187826
3,0,3,246,10.068428875986735
3,0,3,247,10.074168598683675
3,0,3,248,10.040851524861653
3,0,3,249,10.048554498036703
3,0,3,250,9.334394363657633
3,0,3,251,9.191858844502766
3,0,3,252,8.887145974477132
3,0,3,253,8.63647419166565
3,0,3,254,8.498516528828938
3,0,3,255,8.366119468307495
3,0,3,256,8.2741304107666
3,0,3,257,8.195632508977255
3,0,3,258,8.120609239959716
3,0,3,259,7.98917442817688
3,0,3,260,7.841224815368652
3,0,3,261,7.765586852391561
3,0,3,262,7.695669382985433
3,0,3,263,7.719948102823893
3,0,3,264,7.716742963663737
3,0,3,265,7.657003039550781
3,0,3,266,7.710880092748006
3,0,3,267,7.73580291557312
3,0,3,268,7.790272039286296
3,0,3,269,7.853946709314982
3,0,3,270,7.883130658976237
3,0,3,271,7.9593618269602455
3,0,3,272,8.104437994384766
3,0,3,273,8.214668466822307
3,0,3,274,8.322353090031942
3,0,3,275,8.398459466171264
3,0,3,276,8.562364964485168
3,0,3,277,8.715471500142415
3,0,3,278,8.842289068094889
3,0,3,279,8.999671840159099
3,0,3,280,9.089575598144531
3,0,3,281,9.292543577829997
3,0,3,282,9.474178270975749
3,0,3,283,9.584181671905517
3,0,3,284,9.701278002929687
3,0,3,285,9.778174844614664
3,0,3,286,9.845698725382487
3,0,3,287,9.928040190633139
3,0,3,288,9.977464805603027
3,0,3,289,9.981033940124512
3,0,3,290,9.958753723398845
3,0,3,291,10.04818889872233
3,0,3,292,10.178542749786377
3,0,3,293,10.199846485392253
3,0,3,294,10.234506709543863
3,0,3,295,10.17492417271932
3,0,3,296,10.042082119750976
3,0,3,297,10.000803141784669
3,0,3,298,9.934499648793539
3,0,3,299,9.920342606862386
3,0,3,300,9.57741971130371
3,0,3,301,9.4070574857076
3,0,3,302,9.133549141947428
3,0,3,303,8.86532762107849
3,0,3,304,8.645954300435385
3,0,3,305,8.528437014770509
3,0,3,306,8.422428748830159
3,0,3,307,8.303789111455282
3,0,3,308,8.20128999671936
3,0,3,309,8.035829578018188
3,0,3,310,7.90674211139679
3,0,3,311,7.82684618733724
3,0,3,312,7.760567769114177
3,0,3,313,7.74072037302653
3,0,3,314,7.714996523984273
3,0,3,315,7.767771522521973
3,0,3,316,7.773817871475219
3,0,3,317,7.766445834732056
3,0,3,318,7.848608227411906
3,0,3,319,7.8330770767211915
3,0,3,320,7.9126351423899335
3,0,3,321,8.007207831954956
3,0,3,322,8.073486935806274
3,0,3,323,8.162786146036783
3,0,3,324,8.318498558934529
3,0,3,325,8.44555313873291
3,0,3,326,8.585884627787273
3,0,3,327,8.740147641626994
3,0,3,328,8.89122963587443
3,0,3,329,9.052823016993205
3,0,3,330,9.220974879455566
3,0,3,331,9.331385574595133
3,0,3,332,9.50344242553711
3,0,3,333,9.588510440572103
3,0,3,334,9.68610053507487
3,0,3,335,9.804390739186605
3,0,3,336,9.888359436035156
3,0,3,337,10.001450760396322
3,0,3,338,10.017230612182617
3,0,3,339,9.962819806925456
3,0,3,340,10.025939646148682
3,0,3,341,10.085578163401285
3,0,3,342,10.226307016499836
3,0,3,343,10.263260676320394
3,0,3,344,10.198583400472005
3,0,3,345,10.074927615610758
3,0,3,346,9.988023660786947
3,0,3,347,9.988464110565186
3,0,3,348,9.944099223073323
3,0,3,349,9.978178196461995
3,0,3,350,9.894181569417318
3,0,3,351,9.67460400390625
3,0,3,352,9.29879219233195
3,0,3,353,8.982213786188762
3,0,3,354,8.750102418136597
3,0,3,355,8.668877164967855
3,0,3,356,8.692787193171183
3,0,3,357,8.540091102218629
3,0,3,358,8.356643424224854
3,0,3,359,8.239311393992105
3,0,3,360,8.08539264793396
3,0,3,361,7.96210958811442
3,0,3,362,7.844936032994588
3,0,3,363,7.80447875213623
3,0,3,364,7.754577148691813
3,0,3,365,7.743067304611206
3,0,3,366,7.782160094070434
3,0,3,367,7.788611216862996
3,0,3,368,7.917073956807455
3,0,3,369,7.940841256841024
3,0,3,370,8.005177756818135
3,0,3,371,8.04295100517273
3,0,3,372,8.113465730794271
3,0,3,373,8.213391971333822
3,0,3,374,8.339650620651245
3,0,3,375,8.467063292821248
3,0,3,376,8.598455363082886
3,0,3,377,8.683424697875976
3,0,3,378,8.880964627710979
3,0,3,379,8.96263184445699
3,0,3,380,9.128605605824788
3,0,3,381,9.164965132904053
3,0,3,382,9.35157953338623
3,0,3,383,9.514676232655843
3,0,3,384,9.65694034169515
3,0,3,385,9.730993669509887
3,0,3,386,9.839432415262857
3,0,3,387,9.964738134256999
3,0,3,388,9.978077042388916
3,0,3,389,9.981619567108154
3,0,3,390,9.98225184656779
3,0,3,391,10.058836753845215
3,0,3,392,10.171922556304931
3,0,3,393,10.099458683776856
3,0,3,394,10.208836308034261
3,0,3,395,10.020869500986736
3,0,3,396,9.923661089070638
3,0,3,397,9.866176766459148
3,0,3,398,9.882710719299316
3,0,3,399,10.055287263743082
3,0,3,400,10.005891324361166
3,0,3,401,9.8563116897583
3,0,3,402,9.443176833089193
3,0,3,403,9.198101597340901
3,0,3,404,8.993007585779825
3,0,3,405,8.882404433695475
3,0,3,406,8.861028966649373
3,0,3,407,8.761367965952555
3,0,3,408,8.588430329386393
3,0,3,409,8.370353374099732
3,0,3,410,8.261535123316447
3,0,3,411,8.132948172505696
3,0,3,412,8.038384998957316
3,0,3,413,7.966611181767782
3,0,3,414,7.872700492858887
3,0,3,415,7.8765598597208655
3,0,3,416,7.876638897450765
3,0,3,417,7.889779793993632
3,0,3,418,7.922652229563395
3,0,3,419,7.965110071309407
3,0,3,420,7.991041820907593
3,0,3,421,8.083506580988566
3,0,3,422,8.096512488810221
3,0,3,423,8.225144364293417
3,0,3,424,8.295962188593547
3,0,3,425,8.470533706537882
3,0,3,426,8.55229610900879
3,0,3,427,8.659270052719116
3,0,3,428,8.710919821802776
3,0,3,429,8.855691170374552
3,0,3,430,8.975571672566732
3,0,3,431,9.210949160003661
3,0,3,432,9.307951587168375
3,0,3,433,9.493158545176188
3,0,3,434,9.676768837483724
3,0,3,435,9.789482022603353
3,0,3,436,9.879011224619548
3,0,3,437,9.977363193003336
3,0,3,438,10.044634522247314
3,0,3,439,9.97274381459554
3,0,3,440,10.052691908009846
3,0,3,441,10.116961631266276
3,0,3,442,10.163271157582601
3,0,3,443,10.181492965189616
3,0,3,444,10.110730704752605
3,0,3,445,9.959004021453858
3,0,3,446,9.852224300130208
3,0,3,447,9.863132515716552
3,0,3,448,9.960589695485433
3,0,3,449,10.163329335276286
3,0,3,450,10.283213328806559
3,0,3,451,10.08456174952189
3,0,3,452,9.553894069671632
3,0,3,453,9.197978748321534
3,0,3,454,9.102408621724447
3,0,3,455,9.100101411946614
3,0,3,456,8.967158652877808
3,0,3,457,8.901763705825806
3,0,3,458,8.676198601023357
3,0,3,459,8.571694178263346
3,0,3,460,8.392324369430542
3,0,3,461,8.34378406715393
3,0,3,462,8.222779191970826
3,0,3,463,8.188568029403687
3,0,3,464,8.090452695719401
3,0,3,465,8.091787877782187
3,0,3,466,8.066020057169597
3,0,3,467,8.065011860656739
3,0,3,468,8.116971538416545
3,0,3,469,8.19917596282959
3,0,3,470,8.207838383611044
3,0,3,471,8.295889075088501
3,0,3,472,8.370842896525065
3,0,3,473,8.439920395024618
3,0,3,474,8.56775743675232
3,0,3,475,8.695157028897603
3,0,3,476,8.824073534266153
3,0,3,477,8.859412395731608
3,0,3,478,8.880327385203044
3,0,3,479,9.060677788798014
3,0,3,480,9.173702250417074
3,0,3,481,9.266868343989055
3,0,3,482,9.363642677815756
3,0,3,483,9.475828311157226
3,0,3,484,9.630682573954264
3,0,3,485,9.676296866607666
3,0,3,486,9.820240432230632
3,0,3,487,9.871372679138183
3,0,3,488,9.994241776529948
3,0,3,489,10.004827926890055
3,0,3,490,10.029953713989258
3,0,3,491,10.006163593292236
3,0,3,492,10.069302526601156
3,0,3,493,10.166847734832764
3,0,3,494,10.110448920694987
3,0,3,495,9.887192511240642
3,0,3,496,9.817630549112955
3,0,3,497,9.833125705210367
3,0,3,498,10.000010884348551
3,0,3,499,10.256506145985922
3,0,3,500,10.445100750223796
3,0,3,501,10.233250718434652
3,0,3,502,9.710447956339518
3,0,3,503,9.365006011327107
3,0,3,504,9.2453706489563
3,0,3,505,9.19904370282491
3,0,3,506,9.062988117472331
3,0,3,507,8.93109859568278
3,0,3,508,8.858064659118652
3,0,3,509,8.685097802480062
3,0,3,510,8.541721644210815
3,0,3,511,8.470878700383505
3,0,3,512,8.378454299926759
3,0,3,513,8.363969988123577
3,0,3,514,8.337031534703572
3,0,3,515,8.303174768193562
3,0,3,516,8.29987002321879
3,0,3,517,8.321559512964884
3,0,3,518,8.346411433410644
3,0,3,519,8.387434394963583
3,0,3,520,8.428398847198487
3,0,3,521,8.489422194925943
3,0,3,522,8.5795244778951
3,0,3,523,8.701181998443603
3,0,3,524,8.765789772669475
3,0,3,525,8.818010615793863
3,0,3,526,8.863864394124349
3,0,3,527,8.981205812327067
3,0,3,528,9.043888739649455
3,0,3,529,9.151629218292236
3,0,3,530,9.212148088963826
3,0,3,531,9.279769713846843
3,0,3,532,9.412711135101318
3,0,3,533,9.505060050455729
3,0,3,534,9.64585187810262
3,0,3,535,9.779340141805013
3,0,3,536,9.755801508839925
3,0,3,537,9.85064166056315
3,0,3,538,9.876514651997883
3,0,3,539,9.914811505126954
3,0,3,540,9.866797835032145
3,0,3,541,9.911096166992188
3,0,3,542,9.950483009847005
3,0,3,543,9.942908557128906
3,0,3,544,9.90163438873291
3,0,3,545,9.746884495035808
3,0,3,546,9.717367998250326
3,0,3,547,9.848800527572632
3,0,3,548,10.168576696014405
3,0,3,549,10.463866019948323
3,0,3,550,10.56007818959554
3,0,3,551,10.311447997283935
3,0,3,552,9.90594024251302
3,0,3,553,9.551293391164144
3,0,3,554,9.533738804626465
3,0,3,555,9.487976817830404
3,0,3,556,9.300833784484864
3,0,3,557,9.135959431966146
3,0,3,558,8.967718696212769
3,0,3,559,8.747040351486206
3,0,3,560,8.67497919514974
3,0,3,561,8.712073178609213
3,0,3,562,8.63818115870158
3,0,3,563,8.56824624824524
3,0,3,564,8.539122395706176
3,0,3,565,8.35083686059316
3,0,3,566,8.432779573059083
3,0,3,567,8.369186894861857
3,0,3,568,8.418118113072714
3,0,3,569,8.437900745519002
3,0,3,570,8.507275393803914
3,0,3,571,8.577062922668457
3,0,3,572,8.628425685119629
3,0,3,573,8.72285130144755
3,0,3,574,8.797316572825114
3,0,3,575,8.95637553583781
3,0,3,576,8.988906110127767
3,0,3,577,9.079723935699462
3,0,3,578,9.143177074940999
3,0,3,579,9.199228251647948
3,0,3,580,9.305440336608887
3,0,3,581,9.403671381632487
3,0,3,582,9.49044264348348
3,0,3,583,9.566794382476807
3,0,3,584,9.730074587249756
3,0,3,585,9.76774008839925
3,0,3,586,9.851508117421469
3,0,3,587,9.971020232899983
3,0,3,588,9.889029082743328
3,0,3,589,9.968425552113851
3,0,3,590,9.872534917958577
3,0,3,591,9.86365089187622
3,0,3,592,9.910874664560954
3,0,3,593,9.936478758748372
3,0,3,594,9.780735696411133
3,0,3,595,9.70495323562622
3,0,3,596,9.759409123738607
3,0,3,597,9.955202503967286
3,0,3,598,10.40149807917277
3,0,3,599,10.745194790649414
3,0,3,600,10.639996848551432
3,0,3,601,10.290354569498698
3,0,3,602,10.10211341603597
3,0,3,603,9.766119999694824
3,0,3,604,9.740170979817709
3,0,3,605,9.689805431111653
3,0,3,606,9.565646724446614
3,0,3,607,9.331770490900675
3,0,3,608,9.08206623586019
3,0,3,609,8.955845550791423
3,0,3,610,8.831879024124145
3,0,3,611,8.814777486419677
3,0,3,612,8.899780335362752
3,0,3,613,8.91062134399414
3,0,3,614,8.90470954284668
3,0,3,615,8.845409790929159
3,0,3,616,8.771214827728272
3,0,3,617,8.736456851577758
3,0,3,618,8.743154858144125
3,0,3,619,8.729168507003784
3,0,3,620,8.77229323794047
3,0,3,621,8.828335199991862
3,0,3,622,8.886473645146689
3,0,3,623,9.042861918385823
3,0,3,624,9.044821518707275
3,0,3,625,9.210293276468914
3,0,3,626,9.303966081492106
3,0,3,627,9.367241705449421
3,0,3,628,9.493673245239258
3,0,3,629,9.556602291107177
3,0,3,630,9.573769129689534
3,0,3,631,9.62649136428833
3,0,3,632,9.61876993637085
3,0,3,633,9.711647582244874
3,0,3,634,9.84340808207194
3,0,3,635,9.760241328684488
3,0,3,636,9.900936585744223
3,0,3,637,9.945407846577963
3,0,3,638,9.996654835510254
3,0,3,639,9.932801482391357
3,0,3,640,9.928399592336019
3,0,3,641,9.879003958129882
3,0,3,642,9.876799274698893
3,0,3,643,9.907875315348308
3,0,3,644,9.839126328786215
3,0,3,645,9.780902550252279
3,0,3,646,9.773873043823242
3,0,3,647,10.09953410288493
3,0,3,648,10.44670674870809
3,0,3,649,10.847201303100587
3,0,3,650,10.763315784200033
3,0,3,651,10.261713596089681
3,0,3,652,10.202301770019531
3,0,3,653,9.941948133341471
3,0,3,654,9.876085918426513
3,0,3,655,9.848423626454672
3,0,3,656,9.675788093185425
3,0,3,657,9.464664162445068
3,0,3,658,9.2245398824056
3,0,3,659,9.035614247385661
3,0,3,660,8.905664739863077
3,0,3,661,8.91694863764445
3,0,3,662,8.950516906611124
3,0,3,663,9.003487480926514
3,0,3,664,9.071603295135498
3,0,3,665,9.109226130421956
3,0,3,666,9.099769978586833
3,0,3,667,9.019389793904622
3,0,3,668,9.04386233215332
3,0,3,669,8.981224990590414
3,0,3,670,9.046801937611898
3,0,3,671,9.040756293233235
3,0,3,672,9.096489743804932
3,0,3,673,9.17930326868693
3,0,3,674,9.220876278686523
3,0,3,675,9.375015988413493
3,0,3,676,9.428029076131185
3,0,3,677,9.454265051142375
3,0,3,678,9.50008353246053
3,0,3,679,9.627882782491048
3,0,3,680,9.729757968393962
3,0,3,681,9.77154156214396
3,0,3,682,9.80762119954427
3,0,3,683,9.874182858784993
3,0,3,684,9.942628238932292
3,0,3,685,9.999480258687337
3,0,3,686,10.020064059702555
3,0,3,687,10.046898776245117
3,0,3,688,10.026050281524657
3,0,3,689,9.992400163904826
3,0,3,690,9.892466083526612
3,0,3,691,9.933895726013183
3,0,3,692,9.987500699361165
3,0,3,693,10.000909959920248
3,0,3,694,9.821179682922363
3,0,3,695,9.82045692316691
3,0,3,696,9.984677810160319
3,0,3,697,10.288945446014404
3,0,3,698,10.668512492116292
3,0,3,699,11.042357151031494
3,0,3,700,10.920560307057698
3,0,3,701,10.355309913635255
3,0,3,702,10.275596229044597
3,0,3,703,10.072860503387451
3,0,3,704,10.04985989151001
3,0,3,705,9.855347509511311
3,0,3,706,9.675601286570231
3,0,3,707,9.435101688130697
3,0,3,708,9.153022431182862
3,0,3,709,9.01305580291748
3,0,3,710,9.064458067448934
3,0,3,711,9.029319208780924
3,0,3,712,9.02211178741455
3,0,3,713,9.192304415639242
3,0,3,714,9.207970852152506
3,0,3,715,9.274610181935628
3,0,3,716,9.26359571533203
3,0,3,717,9.207476641718547
3,0,3,718,9.199953168360393
3,0,3,719,9.192164864095052
3,0,3,720,9.215635062917073
3,0,3,721,9.274579561360676
3,0,3,722,9.40447418721517
3,0,3,723,9.406301883697509
3,0,3,724,9.536610670979817
3,0,3,725,9.633936559549968
3,0,3,726,9.679679635365805
3,0,3,727,9.857346044158936
3,0,3,728,9.78700399093628
3,0,3,729,9.830579310862223
3,0,3,730,9.884988799285889
3,0,3,731,9.960658702850342
3,0,3,732,9.957260681152343
3,0,3,733,9.984332365926107
3,0,3,734,9.992553789011637
3,0,3,735,10.059729882303873
3,0,3,736,10.088750438690186
3,0,3,737,10.091472169240316
3,0,3,738,10.069897759501139
3,0,3,739,10.072137225850422
3,0,3,740,10.025824089304606
3,0,3,741,9.991777332814534
3,0,3,742,9.978756836954753
3,0,3,743,9.95879608561198
3,0,3,744,9.917661731465657
3,0,3,745,9.902111377970378
3,0,3,746,10.001942501831055
3,0,3,747,10.317483535766602
3,0,3,748,10.69693709411621
3,0,3,749,11.16209990870158
3,0,3,750,10.839127694956462
3,0,3,751,10.549252113850912
3,0,3,752,10.319528792572022
3,0,3,753,10.134837695566814
3,0,3,754,9.985428587341309
3,0,3,755,9.89384936726888
3,0,3,756,9.634191764068603
3,0,3,757,9.33694151280721
3,0,3,758,9.050113468933105
3,0,3,759,8.946209246063232
3,0,3,760,8.958341295878093
3,0,3,761,8.9396983572642
3,0,3,762,9.010919730122884
3,0,3,763,9.169171317545572
3,0,3,764,9.277950062306722
3,0,3,765,9.378679161834716
3,0,3,766,9.479456864039102
3,0,3,767,9.435604866409301
3,0,3,768,9.424746342722575
3,0,3,769,9.391950243250529
3,0,3,770,9.46617449315389
3,0,3,771,9.516886266072591
3,0,3,772,9.489435374450684
3,0,3,773,9.6816898630778
3,0,3,774,9.747658061218262
3,0,3,775,9.760038556162517
3,0,3,776,9.874218627675374
3,0,3,777,9.923437122344971
3,0,3,778,10.020767754618326
3,0,3,779,10.038265877787271
3,0,3,780,10.079822279103597
3,0,3,781,10.22188299077352
3,0,3,782,10.095396343485515
3,0,3,783,10.060318970743815
3,0,3,784,10.064422014363608
3,0,3,785,10.05827052561442
3,0,3,786,10.034842347717285
3,0,3,787,10.060545901489258
3,0,3,788,10.027327938334148
3,0,3,789,9.896247300465902
3,0,3,790,9.867268991088867
3,0,3,791,9.773970757802328
3,0,3,792,9.757357247161865
3,0,3,793,9.868261437225343
3,0,3,794,9.883454429117839
3,0,3,795,9.918305444081625
3,0,3,796,10.012689896392823
3,0,3,797,10.321217750295004
3,0,3,798,10.824798349761963
3,0,3,799,11.167435557810466
3,0,3,800,10.901570631408692
3,0,3,801,10.772290042877197
3,0,3,802,10.582058419545492
3,0,3,803,10.429394765726725
3,0,3,804,10.274707762654623
3,0,3,805,10.149145078786214
3,0,3,806,9.959057988739014
3,0,3,807,9.628473265075684
3,0,3,808,9.359400987497965
3,0,3,809,9.181494965108236
3,0,3,810,9.153136467234294
3,0,3,811,9.119731283823649
3,0,3,812,9.23683023554484
3,0,3,813,9.278979274241129
3,0,3,814,9.476270543670655
3,0,3,815,9.552020234425862
3,0,3,816,9.627024073791503
3,0,3,817,9.613097401428222
3,0,3,818,9.594833837509155
3,0,3,819,9.657125244013468
3,0,3,820,9.66847130279541
3,0,3,821,9.760797212473552
3,0,3,822,9.853044464619954
3,0,3,823,9.913948152414958
3,0,3,824,10.01557482884725
3,0,3,825,10.083687182362874
3,0,3,826,10.128663895161946
3,0,3,827,10.256068062845866
3,0,3,828,10.240020119984944
3,0,3,829,10.231763972473145
3,0,3,830,10.314502165985107
3,0,3,831,10.216925195821126
3,0,3,832,10.328186468760173
3,0,3,833,10.323709949747721
3,0,3,834,10.31606467590332
3,0,3,835,10.296644041951497
3,0,3,836,10.329194075520833
3,0,3,837,10.226232354736329
3,0,3,838,10.099529396820069
3,0,3,839,9.97670110575358
3,0,3,840,9.859413952636718
3,0,3,841,9.83675539118449
3,0,3,842,9.885412644958496
3,0,3,843,9.971118985493979
3,0,3,844,9.931296036783854
3,0,3,845,10.082760623931884
3,0,3,846,10.311942162450155
3,0,3,847,10.654841237131755
3,0,3,848,11.039902243296305
3,0,3,849,11.362800873819987
3,0,3,850,10.968994647216796
3,0,3,851,11.08988793258667
3,0,3,852,10.97108996887207
3,0,3,853,10.640954871368407
3,0,3,854,10.387861026000976
3,0,3,855,10.311519258880615
3,0,3,856,10.164427277119955
3,0,3,857,9.9338805325826
3,0,3,858,9.68703136698405
3,0,3,859,9.482554099655152
3,0,3,860,9.443088787078857
3,0,3,861,9.432286264546713
3,0,3,862,9.47750913213094
3,0,3,863,9.623902377065022
3,0,3,864,9.590214418919881
3,0,3,865,9.702703687795003
3,0,3,866,9.807664045715333
3,0,3,867,9.923175066375732
3,0,3,868,9.970146324666342
3,0,3,869,10.019926678212483
3,0,3,870,10.00576482849121
3,0,3,871,10.078785716756185
3,0,3,872,10.173856190490723
3,0,3,873,10.268439459737142
3,0,3,874,10.393256241861978
3,0,3,875,10.413782652537028
3,0,3,876,10.41133079630534
3,0,3,877,10.51865081431071
3,0,3,878,10.511922464497884
3,0,3,879,10.580529249572754
3,0,3,880,10.565996463012695
3,0,3,881,10.59068570912679
3,0,3,882,10.555105399576822
3,0,3,883,10.568493706258138
3,0,3,884,10.505625549062094
3,0,3,885,10.534313237253825
3,0,3,886,10.487569164530436
3,0,3,887,10.42769542058309
3,0,3,888,10.270736407470704
3,0,3,889,10.239389027913411
3,0,3,890,10.154044131215413
3,0,3,891,9.972337432607015
3,0,3,892,10.022531561024984
3,0,3,893,10.260076531728108
3,0,3,894,10.270869320678711
3,0,3,895,10.2952536819458
3,0,3,896,10.48515140991211
3,0,3,897,10.74845344136556
3,0,3,898,10.988557338968914
3,0,3,899,11.366168446350098
3,0,3,900,11.294712261199951
3,0,3,901,11.249207865142822
3,0,3,902,11.237575219726562
3,0,3,903,10.868540276845296
3,0,3,904,10.592419174957275
3,0,3,905,10.40180241800944
3,0,3,906,10.33743598022461
3,0,3,907,10.170751650746663
3,0,3,908,9.872944929504394
3,0,3,909,9.706175889587403
3,0,3,910,9.7248721534729
3,0,3,911,9.614327858479818
3,0,3,912,9.698153006998698
3,0,3,913,9.74518804804484
3,0,3,914,9.853159880828857
3,0,3,915,10.007644964345296
3,0,3,916,10.11501456858317
3,0,3,917,10.075733651224771
3,0,3,918,10.193774552663168
3,0,3,919,10.245432613372802
3,0,3,920,10.228045118459066
3,0,3,921,10.322180102030437
3,0,3,922,10.409478299967448
3,0,3,923,10.469085312398274
3,0,3,924,10.58480675760905
3,0,3,925,10.634476676177979
3,0,3,926,10.653258819325766
3,0,3,927,10.649274087778727
3,0,3,928,10.649739722951253
3,0,3,929,10.7469997853597
3,0,3,930,10.783684001159669
3,0,3,931,10.775826745859781
3,0,3,932,10.681905723317465
3,0,3,933,10.744881908671061
3,0,3,934,10.693137123616536
3,0,3,935,10.672715165964762
3,0,3,936,10.594852256266275
3,0,3,937,10.482867629241943
3,0,3,938,10.398990025075276
3,0,3,939,10.34043895594279
3,0,3,940,10.275355577596029
3,0,3,941,10.163186529541015
3,0,3,942,10.301359403737386
3,0,3,943,10.40125851465861
3,0,3,944,10.51380305709839
3,0,3,945,10.489321750386557
3,0,3,946,10.636413586680094
3,0,3,947,10.828745371246338
3,0,3,948,11.11923376490275
3,0,3,949,11.400684000905354
3,0,3,950,11.418389162190755
3,0,3,951,11.456212936147054
3,0,3,952,11.346532072957357
3,0,3,953,11.009803248850504
3,0,3,954,10.668942850748698
3,0,3,955,10.529243886566162
3,0,3,956,10.41606933441162
3,0,3,957,10.308486099751791
3,0,3,958,10.146994627634685
3,0,3,959,10.000839525858561
3,0,3,960,9.974327612813314
3,0,3,961,9.923980861663818
3,0,3,962,9.99543611907959
3,0,3,963,10.053415427652995
3,0,3,964,10.242020213572184
3,0,3,965,10.24244831237793
3,0,3,966,10.331482299296061
3,0,3,967,10.397054044850668
3,0,3,968,10.392709146118165
3,0,3,969,10.403194947052002
3,0,3,970,10.467847398885091
3,0,3,971,10.553452041625977
3,0,3,972,10.591300672149659
3,0,3,973,10.76994535853068
3,0,3,974,10.783161876424154
3,0,3,975,10.84592451324463
3,0,3,976,10.863814962259928
3,0,3,977,10.920202317301433
3,0,3,978,10.887902284240722
3,0,3,979,10.887297236887614
3,0,3,980,10.93006135635376
3,0,3,981,10.93464702911377
3,0,3,982,10.912969818878175
3,0,3,983,10.914081316375732
3,0,3,984,10.82987135365804
3,0,3,985,10.808439601389567
3,0,3,986,10.710422741444905
3,0,3,987,10.647037956237792
3,0,3,988,10.529650966644287
3,0,3,989,10.470338176981608
3,0,3,990,10.37842718480428
3,0,3,991,10.399909598795572
3,0,3,992,10.390305019632976
3,0,3,993,10.566508172861734
3,0,3,994,10.731075202178955
3,0,3,995,10.731043720245362
3,0,3,996,10.720871520487467
3,0,3,997,10.875160892486573
3,0,3,998,11.078847922261556
3,0,3,999,11.335653996022542
3,0,3,1000,11.577241784667969
3,0,3,1001,11.496639430236817
3,0,3,1002,11.402374032847087
3,0,3,1003,11.050826558939615
3,0,3,1004,10.757013649241129
3,0,3,1005,10.618114931233723
3,0,3,1006,10.660753665669759
3,0,3,1007,10.512263644917805
3,0,3,1008,10.421813385518393
3,0,3,1009,10.178383694458008
3,0,3,1010,10.116889297739664
3,0,3,1011,10.14303556696574
3,0,3,1012,10.175183174641926
3,0,3,1013,10.291283658599854
3,0,3,1014,10.482503288269044
3,0,3,1015,10.465213316345215
3,0,3,1016,10.593787427775066
3,0,3,1017,10.589706752522787
3,0,3,1018,10.660851243591308
3,0,3,1019,10.63555838063558
3,0,3,1020,10.66191193262736
3,0,3,1021,10.73075238647461
3,0,3,1022,10.843831898498536
3,0,3,1023,10.956953601328532
3,0,3,1024,10.987381156158447
3,0,3,1025,10.969945996348063
3,0,3,1026,10.992515308888754
3,0,3,1027,10.99161509958903
3,0,3,1028,11.038052897898357
3,0,3,1029,11.015167235056559
3,0,3,1030,10.982921822865803
3,0,3,1031,11.07798440246582
3,0,3,1032,11.04765022354126
3,0,3,1033,11.047804652913412
3,0,3,1034,10.984206497955322
3,0,3,1035,10.928433212534587
3,0,3,1036,10.832651353200276
3,0,3,1037,10.795007075754802
3,0,3,1038,10.706540118662517
3,0,3,1039,10.609585262044272
3,0,3,1040,10.580583584086101
3,0,3,1041,10.419897440338135
3,0,3,1042,10.548591449483236
3,0,3,1043,10.718258997090658
3,0,3,1044,10.918205752817789
3,0,3,1045,10.920808880615235
3,0,3,1046,10.920907260131836
3,0,3,1047,11.016072637176514
3,0,3,1048,11.242903965250651
3,0,3,1049,11.501007435353596
3,0,3,1050,11.730159102376302
3,0,3,1051,11.612270821889242
3,0,3,1052,11.453465418752035
3,0,3,1053,11.13658736368815
3,0,3,1054,10.948401173909506
3,0,3,1055,10.822381388346354
3,0,3,1056,10.782462654368082
3,0,3,1057,10.70461669362386
3,0,3,1058,10.617706802622477
3,0,3,1059,10.526510685729981
3,0,3,1060,10.411967143503825
3,0,3,1061,10.463069840749105
3,0,3,1062,10.47587033106486
3,0,3,1063,10.494295907847087
3,0,3,1064,10.631543541208902
3,0,3,1065,10.675495936584472
3,0,3,1066,10.726870910644532
3,0,3,1067,10.659018367258708
3,0,3,1068,10.74749224243164
3,0,3,1069,10.744361209615072
3,0,3,1070,10.785658227793375
3,0,3,1071,10.891416777547201
3,0,3,1072,10.915935878753663
3,0,3,1073,10.995925050354003
3,0,3,1074,11.049312843322754
3,0,3,1075,11.128199295043945
3,0,3,1076,11.08698939743042
3,0,3,1077,11.140848608398437
3,0,3,1078,11.16606131515503
3,0,3,1079,11.17988386662801
3,0,3,1080,11.184486521402995
3,0,3,1081,11.186235990905761
3,0,3,1082,11.202625402323404
3,0,3,1083,11.22298930053711
3,0,3,1084,11.083651644388835
3,0,3,1085,11.06165699412028
3,0,3,1086,10.961503279876709
3,0,3,1087,10.870262326304118
3,0,3,1088,10.775486041259766
3,0,3,1089,10.727244293212891
3,0,3,1090,10.764965295918783
3,0,3,1091,10.626524471028645
3,0,3,1092,10.806289180246988
3,0,3,1093,10.924417889149984
3,0,3,1094,11.139264359283446
3,0,3,1095,11.13227166849772
3,0,3,1096,11.15573134435018
3,0,3,1097,11.189443920898437
3,0,3,1098,11.357402165476481
3,0,3,1099,11.480786873626709
3,0,3,1100,11.773039151000976
3,0,3,1101,11.701617865753175
3,0,3,1102,11.488564155578613
3,0,3,1103,11.349695797729492
3,0,3,1104,11.220575304412842
3,0,3,1105,11.14678330637614
3,0,3,1106,11.068908495076498
3,0,3,1107,11.113967653656006
3,0,3,1108,11.10873458150228
3,0,3,1109,11.117084508005778
3,0,3,1110,11.154879954783121
3,0,3,1111,11.165680600738526
3,0,3,1112,11.1355247118632
3,0,3,1113,11.02904920018514
3,0,3,1114,10.970676140340169
3,0,3,1115,10.917922155507405
3,0,3,1116,11.052071665700277
3,0,3,1117,11.041457263183593
3,0,3,1118,11.10731444829305
3,0,3,1119,11.176711935933431
3,0,3,1120,11.182180330149333
3,0,3,1121,11.274023571777343
3,0,3,1122,11.2821797609965
3,0,3,1123,11.226700879923502
3,0,3,1124,11.225905567677815
3,0,3,1125,11.21711710840861
3,0,3,1126,11.238907405090332
3,0,3,1127,11.27697725168864
3,0,3,1128,11.40366920191447
3,0,3,1129,11.40735539042155
3,0,3,1130,11.420937921396892
3,0,3,1131,11.432352787017821
3,0,3,1132,11.45272461827596
3,0,3,1133,11.41285849609375
3,0,3,1134,11.432758750915527
3,0,3,1135,11.341989894358317
3,0,3,1136,11.246255041249594
3,0,3,1137,11.27476805674235
3,0,3,1138,11.21154794514974
3,0,3,1139,11.300013168843588
3,0,3,1140,11.235180182139079
3,0,3,1141,11.296711731211344
3,0,3,1142,11.36883594080607
3,0,3,1143,11.413738053894043
3,0,3,1144,11.479998628489177
3,0,3,1145,11.536120106252035
3,0,3,1146,11.582980325063069
3,0,3,1147,11.620970979563396
3,0,3,1148,11.617455853780111
3,0,3,1149,11.678985723368326
3,0,3,1150,11.778017551422119
3,0,3,1151,11.74571746114095
3,0,3,1152,11.670634899902344
3,0,3,1153,11.574978841400146
3,0,3,1154,11.554686170959473
3,0,3,1155,11.448039818318685
3,0,3,1156,11.374703540293376
3,0,3,1157,11.31712405980428
3,0,3,1158,11.36034904607137
3,0,3,1159,11.364868270874023
3,0,3,1160,11.379425220489502
3,0,3,1161,11.378545847320556
3,0,3,1162,11.37228053970337
3,0,3,1163,11.328387654368083
3,0,3,1164,11.36704686203003
3,0,3,1165,11.342988034820557
3,0,3,1166,11.42454792658488
3,0,3,1167,11.449824601999918
3,0,3,1168,11.5066290473938
3,0,3,1169,11.60302478459676
3,0,3,1170,11.643181204477946
3,0,3,1171,11.619581395975748
3,0,3,1172,11.526651903279623
3,0,3,1173,11.328735226186117
3,0,3,1174,11.101609805552165
3,0,3,1175,11.01431092529297
3,0,3,1176,10.91050029144287
3,0,3,1177,10.999627089691161
3,0,3,1178,10.999336680603028
3,0,3,1179,11.125538746643066
3,0,3,1180,11.3873800394694
3,0,3,1181,11.53601014022827
3,0,3,1182,11.608387578837077
3,0,3,1183,11.702007923634847
3,0,3,1184,11.613518452453613
3,0,3,1185,11.507265762329101
3,0,3,1186,11.477773951721192
3,0,3,1187,11.353895309448243
3,0,3,1188,11.36399350713094
3,0,3,1189,11.341546738942464
3,0,3,1190,11.391342370605468
3,0,3,1191,11.46370037206014
3,0,3,1192,11.49948606821696
3,0,3,1193,11.536291474660237
3,0,3,1194,11.602452011362711
3,0,3,1195,11.673766702779135
3,0,3,1196,11.760236926015217
3,0,3,1197,11.824682117462158
3,0,3,1198,11.844139713287353
3,0,3,1199,11.918797868347168
3,0,3,1200,11.556775886281331
3,0,3,1201,11.577677452850342
3,0,3,1202,11.588392117055257
3,0,3,1203,11.612718928019206
3,0,3,1204,11.57816011276245
3,0,3,1205,11.624447658284506
3,0,3,1206,11.657925454457601
3,0,3,1207,11.640509724171956
3,0,3,1208,11.687172668965658
3,0,3,1209,11.632636306762695
3,0,3,1210,11.615089161173502
3,0,3,1211,11.63270428390503
3,0,3,1212,11.617873383331299
3,0,3,1213,11.668653186035156
3,0,3,1214,11.562752633158366
3,0,3,1215,11.479092176055909
3,0,3,1216,11.384074988301595
3,0,3,1217,11.311037498474121
3,0,3,1218,11.272157964070638
3,0,3,1219,11.170641475931804
3,0,3,1220,11.065387777455648
3,0,3,1221,11.008887257639566
3,0,3,1222,10.946064577229818
3,0,3,1223,10.8975898244222
3,0,3,1224,10.78317675298055
3,0,3,1225,10.818453768666584
3,0,3,1226,10.880033576456706
3,0,3,1227,11.038062056732178
3,0,3,1228,11.000407640075684
3,0,3,1229,11.130782761128744
3,0,3,1230,11.216842477416993
3,0,3,1231,11.22698020807902
3,0,3,1232,11.37609792175293
3,0,3,1233,11.510238443501791
3,0,3,1234,11.584433223215738
3,0,3,1235,11.627058493296305
3,0,3,1236,11.633433413441976
3,0,3,1237,11.6234674756368
3,0,3,1238,11.700208084360758
3,0,3,1239,11.68842453842163
3,0,3,1240,11.651455815633138
3,0,3,1241,11.6920953666687
3,0,3,1242,11.673212017059326
3,0,3,1243,11.718233894856771
3,0,3,1244,11.740557955932617
3,0,3,1245,11.755639567311604
3,0,3,1246,11.743988233693441
3,0,3,1247,11.77232531967163
3,0,3,1248,11.73202963409424
3,0,3,1249,11.767066400400797
3,0,4,0,8.672892734273274
3,0,4,1,8.596254721959433
3,0,4,2,8.630783090718587
3,0,4,3,8.636812670516967
3,0,4,4,8.56726229654948
3,0,4,5,8.579585108439128
3,0,4,6,8.537879113388062
3,0,4,7,8.525800889078775
3,0,4,8,8.499830762227376
3,0,4,9,8.4827246896108
3,0,4,10,8.482432644780477
3,0,4,11,8.471754565175374
3,0,4,12,8.446039570617677
3,0,4,13,8.451242396036784
3,0,4,14,8.438977854029337
3,0,4,15,8.438023131306966
3,0,4,16,8.457349608739218
3,0,4,17,8.478117569351197
3,0,4,18,8.501505064773559
3,0,4,19,8.47737851486206
3,0,4,20,8.486320546468098
3,0,4,21,8.51112467587789
3,0,4,22,8.553963756306967
3,0,4,23,8.548746289571126
3,0,4,24,8.552206328201294
3,0,4,25,8.603534209950764
3,0,4,26,8.595397643025716
3,0,4,27,8.627403959401448
3,0,4,28,8.686377244440715
3,0,4,29,8.650535677083333
3,0,4,30,8.685810788726807
3,0,4,31,8.692484658050537
3,0,4,32,8.791956991577148
3,0,4,33,8.765299749374389
3,0,4,34,8.764658972676594
3,0,4,35,8.790724081166585
3,0,4,36,8.794520007451375
3,0,4,37,8.844955420684814
3,0,4,38,8.85890750617981
3,0,4,39,8.884082207743328
3,0,4,40,8.922906381988525
3,0,4,41,8.933787251790365
3,0,4,42,8.932491875076295
3,0,4,43,8.96210330212911
3,0,4,44,8.936664454650879
3,0,4,45,8.980718917338054
3,0,4,46,8.957755495198567
3,0,4,47,8.934290725199382
3,0,4,48,8.933150405629476
3,0,4,49,8.903157428105672
3,0,4,50,8.78529260228475
3,0,4,51,8.711991069920858
3,0,4,52,8.6264680393219
3,0,4,53,8.563737353261311
3,0,4,54,8.522059551366171
3,0,4,55,8.501704324467976
3,0,4,56,8.469900137074788
3,0,4,57,8.433250478490194
3,0,4,58,8.34683689104716
3,0,4,59,8.31544117342631
3,0,4,60,8.280301331710815
3,0,4,61,8.24594853960673
3,0,4,62,8.170669918441773
3,0,4,63,8.220262063090006
3,0,4,64,8.166998727798461
3,0,4,65,8.137251986821493
3,0,4,66,8.183482735061645
3,0,4,67,8.166278975168863
3,0,4,68,8.25265096092224
3,0,4,69,8.28925997136434
3,0,4,70,8.325638656870524
3,0,4,71,8.388914223098755
3,0,4,72,8.384211534500123
3,0,4,73,8.476202318445841
3,0,4,74,8.513083677037557
3,0,4,75,8.64340852762858
3,0,4,76,8.711938685989379
3,0,4,77,8.834635702768962
3,0,4,78,8.838297787221272
3,0,4,79,8.925249618784587
3,0,4,80,9.007738205973308
3,0,4,81,9.096418644714355
3,0,4,82,9.122032266489665
3,0,4,83,9.200888929875692
3,0,4,84,9.227726100667319
3,0,4,85,9.225940840403238
3,0,4,86,9.218169273122152
3,0,4,87,9.255978957621256
3,0,4,88,9.309850607554118
3,0,4,89,9.353621597544352
3,0,4,90,9.42442157567342
3,0,4,91,9.421138067245483
3,0,4,92,9.508851271311443
3,0,4,93,9.506520819600423
3,0,4,94,9.48404663619995
3,0,4,95,9.459166851679484
3,0,4,96,9.489653130086262
3,0,4,97,9.479217543792725
3,0,4,98,9.436288012949626
3,0,4,99,9.45996373799642
3,0,4,100,9.01060261001587
3,0,4,101,8.940714055633546
3,0,4,102,8.799011065038044
3,0,4,103,8.726822029368083
3,0,4,104,8.648962752914429
3,0,4,105,8.496369891866047
3,0,4,106,8.403885989507039
3,0,4,107,8.365199635823569
3,0,4,108,8.267222921498616
3,0,4,109,8.21933467725118
3,0,4,110,8.136090221405029
3,0,4,111,8.097274364725749
3,0,4,112,8.059163516743977
3,0,4,113,8.010903262964884
3,0,4,114,8.023374675750732
3,0,4,115,8.034382361984253
3,0,4,116,8.024066349538167
3,0,4,117,8.055520453262329
3,0,4,118,8.063647455215454
3,0,4,119,8.11435414466858
3,0,4,120,8.179286404800415
3,0,4,121,8.195616356150309
3,0,4,122,8.377838205846151
3,0,4,123,8.369625282287597
3,0,4,124,8.519341063308715
3,0,4,125,8.663417082341512
3,0,4,126,8.764504525756836
3,0,4,127,8.855094878641765
3,0,4,128,8.998595078659058
3,0,4,129,9.095740561676026
3,0,4,130,9.171535105895996
3,0,4,131,9.272592826843262
3,0,4,132,9.359005603027343
3,0,4,133,9.33782721417745
3,0,4,134,9.4379857808431
3,0,4,135,9.500373077901205
3,0,4,136,9.530013476308186
3,0,4,137,9.551829972585042
3,0,4,138,9.546686983235677
3,0,4,139,9.597085128529866
3,0,4,140,9.582189882405599
3,0,4,141,9.68900699119568
3,0,4,142,9.821628110249836
3,0,4,143,9.836882524236044
3,0,4,144,9.816570051574708
3,0,4,145,9.851240495936075
3,0,4,146,9.789858717600504
3,0,4,147,9.772622811635335
3,0,4,148,9.73268578262329
3,0,4,149,9.790064330291749
3,0,4,150,9.283355444590251
3,0,4,151,9.088184166208903
3,0,4,152,8.980623240025839
3,0,4,153,8.871108362579346
3,0,4,154,8.770488100433349
3,0,4,155,8.574852865346273
3,0,4,156,8.509226452891031
3,0,4,157,8.408884420394898
3,0,4,158,8.310007701365153
3,0,4,159,8.194666853078207
3,0,4,160,8.086251784515381
3,0,4,161,8.048640970993041
3,0,4,162,7.983386206563313
3,0,4,163,7.972049911371867
3,0,4,164,7.91666060295105
3,0,4,165,7.920616489919027
3,0,4,166,7.878369711558024
3,0,4,167,7.938859137852987
3,0,4,168,7.950340598169962
3,0,4,169,8.020370796585084
3,0,4,170,8.064850961812338
3,0,4,171,8.126258000310262
3,0,4,172,8.214842460250855
3,0,4,173,8.322292933019002
3,0,4,174,8.427149280675252
3,0,4,175,8.592677658335369
3,0,4,176,8.745226977539062
3,0,4,177,8.914443456776937
3,0,4,178,9.03311544342041
3,0,4,179,9.168141657511393
3,0,4,180,9.37044521039327
3,0,4,181,9.508863745117187
3,0,4,182,9.616714318084718
3,0,4,183,9.742969522094727
3,0,4,184,9.832454564158121
3,0,4,185,9.927311617787678
3,0,4,186,9.9599904741923
3,0,4,187,9.95159186706543
3,0,4,188,9.98059937693278
3,0,4,189,9.949955577341715
3,0,4,190,9.954317836507162
3,0,4,191,10.043035585021972
3,0,4,192,10.160018179066975
3,0,4,193,10.181542548370361
3,0,4,194,10.20423012008667
3,0,4,195,10.168776836140951
3,0,4,196,10.127478581492106
3,0,4,197,10.068652756500244
3,0,4,198,10.092553461710612
3,0,4,199,10.053610729980468
3,0,4,200,9.36392528851827
3,0,4,201,9.189785630289714
3,0,4,202,9.031133721796671
3,0,4,203,8.873866455586752
3,0,4,204,8.712202737426757
3,0,4,205,8.568243395614624
3,0,4,206,8.463087321599325
3,0,4,207,8.40522295735677
3,0,4,208,8.295653017425536
3,0,4,209,8.191383186340332
3,0,4,210,8.035719765599568
3,0,4,211,7.997918444315593
3,0,4,212,7.907978526147207
3,0,4,213,7.840329851214091
3,0,4,214,7.830966475359599
3,0,4,215,7.818223458862304
3,0,4,216,7.874295504506429
3,0,4,217,7.870067426808675
3,0,4,218,7.912765295155843
3,0,4,219,7.972897676213583
3,0,4,220,8.039984112803142
3,0,4,221,8.124789109802245
3,0,4,222,8.323824001312255
3,0,4,223,8.289820731099447
3,0,4,224,8.459943075942993
3,0,4,225,8.561368529256185
3,0,4,226,8.748579581451416
3,0,4,227,8.885725162124634
3,0,4,228,8.969603163146973
3,0,4,229,9.171655675760904
3,0,4,230,9.272481511688232
3,0,4,231,9.456485176340738
3,0,4,232,9.613289427439371
3,0,4,233,9.724151732635498
3,0,4,234,9.821181810251872
3,0,4,235,9.877574676259359
3,0,4,236,9.994056874338785
3,0,4,237,10.05295235265096
3,0,4,238,10.061339329274496
3,0,4,239,10.087202762349447
3,0,4,240,10.069217977650961
3,0,4,241,10.108865578715006
3,0,4,242,10.219212610371908
3,0,4,243,10.257324992116292
3,0,4,244,10.239562319437663
3,0,4,245,10.223292405700684
3,0,4,246,10.163265278371176
3,0,4,247,10.169004872894288
3,0,4,248,10.135687855275473
3,0,4,249,10.143390793863933
3,0,4,250,9.429229424540202
3,0,4,251,9.286694092051189
3,0,4,252,8.981980994415283
3,0,4,253,8.73130944964091
3,0,4,254,8.593352110671997
3,0,4,255,8.460955369695027
3,0,4,256,8.368966569137573
3,0,4,257,8.290468765385945
3,0,4,258,8.215445494969686
3,0,4,259,8.08401072845459
3,0,4,260,7.936061275609334
3,0,4,261,7.860423556137085
3,0,4,262,7.790506219228109
3,0,4,263,7.814784972699483
3,0,4,264,7.8115797589619955
3,0,4,265,7.751839630508423
3,0,4,266,7.8057167470296225
3,0,4,267,7.8306396068573
3,0,4,268,7.885108849080404
3,0,4,269,7.9487836572011314
3,0,4,270,7.977967730712891
3,0,4,271,8.054198885854085
3,0,4,272,8.199275153223674
3,0,4,273,8.30950547472636
3,0,4,274,8.417190037409464
3,0,4,275,8.49329616355896
3,0,4,276,8.657201605478923
3,0,4,277,8.810308071136475
3,0,4,278,8.937125616200765
3,0,4,279,9.094508483123779
3,0,4,280,9.184412108866374
3,0,4,281,9.387379927571615
3,0,4,282,9.569014520517985
3,0,4,283,9.679017799123129
3,0,4,284,9.796113911437988
3,0,4,285,9.873010861968995
3,0,4,286,9.940535026550293
3,0,4,287,10.02287673110962
3,0,4,288,10.072301423645019
3,0,4,289,10.0758705271403
3,0,4,290,10.053590098317464
3,0,4,291,10.14302520573934
3,0,4,292,10.273379035441081
3,0,4,293,10.294682834116617
3,0,4,294,10.32934300104777
3,0,4,295,10.269760451761881
3,0,4,296,10.136918263753255
3,0,4,297,10.095639227294923
3,0,4,298,10.029335532633464
3,0,4,299,10.015178264872233
3,0,4,300,9.672254276275634
3,0,4,301,9.50189216562907
3,0,4,302,9.228383525848388
3,0,4,303,8.960162074279785
3,0,4,304,8.74078876622518
3,0,4,305,8.623271699523926
3,0,4,306,8.517263271586101
3,0,4,307,8.398623741404215
3,0,4,308,8.296124543253582
3,0,4,309,8.130664091237387
3,0,4,310,8.001576543680827
3,0,4,311,7.921680607477824
3,0,4,312,7.855402337900798
3,0,4,313,7.835554751968384
3,0,4,314,7.809830750274658
3,0,4,315,7.862605629221599
3,0,4,316,7.86865205039978
3,0,4,317,7.86127997932434
3,0,4,318,7.943442291132609
3,0,4,319,7.927911166636149
3,0,4,320,8.007469192377727
3,0,4,321,8.10204192047119
3,0,4,322,8.168321326828003
3,0,4,323,8.257620359547934
3,0,4,324,8.413333015823364
3,0,4,325,8.540387521743774
3,0,4,326,8.680718814977011
3,0,4,327,8.834981797536214
3,0,4,328,8.986064014816284
3,0,4,329,9.147657564926147
3,0,4,330,9.315809485371908
3,0,4,331,9.426220101292929
3,0,4,332,9.598276902135213
3,0,4,333,9.68334484202067
3,0,4,334,9.78093519185384
3,0,4,335,9.899225679779052
3,0,4,336,9.983194752756754
3,0,4,337,10.096286405690512
3,0,4,338,10.112066473134359
3,0,4,339,10.057655203501383
3,0,4,340,10.120775017293294
3,0,4,341,10.180413243611653
3,0,4,342,10.321141991933187
3,0,4,343,10.358095565795898
3,0,4,344,10.293418115997314
3,0,4,345,10.169762337493896
3,0,4,346,10.082858445485433
3,0,4,347,10.083298754882813
3,0,4,348,10.038933892822266
3,0,4,349,10.073012902832032
3,0,4,350,9.989016684977214
3,0,4,351,9.769438453674317
3,0,4,352,9.393626143773396
3,0,4,353,9.07704780222575
3,0,4,354,8.84493647994995
3,0,4,355,8.763711357625326
3,0,4,356,8.787621457163493
3,0,4,357,8.634925121561686
3,0,4,358,8.451477131652831
3,0,4,359,8.334145041656495
3,0,4,360,8.180226280466716
3,0,4,361,8.056943052546183
3,0,4,362,7.9397695364634195
3,0,4,363,7.899312149810791
3,0,4,364,7.8494103739420575
3,0,4,365,7.837900706354777
3,0,4,366,7.876993651707967
3,0,4,367,7.883444729995728
3,0,4,368,8.011907605997722
3,0,4,369,8.035675013097126
3,0,4,370,8.10001169166565
3,0,4,371,8.13778484840393
3,0,4,372,8.208299375279745
3,0,4,373,8.308225881958007
3,0,4,374,8.434484396616618
3,0,4,375,8.561897098286947
3,0,4,376,8.693289201990764
3,0,4,377,8.778258356984457
3,0,4,378,8.975798435846965
3,0,4,379,9.057465815226237
3,0,4,380,9.223439611562092
3,0,4,381,9.259799201965333
3,0,4,382,9.446413402048746
3,0,4,383,9.609509926605224
3,0,4,384,9.751774029286702
3,0,4,385,9.825827578989665
3,0,4,386,9.934266643269856
3,0,4,387,10.059572863515218
3,0,4,388,10.072912115478516
3,0,4,389,10.07645448404948
3,0,4,390,10.07708645401001
3,0,4,391,10.153671309916179
3,0,4,392,10.266757143656413
3,0,4,393,10.19429296023051
3,0,4,394,10.30367072092692
3,0,4,395,10.11570386390686
3,0,4,396,10.018495356750488
3,0,4,397,9.961011056264242
3,0,4,398,9.977545081837972
3,0,4,399,10.150121753692627
3,0,4,400,10.100725945281983
3,0,4,401,9.95114621810913
3,0,4,402,9.538010211690267
3,0,4,403,9.292935003153483
3,0,4,404,9.087841343434652
3,0,4,405,8.977238150151571
3,0,4,406,8.955862382507323
3,0,4,407,8.856201354599
3,0,4,408,8.683263590494791
3,0,4,409,8.465186406962077
3,0,4,410,8.35636794459025
3,0,4,411,8.227780966822307
3,0,4,412,8.13321783879598
3,0,4,413,8.061443912124634
3,0,4,414,7.967533214950562
3,0,4,415,7.971392863845825
3,0,4,416,7.971471696599324
3,0,4,417,7.984612633832295
3,0,4,418,8.017485033162435
3,0,4,419,8.059942716598512
3,0,4,420,8.085874522527059
3,0,4,421,8.17833944753011
3,0,4,422,8.191345180765788
3,0,4,423,8.31997724609375
3,0,4,424,8.390794914881388
3,0,4,425,8.565366723251342
3,0,4,426,8.647129017893473
3,0,4,427,8.754103145090738
3,0,4,428,8.80575273920695
3,0,4,429,8.950524296824137
3,0,4,430,9.070404943720499
3,0,4,431,9.305782737731933
3,0,4,432,9.402785139465331
3,0,4,433,9.587992300160726
3,0,4,434,9.771602542877197
3,0,4,435,9.884315888977051
3,0,4,436,9.973845251083373
3,0,4,437,10.072197553253174
3,0,4,438,10.139468983205159
3,0,4,439,10.067578320058187
3,0,4,440,10.147526388041179
3,0,4,441,10.21179606704712
3,0,4,442,10.258105396525066
3,0,4,443,10.27632709833781
3,0,4,444,10.20556489054362
3,0,4,445,10.05383806813558
3,0,4,446,9.947058196767172
3,0,4,447,9.957966605885824
3,0,4,448,10.05542397257487
3,0,4,449,10.258163749949137
3,0,4,450,10.378047987365722
3,0,4,451,10.179396796671549
3,0,4,452,9.64872793045044
3,0,4,453,9.292812832005819
3,0,4,454,9.197243244552613
3,0,4,455,9.194935942077636
3,0,4,456,9.061993644714356
3,0,4,457,8.996598627471924
3,0,4,458,8.771033037694295
3,0,4,459,8.666528560002645
3,0,4,460,8.48715868581136
3,0,4,461,8.438618276723226
3,0,4,462,8.317613528315226
3,0,4,463,8.283402454503378
3,0,4,464,8.185287244606018
3,0,4,465,8.186622418657938
3,0,4,466,8.160854476674398
3,0,4,467,8.159846048609415
3,0,4,468,8.211805802281697
3,0,4,469,8.294010437138875
3,0,4,470,8.302672848383585
3,0,4,471,8.390723677825928
3,0,4,472,8.465677462514241
3,0,4,473,8.534755151812236
3,0,4,474,8.6625921681722
3,0,4,475,8.789991874694824
3,0,4,476,8.918908480326335
3,0,4,477,8.954247144063315
3,0,4,478,8.975161998494466
3,0,4,479,9.155512589263916
3,0,4,480,9.26853704961141
3,0,4,481,9.361703142166137
3,0,4,482,9.45847774887085
3,0,4,483,9.570663242212932
3,0,4,484,9.725517492421469
3,0,4,485,9.771131662750244
3,0,4,486,9.915075154113769
3,0,4,487,9.966207660166422
3,0,4,488,10.089076777903239
3,0,4,489,10.099662848154704
3,0,4,490,10.124788655853271
3,0,4,491,10.10099854482015
3,0,4,492,10.164137369028728
3,0,4,493,10.261682564036052
3,0,4,494,10.205283613586426
3,0,4,495,9.982027065022786
3,0,4,496,9.912465255737304
3,0,4,497,9.927960507965087
3,0,4,498,10.094845818328858
3,0,4,499,10.35134137649536
3,0,4,500,10.539935571289062
3,0,4,501,10.328085930887857
3,0,4,502,9.80528276240031
3,0,4,503,9.45984079055786
3,0,4,504,9.340205741119386
3,0,4,505,9.293879136657715
3,0,4,506,9.157823976008098
3,0,4,507,9.025934452311198
3,0,4,508,8.952900607172648
3,0,4,509,8.7799337668101
3,0,4,510,8.636557430394491
3,0,4,511,8.565714805094402
3,0,4,512,8.473290451304118
3,0,4,513,8.458806505203247
3,0,4,514,8.431867969385783
3,0,4,515,8.398011164220174
3,0,4,516,8.394706202952067
3,0,4,517,8.41639561513265
3,0,4,518,8.441247501118978
3,0,4,519,8.482270588684083
3,0,4,520,8.523235319137573
3,0,4,521,8.58425857035319
3,0,4,522,8.674361024475097
3,0,4,523,8.79601844177246
3,0,4,524,8.860626145807903
3,0,4,525,8.912846881484985
3,0,4,526,8.958700685882569
3,0,4,527,9.076042119344075
3,0,4,528,9.138724941253662
3,0,4,529,9.246465064239501
3,0,4,530,9.306984042739868
3,0,4,531,9.374605609893798
3,0,4,532,9.507546909586589
3,0,4,533,9.599895776875814
3,0,4,534,9.740687537638346
3,0,4,535,9.874175883483886
3,0,4,536,9.850637197621664
3,0,4,537,9.9454775197347
3,0,4,538,9.971350528462727
3,0,4,539,10.009647318267822
3,0,4,540,9.961633431752523
3,0,4,541,10.00593182703654
3,0,4,542,10.045318402862549
3,0,4,543,10.037744156138102
3,0,4,544,9.996470078023275
3,0,4,545,9.84172020441691
3,0,4,546,9.812203710683187
3,0,4,547,9.943636291758219
3,0,4,548,10.263412552388509
3,0,4,549,10.558702016957602
3,0,4,550,10.654913770802816
3,0,4,551,10.40628399073283
3,0,4,552,10.000775909932454
3,0,4,553,9.646129205322266
3,0,4,554,9.628574654897054
3,0,4,555,9.582813476308187
3,0,4,556,9.395670490264893
3,0,4,557,9.230796063741048
3,0,4,558,9.062555334472655
3,0,4,559,8.841877456410726
3,0,4,560,8.769815945688883
3,0,4,561,8.806910050964355
3,0,4,562,8.73301832593282
3,0,4,563,8.663083582051595
3,0,4,564,8.633959718958536
3,0,4,565,8.4456738155365
3,0,4,566,8.52761623433431
3,0,4,567,8.464023579152425
3,0,4,568,8.512955012639363
3,0,4,569,8.53273784383138
3,0,4,570,8.602112455240885
3,0,4,571,8.671900188700358
3,0,4,572,8.72326288948059
3,0,4,573,8.81768856010437
3,0,4,574,8.89215378888448
3,0,4,575,9.05121259651184
3,0,4,576,9.083743043518066
3,0,4,577,9.174560734812419
3,0,4,578,9.238013872146606
3,0,4,579,9.294065136464436
3,0,4,580,9.400277276611329
3,0,4,581,9.498508403523763
3,0,4,582,9.585279544830323
3,0,4,583,9.661631332651774
3,0,4,584,9.824911485799154
3,0,4,585,9.862576994832358
3,0,4,586,9.946344804636638
3,0,4,587,10.065856900278726
3,0,4,588,9.983865661112468
3,0,4,589,10.063261870574951
3,0,4,590,9.96737133026123
3,0,4,591,9.958486980438233
3,0,4,592,10.005710728708904
3,0,4,593,10.031314944966635
3,0,4,594,9.875571897379558
3,0,4,595,9.79978964284261
3,0,4,596,9.854245399983723
3,0,4,597,10.050039037831624
3,0,4,598,10.496334512329101
3,0,4,599,10.84003117090861
3,0,4,600,10.734833480326335
3,0,4,601,10.385190757369996
3,0,4,602,10.196949672953288
3,0,4,603,9.860956320444743
3,0,4,604,9.835007913970948
3,0,4,605,9.78464235458374
3,0,4,606,9.66048347269694
3,0,4,607,9.426607213846843
3,0,4,608,9.176902920532227
3,0,4,609,9.050682426961263
3,0,4,610,8.926715968577067
3,0,4,611,8.909614523061116
3,0,4,612,8.994617753473918
3,0,4,613,9.005458865865071
3,0,4,614,8.999547205352783
3,0,4,615,8.940247322336832
3,0,4,616,8.866051974232992
3,0,4,617,8.83129398244222
3,0,4,618,8.837992088190715
3,0,4,619,8.824005883661906
3,0,4,620,8.867130770111084
3,0,4,621,8.92317301457723
3,0,4,622,8.981311616516113
3,0,4,623,9.137700004323323
3,0,4,624,9.13965949268341
3,0,4,625,9.305131090037028
3,0,4,626,9.398803740183512
3,0,4,627,9.462079196166993
3,0,4,628,9.588510545094808
3,0,4,629,9.651439604187011
3,0,4,630,9.668606416575114
3,0,4,631,9.72132861735026
3,0,4,632,9.71360726445516
3,0,4,633,9.80648485692342
3,0,4,634,9.938245253753662
3,0,4,635,9.855078430175782
3,0,4,636,9.995773551940918
3,0,4,637,10.040244903564453
3,0,4,638,10.091491731007894
3,0,4,639,10.027638210550943
3,0,4,640,10.02323610458374
3,0,4,641,9.97384016825358
3,0,4,642,9.971635442352294
3,0,4,643,10.002711554718017
3,0,4,644,9.93396249669393
3,0,4,645,9.875738581848145
3,0,4,646,9.86870933303833
3,0,4,647,10.194370395914714
3,0,4,648,10.541542877960206
3,0,4,649,10.942037507629394
3,0,4,650,10.858152859242757
3,0,4,651,10.356549687449137
3,0,4,652,10.297138074493407
3,0,4,653,10.03678465092977
3,0,4,654,9.970922488657633
3,0,4,655,9.943260312652589
3,0,4,656,9.770624750010173
3,0,4,657,9.559500624847413
3,0,4,658,9.319376298522949
3,0,4,659,9.130451030604045
3,0,4,660,9.000501583607992
3,0,4,661,9.01178535715739
3,0,4,662,9.045353885396322
3,0,4,663,9.098324577204387
3,0,4,664,9.166440461730957
3,0,4,665,9.204063061269125
3,0,4,666,9.194607072575886
3,0,4,667,9.114226637013754
3,0,4,668,9.138699305216472
3,0,4,669,9.07606203511556
3,0,4,670,9.141639273834228
3,0,4,671,9.135593699645996
3,0,4,672,9.191327133687338
3,0,4,673,9.274140527598064
3,0,4,674,9.315713407135009
3,0,4,675,9.46985318069458
3,0,4,676,9.522866042073568
3,0,4,677,9.549101905314128
3,0,4,678,9.59492039159139
3,0,4,679,9.722719599405924
3,0,4,680,9.824594937388103
3,0,4,681,9.866378497950237
3,0,4,682,9.902458153915406
3,0,4,683,9.969019425455729
3,0,4,684,10.037464579264324
3,0,4,685,10.094316548665365
3,0,4,686,10.11490038248698
3,0,4,687,10.141734958648682
3,0,4,688,10.12088621673584
3,0,4,689,10.087236163584391
3,0,4,690,9.987301866912842
3,0,4,691,10.028731292470296
3,0,4,692,10.082336294809977
3,0,4,693,10.095745415242513
3,0,4,694,9.916015106709798
3,0,4,695,9.915292487843832
3,0,4,696,10.079513363138835
3,0,4,697,10.38378101679484
3,0,4,698,10.763348135884604
3,0,4,699,11.13719280802409
3,0,4,700,11.015397413126628
3,0,4,701,10.450145993041993
3,0,4,702,10.370432539876303
3,0,4,703,10.167697114054363
3,0,4,704,10.144696761830648
3,0,4,705,9.9501840868632
3,0,4,706,9.770437615966797
3,0,4,707,9.5299377146403
3,0,4,708,9.247858375295003
3,0,4,709,9.107892295074462
3,0,4,710,9.159294647725423
3,0,4,711,9.124155530802408
3,0,4,712,9.116948452250163
3,0,4,713,9.287141463216146
3,0,4,714,9.302807702891032
3,0,4,715,9.369446710713705
3,0,4,716,9.358432323964436
3,0,4,717,9.302313238779703
3,0,4,718,9.294789781188966
3,0,4,719,9.287001590092977
3,0,4,720,9.310471869659423
3,0,4,721,9.369416464487712
3,0,4,722,9.49931131439209
3,0,4,723,9.501138953145345
3,0,4,724,9.631447802480062
3,0,4,725,9.728773587799072
3,0,4,726,9.774516309865316
3,0,4,727,9.952182249704997
3,0,4,728,9.881840187072754
3,0,4,729,9.925415396118163
3,0,4,730,9.97982480545044
3,0,4,731,10.055494732666016
3,0,4,732,10.052096863555908
3,0,4,733,10.079168273671469
3,0,4,734,10.087389608510335
3,0,4,735,10.154565965016683
3,0,4,736,10.183586490122478
3,0,4,737,10.18630803273519
3,0,4,738,10.164733553822835
3,0,4,739,10.166973086547852
3,0,4,740,10.120659638722737
3,0,4,741,10.086612683105468
3,0,4,742,10.073592082722982
3,0,4,743,10.053631416829427
3,0,4,744,10.012497069295247
3,0,4,745,9.996946524556478
3,0,4,746,10.096777806345623
3,0,4,747,10.41231902923584
3,0,4,748,10.791772244262695
3,0,4,749,11.256935046132405
3,0,4,750,10.933963981374104
3,0,4,751,10.644088083140055
3,0,4,752,10.414364956156414
3,0,4,753,10.229674500783284
3,0,4,754,10.080265401204427
3,0,4,755,9.988685615793864
3,0,4,756,9.729028114827473
3,0,4,757,9.431777378590901
3,0,4,758,9.144949471537272
3,0,4,759,9.04104518254598
3,0,4,760,9.053177109909058
3,0,4,761,9.034534172058105
3,0,4,762,9.105755499776205
3,0,4,763,9.264007046254475
3,0,4,764,9.372785812886557
3,0,4,765,9.473514820861816
3,0,4,766,9.57429248936971
3,0,4,767,9.53044041226705
3,0,4,768,9.519581905619303
3,0,4,769,9.486785807291668
3,0,4,770,9.56101017405192
3,0,4,771,9.611721985117594
3,0,4,772,9.584271090443929
3,0,4,773,9.77652574818929
3,0,4,774,9.84249377187093
3,0,4,775,9.854874258168538
3,0,4,776,9.969054141743978
3,0,4,777,10.018272633870442
3,0,4,778,10.11560335413615
3,0,4,779,10.133101255544027
3,0,4,780,10.174657755788168
3,0,4,781,10.316718224334716
3,0,4,782,10.190231701914469
3,0,4,783,10.155154429626466
3,0,4,784,10.159257481129965
3,0,4,785,10.153106093597412
3,0,4,786,10.129677749633789
3,0,4,787,10.155381451416016
3,0,4,788,10.122163490041096
3,0,4,789,9.991082889556886
3,0,4,790,9.962104414621988
3,0,4,791,9.868806152089437
3,0,4,792,9.85219268544515
3,0,4,793,9.963096740722657
3,0,4,794,9.97828962504069
3,0,4,795,10.013140845998128
3,0,4,796,10.107525109354654
3,0,4,797,10.416053185780843
3,0,4,798,10.919633726247152
3,0,4,799,11.262270951843261
3,0,4,800,10.996406860860189
3,0,4,801,10.86712653579712
3,0,4,802,10.676894597117107
3,0,4,803,10.52423099899292
3,0,4,804,10.369544388580323
3,0,4,805,10.243981314086914
3,0,4,806,10.053894479370117
3,0,4,807,9.723309769185384
3,0,4,808,9.454237297566731
3,0,4,809,9.27633135286967
3,0,4,810,9.247972684987387
3,0,4,811,9.214567881266277
3,0,4,812,9.331666576004029
3,0,4,813,9.373815361913046
3,0,4,814,9.571106818644205
3,0,4,815,9.6468563041687
3,0,4,816,9.72186015625
3,0,4,817,9.707933297220865
3,0,4,818,9.689669926452638
3,0,4,819,9.751961420694988
3,0,4,820,9.763307435862224
3,0,4,821,9.85563356068929
3,0,4,822,9.947880663045247
3,0,4,823,10.008784265645344
3,0,4,824,10.110410919189453
3,0,4,825,10.178523265329996
3,0,4,826,10.22349974899292
3,0,4,827,10.350903850046794
3,0,4,828,10.334855885569254
3,0,4,829,10.32659965616862
3,0,4,830,10.409337840525309
3,0,4,831,10.311761073557536
3,0,4,832,10.423022387441
3,0,4,833,10.418545885213216
3,0,4,834,10.410900438690186
3,0,4,835,10.391480109914143
3,0,4,836,10.424029896036783
3,0,4,837,10.321068211110433
3,0,4,838,10.1943651705424
3,0,4,839,10.071537007904054
3,0,4,840,9.954249654006958
3,0,4,841,9.931590857950846
3,0,4,842,9.980248139953613
3,0,4,843,10.065954453023275
3,0,4,844,10.02613136062622
3,0,4,845,10.177596085357665
3,0,4,846,10.406777513376872
3,0,4,847,10.749676585642497
3,0,4,848,11.134737759399414
3,0,4,849,11.457636456807455
3,0,4,850,11.063830773417155
3,0,4,851,11.184724181874593
3,0,4,852,11.065926079305013
3,0,4,853,10.735791182454427
3,0,4,854,10.482697937901815
3,0,4,855,10.40635559616089
3,0,4,856,10.259263976796468
3,0,4,857,10.028717041015625
3,0,4,858,9.78186777750651
3,0,4,859,9.577390562184652
3,0,4,860,9.537925492604574
3,0,4,861,9.527123463694254
3,0,4,862,9.572346061197917
3,0,4,863,9.718739519755045
3,0,4,864,9.685051187896729
3,0,4,865,9.797540064493814
3,0,4,866,9.9025006401062
3,0,4,867,10.018011637878418
3,0,4,868,10.064982656606038
3,0,4,869,10.114762922414144
3,0,4,870,10.100601204681396
3,0,4,871,10.173622119140624
3,0,4,872,10.268692570749918
3,0,4,873,10.363275858306885
3,0,4,874,10.488092767588297
3,0,4,875,10.508619021860758
3,0,4,876,10.506167260487874
3,0,4,877,10.613487252044678
3,0,4,878,10.606758931732177
3,0,4,879,10.675365437825521
3,0,4,880,10.660832885487874
3,0,4,881,10.68552215423584
3,0,4,882,10.649941719309489
3,0,4,883,10.663329984029135
3,0,4,884,10.600461865743002
3,0,4,885,10.629149702707926
3,0,4,886,10.582405490112304
3,0,4,887,10.522531936391195
3,0,4,888,10.365572734069824
3,0,4,889,10.33422547861735
3,0,4,890,10.248880576578776
3,0,4,891,10.067173704020183
3,0,4,892,10.117367804718018
3,0,4,893,10.354912548065185
3,0,4,894,10.365705134836833
3,0,4,895,10.39008942972819
3,0,4,896,10.579987290445963
3,0,4,897,10.843289345550538
3,0,4,898,11.083393169911702
3,0,4,899,11.461004353078206
3,0,4,900,11.389548595174153
3,0,4,901,11.344044186401367
3,0,4,902,11.332411962890625
3,0,4,903,10.963376935068766
3,0,4,904,10.687255665842692
3,0,4,905,10.496639381154377
3,0,4,906,10.432273272196452
3,0,4,907,10.265588833872478
3,0,4,908,9.96778206837972
3,0,4,909,9.80101284459432
3,0,4,910,9.819709336853027
3,0,4,911,9.709165370051066
3,0,4,912,9.792990467834473
3,0,4,913,9.840025764719645
3,0,4,914,9.947997472890219
3,0,4,915,10.102482531738282
3,0,4,916,10.209852262369791
3,0,4,917,10.170571162160238
3,0,4,918,10.288611799875895
3,0,4,919,10.340269914245605
3,0,4,920,10.322882513682048
3,0,4,921,10.41701751124064
3,0,4,922,10.504315527598063
3,0,4,923,10.563922871144612
3,0,4,924,10.679644316355388
3,0,4,925,10.729314102172852
3,0,4,926,10.74809639307658
3,0,4,927,10.744111771647136
3,0,4,928,10.744577365366618
3,0,4,929,10.841837233988445
3,0,4,930,10.878521565246581
3,0,4,931,10.87066431503296
3,0,4,932,10.776743411254882
3,0,4,933,10.839719522094727
3,0,4,934,10.787974658711752
3,0,4,935,10.767552773793538
3,0,4,936,10.689689989725748
3,0,4,937,10.577705151875813
3,0,4,938,10.493827592468262
3,0,4,939,10.435276534016927
3,0,4,940,10.370192976633708
3,0,4,941,10.258023895263673
3,0,4,942,10.396196401977539
3,0,4,943,10.496095614624023
3,0,4,944,10.608639994812012
3,0,4,945,10.584158502705892
3,0,4,946,10.731250206756592
3,0,4,947,10.923581688944498
3,0,4,948,11.214069982910157
3,0,4,949,11.495520305124918
3,0,4,950,11.513225584411622
3,0,4,951,11.55104954477946
3,0,4,952,11.44136913324992
3,0,4,953,11.104639888000488
3,0,4,954,10.763779832204182
3,0,4,955,10.624081213124594
3,0,4,956,10.510906691741944
3,0,4,957,10.403323682149251
3,0,4,958,10.241832113647462
3,0,4,959,10.095676947021484
3,0,4,960,10.069165300242107
3,0,4,961,10.018818781026205
3,0,4,962,10.090273971557616
3,0,4,963,10.1482532274882
3,0,4,964,10.336857875061035
3,0,4,965,10.337286048380534
3,0,4,966,10.42632006708781
3,0,4,967,10.491891991678873
3,0,4,968,10.487547008768717
3,0,4,969,10.498032739766439
3,0,4,970,10.562685443623861
3,0,4,971,10.648289988962809
3,0,4,972,10.68613852704366
3,0,4,973,10.86478300298055
3,0,4,974,10.877999477386474
3,0,4,975,10.940762117513021
3,0,4,976,10.958652456665039
3,0,4,977,11.01503968480428
3,0,4,978,10.98273964284261
3,0,4,979,10.98213464457194
3,0,4,980,11.024898640187581
3,0,4,981,11.029484425608317
3,0,4,982,11.007807043965657
3,0,4,983,11.008918733469645
3,0,4,984,10.924708988189698
3,0,4,985,10.903277364349366
3,0,4,986,10.80526060663859
3,0,4,987,10.741875408935547
3,0,4,988,10.624488457489013
3,0,4,989,10.565175722249348
3,0,4,990,10.473264732106527
3,0,4,991,10.494746957906088
3,0,4,992,10.485142196146647
3,0,4,993,10.66134525604248
3,0,4,994,10.825912100219726
3,0,4,995,10.825880450948079
3,0,4,996,10.81570800857544
3,0,4,997,10.969997318776448
3,0,4,998,11.173684362792969
3,0,4,999,11.43049049097697
3,0,4,1000,11.672078821563721
3,0,4,1001,11.591476803334555
3,0,4,1002,11.49721129175822
3,0,4,1003,11.145663906606039
3,0,4,1004,10.85185105895996
3,0,4,1005,10.712952271016439
3,0,4,1006,10.755591061401367
3,0,4,1007,10.607100796000163
3,0,4,1008,10.516650411224365
3,0,4,1009,10.273220979054768
3,0,4,1010,10.21172678604126
3,0,4,1011,10.23787335357666
3,0,4,1012,10.27002124786377
3,0,4,1013,10.386121856689453
3,0,4,1014,10.577341363271078
3,0,4,1015,10.560051508839924
3,0,4,1016,10.688625596110025
3,0,4,1017,10.684545085906983
3,0,4,1018,10.755689311726888
3,0,4,1019,10.730396110534668
3,0,4,1020,10.756749461619059
3,0,4,1021,10.82558974202474
3,0,4,1022,10.938669113413493
3,0,4,1023,11.051790736134848
3,0,4,1024,11.082218290710449
3,0,4,1025,11.064782949574788
3,0,4,1026,11.087352224222819
3,0,4,1027,11.08645196355184
3,0,4,1028,11.132889724731445
3,0,4,1029,11.110004161071778
3,0,4,1030,11.07775874557495
3,0,4,1031,11.172821303812663
3,0,4,1032,11.1424871635437
3,0,4,1033,11.14264176457723
3,0,4,1034,11.079043651835123
3,0,4,1035,11.02327042312622
3,0,4,1036,10.927488685862222
3,0,4,1037,10.889844305928548
3,0,4,1038,10.801377499643962
3,0,4,1039,10.704422326660156
3,0,4,1040,10.675420645141601
3,0,4,1041,10.514734493001303
3,0,4,1042,10.643428225453695
3,0,4,1043,10.813095788065592
3,0,4,1044,11.013042578887939
3,0,4,1045,11.015645599110922
3,0,4,1046,11.015744057718912
3,0,4,1047,11.110909333801269
3,0,4,1048,11.337740602111817
3,0,4,1049,11.595843852233887
3,0,4,1050,11.824996017710367
3,0,4,1051,11.707107983398437
3,0,4,1052,11.548302433776856
3,0,4,1053,11.231424172210694
3,0,4,1054,11.043237747192382
3,0,4,1055,10.917218111419677
3,0,4,1056,10.877299755605062
3,0,4,1057,10.799453768157958
3,0,4,1058,10.712543919626873
3,0,4,1059,10.621347919718424
3,0,4,1060,10.50680442682902
3,0,4,1061,10.557907191467285
3,0,4,1062,10.570708038330078
3,0,4,1063,10.589133808898925
3,0,4,1064,10.726381774902343
3,0,4,1065,10.770334047698974
3,0,4,1066,10.82170919825236
3,0,4,1067,10.753856342569987
3,0,4,1068,10.842330046335857
3,0,4,1069,10.839198941294352
3,0,4,1070,10.880495517222087
3,0,4,1071,10.986253708648682
3,0,4,1072,11.010772609710694
3,0,4,1073,11.09076146138509
3,0,4,1074,11.14414947382609
3,0,4,1075,11.223035594940185
3,0,4,1076,11.181825832366943
3,0,4,1077,11.235684846496582
3,0,4,1078,11.260897679901124
3,0,4,1079,11.274720010884604
3,0,4,1080,11.27932289276123
3,0,4,1081,11.281072404988606
3,0,4,1082,11.297461920420329
3,0,4,1083,11.317825732421875
3,0,4,1084,11.178488304138183
3,0,4,1085,11.156493925221762
3,0,4,1086,11.056340330251057
3,0,4,1087,10.965099134318034
3,0,4,1088,10.870323111216226
3,0,4,1089,10.822081352996825
3,0,4,1090,10.85980230662028
3,0,4,1091,10.72136135075887
3,0,4,1092,10.901125924936931
3,0,4,1093,11.019254745992026
3,0,4,1094,11.234101076507569
3,0,4,1095,11.227108201344809
3,0,4,1096,11.250567846679688
3,0,4,1097,11.284280316162109
3,0,4,1098,11.452238479614257
3,0,4,1099,11.575623200734457
3,0,4,1100,11.867875532277425
3,0,4,1101,11.796454502868652
3,0,4,1102,11.583400780741373
3,0,4,1103,11.444532477315267
3,0,4,1104,11.315411868540446
3,0,4,1105,11.241620105234782
3,0,4,1106,11.163745146687825
3,0,4,1107,11.208804294331868
3,0,4,1108,11.203571124521892
3,0,4,1109,11.211921132914226
3,0,4,1110,11.24971655476888
3,0,4,1111,11.260517488352457
3,0,4,1112,11.230361849975585
3,0,4,1113,11.12388620147705
3,0,4,1114,11.065513131205241
3,0,4,1115,11.0127593943278
3,0,4,1116,11.146908962249755
3,0,4,1117,11.136294332377116
3,0,4,1118,11.202151589711507
3,0,4,1119,11.271548979695638
3,0,4,1120,11.277017473347982
3,0,4,1121,11.368860439046223
3,0,4,1122,11.37701672414144
3,0,4,1123,11.321537924194336
3,0,4,1124,11.320742404174805
3,0,4,1125,11.31195379486084
3,0,4,1126,11.333744262949626
3,0,4,1127,11.371813994344075
3,0,4,1128,11.498505706278483
3,0,4,1129,11.502191925557455
3,0,4,1130,11.515774697875976
3,0,4,1131,11.527189626820881
3,0,4,1132,11.547561294809977
3,0,4,1133,11.5076952583313
3,0,4,1134,11.527595499165853
3,0,4,1135,11.43682675552368
3,0,4,1136,11.341091866556804
3,0,4,1137,11.369604679361979
3,0,4,1138,11.30638463160197
3,0,4,1139,11.394849816894531
3,0,4,1140,11.330016902414958
3,0,4,1141,11.391548314666748
3,0,4,1142,11.463672505442302
3,0,4,1143,11.508574515533446
3,0,4,1144,11.574835122172038
3,0,4,1145,11.630956371816
3,0,4,1146,11.677816468811034
3,0,4,1147,11.71580692240397
3,0,4,1148,11.712291964213053
3,0,4,1149,11.773821643066407
3,0,4,1150,11.872853888956707
3,0,4,1151,11.8405539159139
3,0,4,1152,11.765471299235026
3,0,4,1153,11.669815277862549
3,0,4,1154,11.649522593688966
3,0,4,1155,11.542876489766439
3,0,4,1156,11.469540286509195
3,0,4,1157,11.411960644785562
3,0,4,1158,11.455185582224528
3,0,4,1159,11.459704841868083
3,0,4,1160,11.474261765289306
3,0,4,1161,11.473382283782959
3,0,4,1162,11.467117042795817
3,0,4,1163,11.42322411142985
3,0,4,1164,11.46188331451416
3,0,4,1165,11.437824533335368
3,0,4,1166,11.519384437815349
3,0,4,1167,11.544661082204183
3,0,4,1168,11.60146577911377
3,0,4,1169,11.697861330413819
3,0,4,1170,11.73801817626953
3,0,4,1171,11.714418371073405
3,0,4,1172,11.621488959503173
3,0,4,1173,11.423572384389242
3,0,4,1174,11.19644688949585
3,0,4,1175,11.109148244730632
3,0,4,1176,11.005337498219808
3,0,4,1177,11.094464235687257
3,0,4,1178,11.094173824564615
3,0,4,1179,11.220375718688965
3,0,4,1180,11.48221708984375
3,0,4,1181,11.630847192891439
3,0,4,1182,11.703224406687418
3,0,4,1183,11.79684467976888
3,0,4,1184,11.708355107625325
3,0,4,1185,11.6021023340861
3,0,4,1186,11.572610364532471
3,0,4,1187,11.448732013193766
3,0,4,1188,11.458830290222169
3,0,4,1189,11.436383438364665
3,0,4,1190,11.486178987375895
3,0,4,1191,11.558537098948161
3,0,4,1192,11.59432276357015
3,0,4,1193,11.631128140767416
3,0,4,1194,11.697288518778484
3,0,4,1195,11.768603316243489
3,0,4,1196,11.855073133087158
3,0,4,1197,11.919518222808838
3,0,4,1198,11.938975768788655
3,0,4,1199,12.013633801778157
3,0,4,1200,11.65161259841919
3,0,4,1201,11.672514212036132
3,0,4,1202,11.683228852335612
3,0,4,1203,11.707555574544271
3,0,4,1204,11.672996846516927
3,0,4,1205,11.719284355926513
3,0,4,1206,11.752762246195475
3,0,4,1207,11.735346459960937
3,0,4,1208,11.782009476216635
3,0,4,1209,11.727473271687826
3,0,4,1210,11.709926228841146
3,0,4,1211,11.727541308339436
3,0,4,1212,11.712710561879476
3,0,4,1213,11.763490255482992
3,0,4,1214,11.657589683787029
3,0,4,1215,11.573929347483316
3,0,4,1216,11.478912062835693
3,0,4,1217,11.405874507141114
3,0,4,1218,11.366994831593832
3,0,4,1219,11.265478175099691
3,0,4,1220,11.160224758402506
3,0,4,1221,11.103724151357016
3,0,4,1222,11.040901451619467
3,0,4,1223,10.992426674906413
3,0,4,1224,10.878013442738851
3,0,4,1225,10.913290696970622
3,0,4,1226,10.974870602925618
3,0,4,1227,11.13289891611735
3,0,4,1228,11.095244543711344
3,0,4,1229,11.2256195505778
3,0,4,1230,11.311679331207275
3,0,4,1231,11.321817182922363
3,0,4,1232,11.470934720102946
3,0,4,1233,11.60507522913615
3,0,4,1234,11.679270073954264
3,0,4,1235,11.72189525756836
3,0,4,1236,11.728270307159423
3,0,4,1237,11.718304258982341
3,0,4,1238,11.795044621022543
3,0,4,1239,11.78326096089681
3,0,4,1240,11.746292255655925
3,0,4,1241,11.786931705474853
3,0,4,1242,11.768048317718506
3,0,4,1243,11.813070165506998
3,0,4,1244,11.835394297027587
3,0,4,1245,11.850475930786132
3,0,4,1246,11.83882477162679
3,0,4,1247,11.867161642456054
3,0,4,1248,11.826866240946451
3,0,4,1249,11.861902894592285
3,0,5,0,8.689402073542277
3,0,5,1,8.612764090983072
3,0,5,2,8.647292383321126
3,0,5,3,8.65332187054952
3,0,5,4,8.583771549606324
3,0,5,5,8.596094298044841
3,0,5,6,8.55438833401998
3,0,5,7,8.542310080973307
3,0,5,8,8.516340004857382
3,0,5,9,8.499233914311727
3,0,5,10,8.498941926829021
3,0,5,11,8.488263892618814
3,0,5,12,8.462548917134603
3,0,5,13,8.467751792907714
3,0,5,14,8.455487276204428
3,0,5,15,8.454532648722331
3,0,5,16,8.47385908648173
3,0,5,17,8.494627003987631
3,0,5,18,8.518014462153117
3,0,5,19,8.493888073984781
3,0,5,20,8.502830086008707
3,0,5,21,8.52763419342041
3,0,5,22,8.57047331161499
3,0,5,23,8.565255946350097
3,0,5,24,8.568715927886963
3,0,5,25,8.620043796666463
3,0,5,26,8.611907247924805
3,0,5,27,8.643913545099894
3,0,5,28,8.702886790593466
3,0,5,29,8.66704522895813
3,0,5,30,8.702320347340901
3,0,5,31,8.708994257100423
3,0,5,32,8.808466458892822
3,0,5,33,8.78180927581787
3,0,5,34,8.781168576939901
3,0,5,35,8.807233704376221
3,0,5,36,8.811029634984335
3,0,5,37,8.861464980951945
3,0,5,38,8.875417081197103
3,0,5,39,8.900591804377237
3,0,5,40,8.939415936406453
3,0,5,41,8.950296836853028
3,0,5,42,8.949001451746623
3,0,5,43,8.978612797546386
3,0,5,44,8.95317404683431
3,0,5,45,8.997228421274821
3,0,5,46,8.974264962895711
3,0,5,47,8.950800218963623
3,0,5,48,8.949659901809692
3,0,5,49,8.91966689974467
3,0,5,50,8.80180065536499
3,0,5,51,8.72849907099406
3,0,5,52,8.642976112874349
3,0,5,53,8.580245419311524
3,0,5,54,8.538567531840007
3,0,5,55,8.518212243016562
3,0,5,56,8.486408006668091
3,0,5,57,8.449758227793376
3,0,5,58,8.363344768397013
3,0,5,59,8.331949029922486
3,0,5,60,8.296809189097086
3,0,5,61,8.262456484603883
3,0,5,62,8.187178001085917
3,0,5,63,8.236770051701864
3,0,5,64,8.183506816101074
3,0,5,65,8.15376005706787
3,0,5,66,8.199990730158488
3,0,5,67,8.182787090174356
3,0,5,68,8.269159039942423
3,0,5,69,8.305768049367268
3,0,5,70,8.34214669456482
3,0,5,71,8.405422306315105
3,0,5,72,8.400719662857055
3,0,5,73,8.492710482406617
3,0,5,74,8.52959189338684
3,0,5,75,8.659916761906942
3,0,5,76,8.728446891530355
3,0,5,77,8.851143849817912
3,0,5,78,8.854806020609537
3,0,5,79,8.941757763163249
3,0,5,80,9.024246268463134
3,0,5,81,9.112926643498739
3,0,5,82,9.138540133666993
3,0,5,83,9.217396645609538
3,0,5,84,9.244233670806885
3,0,5,85,9.242448445383708
3,0,5,86,9.23467690073649
3,0,5,87,9.272486652882893
3,0,5,88,9.326358281962078
3,0,5,89,9.370129298146566
3,0,5,90,9.440929288228352
3,0,5,91,9.437645787556965
3,0,5,92,9.525359019978842
3,0,5,93,9.523028615315756
3,0,5,94,9.500554478200277
3,0,5,95,9.475674727630615
3,0,5,96,9.506161019134522
3,0,5,97,9.495725530497234
3,0,5,98,9.45279613901774
3,0,5,99,9.476471907043457
3,0,5,100,9.027111023712159
3,0,5,101,8.957222309366863
3,0,5,102,8.81551930885315
3,0,5,103,8.743330192184448
3,0,5,104,8.665470885721842
3,0,5,105,8.512878143183391
3,0,5,106,8.420394262186687
3,0,5,107,8.381707815043132
3,0,5,108,8.283731115722656
3,0,5,109,8.23584278424581
3,0,5,110,8.152598450215658
3,0,5,111,8.113782721074422
3,0,5,112,8.075671902720133
3,0,5,113,8.02741172205607
3,0,5,114,8.039882950464884
3,0,5,115,8.050890623092652
3,0,5,116,8.040574599075317
3,0,5,117,8.072028690592449
3,0,5,118,8.08015562578837
3,0,5,119,8.130862266031901
3,0,5,120,8.195794483947754
3,0,5,121,8.212124491119384
3,0,5,122,8.394346149635314
3,0,5,123,8.386133276240031
3,0,5,124,8.535849007924398
3,0,5,125,8.679924963378907
3,0,5,126,8.7810124458313
3,0,5,127,8.871602909088136
3,0,5,128,9.015103118387858
3,0,5,129,9.11224863878886
3,0,5,130,9.18804324277242
3,0,5,131,9.2891009765625
3,0,5,132,9.375513737487793
3,0,5,133,9.354335346221923
3,0,5,134,9.454493803024292
3,0,5,135,9.516880994415283
3,0,5,136,9.546521319325764
3,0,5,137,9.568337766774496
3,0,5,138,9.563194684855143
3,0,5,139,9.613592704518636
3,0,5,140,9.598697468566895
3,0,5,141,9.705514630889892
3,0,5,142,9.838135854848225
3,0,5,143,9.853390367635091
3,0,5,144,9.833078097025554
3,0,5,145,9.8677485303243
3,0,5,146,9.806366784922282
3,0,5,147,9.789130844116212
3,0,5,148,9.749193819936117
3,0,5,149,9.806572296651204
3,0,5,150,9.299863961283366
3,0,5,151,9.104692867787678
3,0,5,152,8.997131870651245
3,0,5,153,8.887616930643718
3,0,5,154,8.786996710205079
3,0,5,155,8.591361692174276
3,0,5,156,8.52573519668579
3,0,5,157,8.425393263371786
3,0,5,158,8.326516675059
3,0,5,159,8.211176016489665
3,0,5,160,8.102761136245727
3,0,5,161,8.065150338745116
3,0,5,162,7.999895560836792
3,0,5,163,7.988559120559692
3,0,5,164,7.933169773101807
3,0,5,165,7.937125522740682
3,0,5,166,7.894878849538167
3,0,5,167,7.955368218739827
3,0,5,168,7.966849803543091
3,0,5,169,8.036880029424031
3,0,5,170,8.081360227076212
3,0,5,171,8.142767278798422
3,0,5,172,8.231351695887248
3,0,5,173,8.338802147801717
3,0,5,174,8.443658468373616
3,0,5,175,8.609186730321248
3,0,5,176,8.761735960769654
3,0,5,177,8.930952269999187
3,0,5,178,9.04962424062093
3,0,5,179,9.184650395202636
3,0,5,180,9.386953974914551
3,0,5,181,9.525372549184164
3,0,5,182,9.63322322998047
3,0,5,183,9.75947851003011
3,0,5,184,9.84896365000407
3,0,5,185,9.943820723724365
3,0,5,186,9.976499652099609
3,0,5,187,9.968100941467284
3,0,5,188,9.997108319854735
3,0,5,189,9.966464415486653
3,0,5,190,9.970826601918539
3,0,5,191,10.05954436899821
3,0,5,192,10.176526908874513
3,0,5,193,10.198051290512085
3,0,5,194,10.22073879776001
3,0,5,195,10.185285527038575
3,0,5,196,10.143987239837646
3,0,5,197,10.085161272176107
3,0,5,198,10.109061902618409
3,0,5,199,10.07011912612915
3,0,5,200,9.380433609771728
3,0,5,201,9.2062939356486
3,0,5,202,9.047642124811809
3,0,5,203,8.89037489980062
3,0,5,204,8.72871122080485
3,0,5,205,8.58475201250712
3,0,5,206,8.479596087773642
3,0,5,207,8.4217317972819
3,0,5,208,8.312162058385214
3,0,5,209,8.207892358907063
3,0,5,210,8.052229152170817
3,0,5,211,8.014427811050416
3,0,5,212,7.924487878926595
3,0,5,213,7.856839109802246
3,0,5,214,7.84747556775411
3,0,5,215,7.834732501602173
3,0,5,216,7.890804486719767
3,0,5,217,7.886576561228434
3,0,5,218,7.9292745131174724
3,0,5,219,7.989406956863403
3,0,5,220,8.05649341913859
3,0,5,221,8.141298425038656
3,0,5,222,8.340333079655965
3,0,5,223,8.30633005472819
3,0,5,224,8.476452302424113
3,0,5,225,8.577877718480428
3,0,5,226,8.765088615671793
3,0,5,227,8.902234082158406
3,0,5,228,8.986112005869547
3,0,5,229,9.188164371744792
3,0,5,230,9.288990179316203
3,0,5,231,9.472993786112468
3,0,5,232,9.629798116048176
3,0,5,233,9.740660540262859
3,0,5,234,9.837690683237712
3,0,5,235,9.894083653259278
3,0,5,236,10.010565879058838
3,0,5,237,10.069461219787598
3,0,5,238,10.077848139190674
3,0,5,239,10.103711450195313
3,0,5,240,10.085726573181152
3,0,5,241,10.125374177805583
3,0,5,242,10.235721293385824
3,0,5,243,10.27383361384074
3,0,5,244,10.256070983378093
3,0,5,245,10.239801170603434
3,0,5,246,10.179773905690512
3,0,5,247,10.185513450368246
3,0,5,248,10.15219637451172
3,0,5,249,10.159899202473959
3,0,5,250,9.445737172698975
3,0,5,251,9.30320186436971
3,0,5,252,8.998489017486571
3,0,5,253,8.747817693328857
3,0,5,254,8.609860157775879
3,0,5,255,8.477463524627685
3,0,5,256,8.385475105539959
3,0,5,257,8.306977254104615
3,0,5,258,8.231953921763102
3,0,5,259,8.100519209162394
3,0,5,260,7.952569959131877
3,0,5,261,7.876932284800212
3,0,5,262,7.807014793777466
3,0,5,263,7.831293312708537
3,0,5,264,7.828088060379028
3,0,5,265,7.76834800046285
3,0,5,266,7.822225086847941
3,0,5,267,7.847147985076904
3,0,5,268,7.901617234039307
3,0,5,269,7.965292016728719
3,0,5,270,7.994476171175639
3,0,5,271,8.070707354736328
3,0,5,272,8.215783566538493
3,0,5,273,8.32601390024821
3,0,5,274,8.43369843864441
3,0,5,275,8.509804536565145
3,0,5,276,8.673709841156006
3,0,5,277,8.826816178385418
3,0,5,278,8.953633698145548
3,0,5,279,9.111016492335002
3,0,5,280,9.200920126342773
3,0,5,281,9.403887833404541
3,0,5,282,9.585522454325359
3,0,5,283,9.695525794474284
3,0,5,284,9.81262203648885
3,0,5,285,9.889519077046712
3,0,5,286,9.957043411254883
3,0,5,287,10.03938518371582
3,0,5,288,10.08880977198283
3,0,5,289,10.09237864367167
3,0,5,290,10.070098230489094
3,0,5,291,10.159533299509684
3,0,5,292,10.28988701502482
3,0,5,293,10.311190674845378
3,0,5,294,10.34585086669922
3,0,5,295,10.286268291982015
3,0,5,296,10.153426098632812
3,0,5,297,10.112147039286295
3,0,5,298,10.045843390401204
3,0,5,299,10.031686036936442
3,0,5,300,9.68876183827718
3,0,5,301,9.518399882507325
3,0,5,302,9.24489128519694
3,0,5,303,8.976669805781047
3,0,5,304,8.757296499506632
3,0,5,305,8.63977930501302
3,0,5,306,8.533771101888021
3,0,5,307,8.415131704076131
3,0,5,308,8.312632533391318
3,0,5,309,8.147172221374511
3,0,5,310,8.018084558486938
3,0,5,311,7.938188587188721
3,0,5,312,7.871910237248739
3,0,5,313,7.8520625199635825
3,0,5,314,7.826338443120321
3,0,5,315,7.8791131629943845
3,0,5,316,7.885159494527181
3,0,5,317,7.877787481180826
3,0,5,318,7.959949769719442
3,0,5,319,7.944418804677327
3,0,5,320,8.02397682240804
3,0,5,321,8.118549542109172
3,0,5,322,8.184829014841716
3,0,5,323,8.274128094228109
3,0,5,324,8.429840709431966
3,0,5,325,8.556895140393575
3,0,5,326,8.697226361211142
3,0,5,327,8.851489226913452
3,0,5,328,9.00257138303121
3,0,5,329,9.16416478398641
3,0,5,330,9.33231674118042
3,0,5,331,9.442727406311036
3,0,5,332,9.614784123229981
3,0,5,333,9.699852302805583
3,0,5,334,9.797442919413248
3,0,5,335,9.915733516438802
3,0,5,336,9.999702736663819
3,0,5,337,10.112794368743897
3,0,5,338,10.128574355061849
3,0,5,339,10.074163037872314
3,0,5,340,10.137282773081461
3,0,5,341,10.196921043141684
3,0,5,342,10.337649679056803
3,0,5,343,10.374603168996176
3,0,5,344,10.309925756835938
3,0,5,345,10.186270074462891
3,0,5,346,10.099366118367513
3,0,5,347,10.099806273142496
3,0,5,348,10.055441240692138
3,0,5,349,10.089519978586832
3,0,5,350,10.00552430750529
3,0,5,351,9.785945685577392
3,0,5,352,9.410133317565919
3,0,5,353,9.09355516357422
3,0,5,354,8.861443849309286
3,0,5,355,8.780218688964844
3,0,5,356,8.804128761672974
3,0,5,357,8.651432670720418
3,0,5,358,8.467984896087646
3,0,5,359,8.35065268834432
3,0,5,360,8.196733662160238
3,0,5,361,8.073450286738078
3,0,5,362,7.956276875686646
3,0,5,363,7.9158195220947265
3,0,5,364,7.865917730712891
3,0,5,365,7.854408010355631
3,0,5,366,7.893500928624471
3,0,5,367,7.899952029927571
3,0,5,368,8.028414751307169
3,0,5,369,8.052182261912028
3,0,5,370,8.116518998972575
3,0,5,371,8.154292216237385
3,0,5,372,8.224806767527262
3,0,5,373,8.324733265940349
3,0,5,374,8.450991654586792
3,0,5,375,8.578404392369588
3,0,5,376,8.709796474838257
3,0,5,377,8.794765597279866
3,0,5,378,8.992305420430501
3,0,5,379,9.073972731781005
3,0,5,380,9.239946545410156
3,0,5,381,9.276306140899658
3,0,5,382,9.462920308685304
3,0,5,383,9.626016923777263
3,0,5,384,9.768281187438966
3,0,5,385,9.8423349899292
3,0,5,386,9.950774364471435
3,0,5,387,10.076080737559
3,0,5,388,10.0894200243632
3,0,5,389,10.092962367502848
3,0,5,390,10.093594285583496
3,0,5,391,10.170179010009766
3,0,5,392,10.283264776611329
3,0,5,393,10.210800649007162
3,0,5,394,10.320178433736166
3,0,5,395,10.132211674753824
3,0,5,396,10.035003103383382
3,0,5,397,9.977518589782715
3,0,5,398,9.99405242284139
3,0,5,399,10.166628888702393
3,0,5,400,10.117233654530843
3,0,5,401,9.96765348409017
3,0,5,402,9.554517344665527
3,0,5,403,9.309442263793946
3,0,5,404,9.104348803456624
3,0,5,405,8.993745472462972
3,0,5,406,8.972369691721598
3,0,5,407,8.872708780034383
3,0,5,408,8.699771045684814
3,0,5,409,8.481693643315634
3,0,5,410,8.372874929936726
3,0,5,411,8.244287903594971
3,0,5,412,8.14972497215271
3,0,5,413,8.077951115290324
3,0,5,414,7.984040475781758
3,0,5,415,7.9879000297546385
3,0,5,416,7.987978797022501
3,0,5,417,8.0011196018219
3,0,5,418,8.03399191462199
3,0,5,419,8.076449665578206
3,0,5,420,8.102381498336792
3,0,5,421,8.19484633916219
3,0,5,422,8.207852135976156
3,0,5,423,8.336484030532837
3,0,5,424,8.407301684443157
3,0,5,425,8.581873516718547
3,0,5,426,8.66363582127889
3,0,5,427,8.770609855651855
3,0,5,428,8.822259446970621
3,0,5,429,8.967030938212076
3,0,5,430,9.08691166826884
3,0,5,431,9.322289426549276
3,0,5,432,9.419291912460327
3,0,5,433,9.604498972066244
3,0,5,434,9.78810934346517
3,0,5,435,9.900822887674968
3,0,5,436,9.990352452850342
3,0,5,437,10.088704958089192
3,0,5,438,10.155976341247559
3,0,5,439,10.084085680643717
3,0,5,440,10.164033707682291
3,0,5,441,10.228303343963622
3,0,5,442,10.27461264292399
3,0,5,443,10.292834383392334
3,0,5,444,10.222072237904866
3,0,5,445,10.070345548756917
3,0,5,446,9.963565690867107
3,0,5,447,9.974473906199137
3,0,5,448,10.071931227874757
3,0,5,449,10.27467108484904
3,0,5,450,10.394555080413818
3,0,5,451,10.195903830973307
3,0,5,452,9.665234721628824
3,0,5,453,9.309319766235351
3,0,5,454,9.21374998626709
3,0,5,455,9.21144290898641
3,0,5,456,9.078500881195069
3,0,5,457,9.013106002044678
3,0,5,458,8.787540486653645
3,0,5,459,8.683035691070558
3,0,5,460,8.503665704600015
3,0,5,461,8.455125369771322
3,0,5,462,8.334120805994669
3,0,5,463,8.299909682846069
3,0,5,464,8.20179449857076
3,0,5,465,8.203129600397746
3,0,5,466,8.177361688741048
3,0,5,467,8.176353255081176
3,0,5,468,8.228312950134278
3,0,5,469,8.310517438634237
3,0,5,470,8.319179981613159
3,0,5,471,8.407230851109823
3,0,5,472,8.482184654744467
3,0,5,473,8.551262350591024
3,0,5,474,8.679099260838827
3,0,5,475,8.806498924763998
3,0,5,476,8.935415470377604
3,0,5,477,8.970754191335041
3,0,5,478,8.991669105529786
3,0,5,479,9.172019518534343
3,0,5,480,9.28504391148885
3,0,5,481,9.378210084279377
3,0,5,482,9.4749848391215
3,0,5,483,9.587170430755615
3,0,5,484,9.74202476272583
3,0,5,485,9.787639138793946
3,0,5,486,9.931582627105714
3,0,5,487,9.982715252812703
3,0,5,488,10.105584394582113
3,0,5,489,10.116170552571615
3,0,5,490,10.141296369679768
3,0,5,491,10.117506261698406
3,0,5,492,10.180645107269287
3,0,5,493,10.278190335337321
3,0,5,494,10.221791403452555
3,0,5,495,9.998534884643554
3,0,5,496,9.928973002115885
3,0,5,497,9.94446809539795
3,0,5,498,10.111353222401936
3,0,5,499,10.36784881515503
3,0,5,500,10.556443061065673
3,0,5,501,10.344593215179444
3,0,5,502,9.821790003712971
3,0,5,503,9.476348073577881
3,0,5,504,9.356713041941324
3,0,5,505,9.310386651865642
3,0,5,506,9.17433167699178
3,0,5,507,9.042441986338298
3,0,5,508,8.9694081103007
3,0,5,509,8.796441268412272
3,0,5,510,8.653064856974284
3,0,5,511,8.582222442626954
3,0,5,512,8.48979808807373
3,0,5,513,8.475313834762574
3,0,5,514,8.44837521311442
3,0,5,515,8.414518188603719
3,0,5,516,8.41121322517395
3,0,5,517,8.432902657318115
3,0,5,518,8.457754584757486
3,0,5,519,8.49877766532898
3,0,5,520,8.53974249382019
3,0,5,521,8.60076578877767
3,0,5,522,8.690868234125773
3,0,5,523,8.812525492095947
3,0,5,524,8.877133212280274
3,0,5,525,8.929353971481323
3,0,5,526,8.975207872136433
3,0,5,527,9.092549350229898
3,0,5,528,9.155232010142008
3,0,5,529,9.262972068023682
3,0,5,530,9.323490998331705
3,0,5,531,9.391112812042236
3,0,5,532,9.52405423711141
3,0,5,533,9.61640307820638
3,0,5,534,9.757194953664143
3,0,5,535,9.890683375549317
3,0,5,536,9.86714481048584
3,0,5,537,9.961985095469156
3,0,5,538,9.987858092880249
3,0,5,539,10.026154861195883
3,0,5,540,9.978140916951498
3,0,5,541,10.022439163208007
3,0,5,542,10.061825831095378
3,0,5,543,10.054251654307048
3,0,5,544,10.01297756576538
3,0,5,545,9.85822770207723
3,0,5,546,9.828711218261718
3,0,5,547,9.960143690236409
3,0,5,548,10.279919877878825
3,0,5,549,10.575209257253011
3,0,5,550,10.671421507517497
3,0,5,551,10.42279170328776
3,0,5,552,10.01728356552124
3,0,5,553,9.66263685506185
3,0,5,554,9.645081997680665
3,0,5,555,9.599320862325033
3,0,5,556,9.412178065999349
3,0,5,557,9.247303548685709
3,0,5,558,9.079063050079347
3,0,5,559,8.858385185750326
3,0,5,560,8.78632361195882
3,0,5,561,8.823417870585123
3,0,5,562,8.749526211039225
3,0,5,563,8.67959123624166
3,0,5,564,8.650467310714722
3,0,5,565,8.462181574757894
3,0,5,566,8.544124014409384
3,0,5,567,8.48053147761027
3,0,5,568,8.52946290918986
3,0,5,569,8.549245725886028
3,0,5,570,8.618620306269328
3,0,5,571,8.688408051045736
3,0,5,572,8.739770732498169
3,0,5,573,8.834196299235026
3,0,5,574,8.908661473083496
3,0,5,575,9.06772014058431
3,0,5,576,9.100250617599487
3,0,5,577,9.191068314361573
3,0,5,578,9.254521394093832
3,0,5,579,9.310572684733073
3,0,5,580,9.416784744008382
3,0,5,581,9.515015818277995
3,0,5,582,9.601787020365396
3,0,5,583,9.67813869857788
3,0,5,584,9.841418893432618
3,0,5,585,9.879084434763591
3,0,5,586,9.962852192433676
3,0,5,587,10.082364260609944
3,0,5,588,10.000373176320394
3,0,5,589,10.079769395446778
3,0,5,590,9.983878673553466
3,0,5,591,9.974994360097249
3,0,5,592,10.022218114471436
3,0,5,593,10.047822432200114
3,0,5,594,9.892079483032227
3,0,5,595,9.816297011566162
3,0,5,596,9.87075273183187
3,0,5,597,10.066546210988363
3,0,5,598,10.512841546122234
3,0,5,599,10.85653826268514
3,0,5,600,10.751341487884522
3,0,5,601,10.401698666636149
3,0,5,602,10.213456979878744
3,0,5,603,9.877463800303142
3,0,5,604,9.851515049997966
3,0,5,605,9.80114942626953
3,0,5,606,9.676990687306722
3,0,5,607,9.443114242172241
3,0,5,608,9.19340995279948
3,0,5,609,9.0671897605896
3,0,5,610,8.943223228200276
3,0,5,611,8.926121967951456
3,0,5,612,9.011124895731609
3,0,5,613,9.021965981547037
3,0,5,614,9.016054195404053
3,0,5,615,8.956754373168945
3,0,5,616,8.88255928064982
3,0,5,617,8.84780149269104
3,0,5,618,8.854499650828044
3,0,5,619,8.840513415781658
3,0,5,620,8.883638250732423
3,0,5,621,8.939680520884195
3,0,5,622,8.997819124094645
3,0,5,623,9.154207450612386
3,0,5,624,9.156167019144695
3,0,5,625,9.321638507843018
3,0,5,626,9.415311169433593
3,0,5,627,9.4785866994222
3,0,5,628,9.605018100229898
3,0,5,629,9.667947135416666
3,0,5,630,9.685113863372802
3,0,5,631,9.737836087036133
3,0,5,632,9.730114812469482
3,0,5,633,9.82299231262207
3,0,5,634,9.954752797698974
3,0,5,635,9.871586158752441
3,0,5,636,10.01228110478719
3,0,5,637,10.056752382405598
3,0,5,638,10.107999326578776
3,0,5,639,10.044146136983235
3,0,5,640,10.039744051106771
3,0,5,641,9.99034809366862
3,0,5,642,9.988143369293212
3,0,5,643,10.019219493611654
3,0,5,644,9.950470525105795
3,0,5,645,9.892246601867676
3,0,5,646,9.885217209625244
3,0,5,647,10.210878076934815
3,0,5,648,10.558050369262695
3,0,5,649,10.958544711812337
3,0,5,650,10.874660965983074
3,0,5,651,10.373058121490478
3,0,5,652,10.313645997365315
3,0,5,653,10.053292690022786
3,0,5,654,9.98743002726237
3,0,5,655,9.95976724802653
3,0,5,656,9.787132168833415
3,0,5,657,9.576007680002848
3,0,5,658,9.335883610788981
3,0,5,659,9.146958379364014
3,0,5,660,9.01700900853475
3,0,5,661,9.028292657470702
3,0,5,662,9.061861038716634
3,0,5,663,9.114831593577067
3,0,5,664,9.182947270329793
3,0,5,665,9.220569910430909
3,0,5,666,9.21111405207316
3,0,5,667,9.130733829243978
3,0,5,668,9.155206359608968
3,0,5,669,9.092569018046062
3,0,5,670,9.158146129862468
3,0,5,671,9.152100677490234
3,0,5,672,9.207834138997395
3,0,5,673,9.290647640482584
3,0,5,674,9.332220617167154
3,0,5,675,9.48636025390625
3,0,5,676,9.539373163350422
3,0,5,677,9.565609118398031
3,0,5,678,9.61142761967977
3,0,5,679,9.73922684987386
3,0,5,680,9.841102097829182
3,0,5,681,9.882885666656493
3,0,5,682,9.91896531270345
3,0,5,683,9.985526437886556
3,0,5,684,10.053971561431885
3,0,5,685,10.11082365620931
3,0,5,686,10.131407439931234
3,0,5,687,10.158241932169597
3,0,5,688,10.137393223571777
3,0,5,689,10.103743223571778
3,0,5,690,10.003808909098307
3,0,5,691,10.045238217926025
3,0,5,692,10.098843264261882
3,0,5,693,10.112252495829264
3,0,5,694,9.932522230021158
3,0,5,695,9.931799394480388
3,0,5,696,10.096020281219483
3,0,5,697,10.400287832387288
3,0,5,698,10.779854989624024
3,0,5,699,11.153699706776937
3,0,5,700,11.031905618286133
3,0,5,701,10.466654352060953
3,0,5,702,10.386940435028077
3,0,5,703,10.18420477549235
3,0,5,704,10.161203804270427
3,0,5,705,9.966691030629477
3,0,5,706,9.786944869232178
3,0,5,707,9.546444646199545
3,0,5,708,9.26436575012207
3,0,5,709,9.124399515279134
3,0,5,710,9.175801637395223
3,0,5,711,9.14066245244344
3,0,5,712,9.133455380121866
3,0,5,713,9.303648277664184
3,0,5,714,9.319314451853435
3,0,5,715,9.38595353418986
3,0,5,716,9.374939384460449
3,0,5,717,9.318820462036133
3,0,5,718,9.311297166951498
3,0,5,719,9.303508934783936
3,0,5,720,9.32697919031779
3,0,5,721,9.385923673756917
3,0,5,722,9.51581847229004
3,0,5,723,9.517646091842652
3,0,5,724,9.647954898834229
3,0,5,725,9.745280592346191
3,0,5,726,9.791023228963216
3,0,5,727,9.968689043172201
3,0,5,728,9.898347138214111
3,0,5,729,9.941922315216065
3,0,5,730,9.99633168741862
3,0,5,731,10.072001719665527
3,0,5,732,10.068603800201416
3,0,5,733,10.095675104268391
3,0,5,734,10.10389659423828
3,0,5,735,10.171073057810466
3,0,5,736,10.200093553415934
3,0,5,737,10.202814976755779
3,0,5,738,10.181240621948243
3,0,5,739,10.183480142211915
3,0,5,740,10.137166675567627
3,0,5,741,10.10311959660848
3,0,5,742,10.090099035644531
3,0,5,743,10.07013853302002
3,0,5,744,10.029004276275634
3,0,5,745,10.013453671264648
3,0,5,746,10.113284914652507
3,0,5,747,10.428825889587403
3,0,5,748,10.80827935816447
3,0,5,749,11.273441900380453
3,0,5,750,10.950472575378418
3,0,5,751,10.660596480305989
3,0,5,752,10.430872470092773
3,0,5,753,10.24618175837199
3,0,5,754,10.096772258249919
3,0,5,755,10.005192400868733
3,0,5,756,9.745535354105632
3,0,5,757,9.448284492238363
3,0,5,758,9.161456502660116
3,0,5,759,9.057552006149292
3,0,5,760,9.069683760325114
3,0,5,761,9.051040770721436
3,0,5,762,9.1222621635437
3,0,5,763,9.280513431803385
3,0,5,764,9.38929219563802
3,0,5,765,9.49002133916219
3,0,5,766,9.590799196370442
3,0,5,767,9.546947387186686
3,0,5,768,9.53608882929484
3,0,5,769,9.50329267578125
3,0,5,770,9.577517062123617
3,0,5,771,9.62822883199056
3,0,5,772,9.600777904764811
3,0,5,773,9.793032423528036
3,0,5,774,9.859000388590495
3,0,5,775,9.871380805460612
3,0,5,776,9.985560715484619
3,0,5,777,10.03477932993571
3,0,5,778,10.132109892018637
3,0,5,779,10.14960789896647
3,0,5,780,10.191164465077717
3,0,5,781,10.33322500406901
3,0,5,782,10.206738755289713
3,0,5,783,10.17166135228475
3,0,5,784,10.175764523061117
3,0,5,785,10.169613320159913
3,0,5,786,10.14618502553304
3,0,5,787,10.17188860727946
3,0,5,788,10.138670878855388
3,0,5,789,10.00759045232137
3,0,5,790,9.97861180674235
3,0,5,791,9.88531357752482
3,0,5,792,9.868700256093343
3,0,5,793,9.979604330952963
3,0,5,794,9.994797160847982
3,0,5,795,10.029648152160645
3,0,5,796,10.124032527669272
3,0,5,797,10.432560513559977
3,0,5,798,10.936140918223064
3,0,5,799,11.278777934010824
3,0,5,800,11.01291562016805
3,0,5,801,10.883634778086344
3,0,5,802,10.693402363332112
3,0,5,803,10.54073838780721
3,0,5,804,10.38605130030314
3,0,5,805,10.260488297780356
3,0,5,806,10.070402022298177
3,0,5,807,9.739817207845052
3,0,5,808,9.470744504292806
3,0,5,809,9.292838403320312
3,0,5,810,9.264479596328735
3,0,5,811,9.231074937184651
3,0,5,812,9.348173500315347
3,0,5,813,9.390322184117634
3,0,5,814,9.587613612620036
3,0,5,815,9.663363239796956
3,0,5,816,9.738367141215006
3,0,5,817,9.724440408325195
3,0,5,818,9.706177201843262
3,0,5,819,9.768468697102865
3,0,5,820,9.779814653015137
3,0,5,821,9.872140756479899
3,0,5,822,9.964387896982828
3,0,5,823,10.02529161046346
3,0,5,824,10.126918102518717
3,0,5,825,10.195030477142334
3,0,5,826,10.240006954447429
3,0,5,827,10.367411016082764
3,0,5,828,10.35136303100586
3,0,5,829,10.343106838480631
3,0,5,830,10.425844998677572
3,0,5,831,10.328268394724528
3,0,5,832,10.439529641469319
3,0,5,833,10.435053092956544
3,0,5,834,10.427407765197755
3,0,5,835,10.407987411753336
3,0,5,836,10.440537113952637
3,0,5,837,10.337575478108723
3,0,5,838,10.210872450002034
3,0,5,839,10.088044364420574
3,0,5,840,9.970756923421224
3,0,5,841,9.948098140207927
3,0,5,842,9.996755557759602
3,0,5,843,10.082461846669515
3,0,5,844,10.042638835144043
3,0,5,845,10.194103408813477
3,0,5,846,10.423284769948324
3,0,5,847,10.766183724212647
3,0,5,848,11.15124479675293
3,0,5,849,11.474143575541179
3,0,5,850,11.080339305877686
3,0,5,851,11.201232462819418
3,0,5,852,11.082433744557699
3,0,5,853,10.752298455047608
3,0,5,854,10.499204945373535
3,0,5,855,10.422862563578288
3,0,5,856,10.27577161509196
3,0,5,857,10.045224539693196
3,0,5,858,9.79837491048177
3,0,5,859,9.593897612508139
3,0,5,860,9.554432269795736
3,0,5,861,9.54363038965861
3,0,5,862,9.588853107452392
3,0,5,863,9.735246582539876
3,0,5,864,9.701558253224691
3,0,5,865,9.814047155253093
3,0,5,866,9.919007741038005
3,0,5,867,10.034518851979573
3,0,5,868,10.081489960225424
3,0,5,869,10.13127029800415
3,0,5,870,10.11710868326823
3,0,5,871,10.190129582977296
3,0,5,872,10.285200075785319
3,0,5,873,10.379783353678386
3,0,5,874,10.504600177256266
3,0,5,875,10.525126496632893
3,0,5,876,10.522674734242758
3,0,5,877,10.629994598388672
3,0,5,878,10.623266331736247
3,0,5,879,10.69187290318807
3,0,5,880,10.677340377044677
3,0,5,881,10.702029783121745
3,0,5,882,10.66644935201009
3,0,5,883,10.679837573750813
3,0,5,884,10.616969570159911
3,0,5,885,10.645657424672445
3,0,5,886,10.598913109842936
3,0,5,887,10.539039461008707
3,0,5,888,10.382080394999186
3,0,5,889,10.350733188120524
3,0,5,890,10.265388059234619
3,0,5,891,10.083681106058757
3,0,5,892,10.133875192769368
3,0,5,893,10.371419832102458
3,0,5,894,10.382212468719482
3,0,5,895,10.406596755472819
3,0,5,896,10.596494449615479
3,0,5,897,10.85979638036092
3,0,5,898,11.099900291188558
3,0,5,899,11.47751160100301
3,0,5,900,11.40605706685384
3,0,5,901,11.36055243581136
3,0,5,902,11.348919819132487
3,0,5,903,10.97988462270101
3,0,5,904,10.703763012186686
3,0,5,905,10.513146920522054
3,0,5,906,10.448781033070881
3,0,5,907,10.282096346282959
3,0,5,908,9.98428917134603
3,0,5,909,9.817519758351644
3,0,5,910,9.836216037750244
3,0,5,911,9.725672168477375
3,0,5,912,9.80949739405314
3,0,5,913,9.856532766977946
3,0,5,914,9.964504527537027
3,0,5,915,10.118989616902669
3,0,5,916,10.226359730529785
3,0,5,917,10.18707862930298
3,0,5,918,10.305119197336833
3,0,5,919,10.356777224477133
3,0,5,920,10.339389771016439
3,0,5,921,10.433524968210856
3,0,5,922,10.520823017374674
3,0,5,923,10.580430585225423
3,0,5,924,10.696152065022787
3,0,5,925,10.745821892293295
3,0,5,926,10.764604356129965
3,0,5,927,10.760619842274984
3,0,5,928,10.761085380808513
3,0,5,929,10.858345179239908
3,0,5,930,10.895029486338297
3,0,5,931,10.887172313690186
3,0,5,932,10.793251472473145
3,0,5,933,10.856227456665039
3,0,5,934,10.8044826365153
3,0,5,935,10.784060757446289
3,0,5,936,10.70619804611206
3,0,5,937,10.594213218943278
3,0,5,938,10.510335640207927
3,0,5,939,10.451784559885661
3,0,5,940,10.386700965881348
3,0,5,941,10.274531898752848
3,0,5,942,10.412704427337646
3,0,5,943,10.512603648630778
3,0,5,944,10.625147970581054
3,0,5,945,10.600666435241699
3,0,5,946,10.74775796101888
3,0,5,947,10.94008944574992
3,0,5,948,11.230577532196046
3,0,5,949,11.512027758280436
3,0,5,950,11.529734017690023
3,0,5,951,11.567557680002848
3,0,5,952,11.457876953379314
3,0,5,953,11.121147372945149
3,0,5,954,10.780287289428712
3,0,5,955,10.640588978830973
3,0,5,956,10.527414552561442
3,0,5,957,10.419831316884359
3,0,5,958,10.25833952255249
3,0,5,959,10.11218415781657
3,0,5,960,10.085672384897867
3,0,5,961,10.035325989786784
3,0,5,962,10.106781139882406
3,0,5,963,10.164760278066
3,0,5,964,10.35336506652832
3,0,5,965,10.353793496449788
3,0,5,966,10.442827454376221
3,0,5,967,10.508399693552652
3,0,5,968,10.504054712931316
3,0,5,969,10.514540501149495
3,0,5,970,10.579193227132162
3,0,5,971,10.664797837320963
3,0,5,972,10.70264638671875
3,0,5,973,10.881290891011556
3,0,5,974,10.894507518768311
3,0,5,975,10.957270263926189
3,0,5,976,10.975160538991293
3,0,5,977,11.031547743988037
3,0,5,978,10.99924769668579
3,0,5,979,10.998642659505208
3,0,5,980,11.041406644185384
3,0,5,981,11.045992493693033
3,0,5,982,11.024315079752604
3,0,5,983,11.025426693216959
3,0,5,984,10.941216988627115
3,0,5,985,10.919785334777831
3,0,5,986,10.821768672943115
3,0,5,987,10.758383480580648
3,0,5,988,10.640996488952636
3,0,5,989,10.581683669026694
3,0,5,990,10.489772681172688
3,0,5,991,10.51125474319458
3,0,5,992,10.501650075785319
3,0,5,993,10.677853184509278
3,0,5,994,10.842420008595784
3,0,5,995,10.842388317871094
3,0,5,996,10.832215797170003
3,0,5,997,10.986504960632324
3,0,5,998,11.190191951243083
3,0,5,999,11.446997966257731
3,0,5,1000,11.688587415313721
3,0,5,1001,11.60798505859375
3,0,5,1002,11.513719265238445
3,0,5,1003,11.162171797180175
3,0,5,1004,10.868359048207601
3,0,5,1005,10.729460105514526
3,0,5,1006,10.772098708089192
3,0,5,1007,10.623608686828613
3,0,5,1008,10.533158100128174
3,0,5,1009,10.289728472391765
3,0,5,1010,10.228234133402507
3,0,5,1011,10.254380719248454
3,0,5,1012,10.286528790283203
3,0,5,1013,10.402629342651368
3,0,5,1014,10.593848781585693
3,0,5,1015,10.57655900777181
3,0,5,1016,10.705133102162678
3,0,5,1017,10.701052645111083
3,0,5,1018,10.772196779123941
3,0,5,1019,10.74690369567871
3,0,5,1020,10.773257087453207
3,0,5,1021,10.842097475687662
3,0,5,1022,10.955176959991455
3,0,5,1023,11.068298652648926
3,0,5,1024,11.09872627360026
3,0,5,1025,11.081291043345134
3,0,5,1026,11.103860348002115
3,0,5,1027,11.102960044606526
3,0,5,1028,11.149397724405924
3,0,5,1029,11.126512191263835
3,0,5,1030,11.094266794077555
3,0,5,1031,11.18932931467692
3,0,5,1032,11.158995246887207
3,0,5,1033,11.159149814605714
3,0,5,1034,11.095551774088541
3,0,5,1035,11.039778454844157
3,0,5,1036,10.94399677988688
3,0,5,1037,10.906352347310385
3,0,5,1038,10.817885592397054
3,0,5,1039,10.720930479939778
3,0,5,1040,10.691928685760498
3,0,5,1041,10.531242719268798
3,0,5,1042,10.65993626912435
3,0,5,1043,10.829603828175863
3,0,5,1044,11.029550705210367
3,0,5,1045,11.032153910064697
3,0,5,1046,11.032252256011963
3,0,5,1047,11.127417401885987
3,0,5,1048,11.354248582967122
3,0,5,1049,11.612351608022054
3,0,5,1050,11.841504253133138
3,0,5,1051,11.723616121164957
3,0,5,1052,11.564810597229004
3,0,5,1053,11.247932294972738
3,0,5,1054,11.059745846557616
3,0,5,1055,10.933726208750407
3,0,5,1056,10.893807602945964
3,0,5,1057,10.81596163330078
3,0,5,1058,10.729051475779215
3,0,5,1059,10.637855343882244
3,0,5,1060,10.523311825052897
3,0,5,1061,10.574414540608723
3,0,5,1062,10.587215423075358
3,0,5,1063,10.605641150919597
3,0,5,1064,10.74288922068278
3,0,5,1065,10.786841477966309
3,0,5,1066,10.838216669209798
3,0,5,1067,10.770364000701905
3,0,5,1068,10.85883773803711
3,0,5,1069,10.855706699879963
3,0,5,1070,10.897003385925293
3,0,5,1071,11.002761485290527
3,0,5,1072,11.027280345408121
3,0,5,1073,11.10726924947103
3,0,5,1074,11.160657327779134
3,0,5,1075,11.239543507893881
3,0,5,1076,11.19833390680949
3,0,5,1077,11.252192918904623
3,0,5,1078,11.277405544281006
3,0,5,1079,11.29122784169515
3,0,5,1080,11.295830654652914
3,0,5,1081,11.29758028793335
3,0,5,1082,11.313969798787435
3,0,5,1083,11.334333472951252
3,0,5,1084,11.194996175638835
3,0,5,1085,11.173001839955647
3,0,5,1086,11.072848219807943
3,0,5,1087,10.981607099914552
3,0,5,1088,10.886831159718831
3,0,5,1089,10.838589443206788
3,0,5,1090,10.876310338846842
3,0,5,1091,10.73786954421997
3,0,5,1092,10.917633949534098
3,0,5,1093,11.035762815093994
3,0,5,1094,11.250609136454264
3,0,5,1095,11.243616552734375
3,0,5,1096,11.267076140594483
3,0,5,1097,11.300788519032796
3,0,5,1098,11.468746595255533
3,0,5,1099,11.59213107248942
3,0,5,1100,11.884383516947429
3,0,5,1101,11.812962580871583
3,0,5,1102,11.599908877309163
3,0,5,1103,11.461040389760335
3,0,5,1104,11.331919510904948
3,0,5,1105,11.258127605183919
3,0,5,1106,11.180252729288737
3,0,5,1107,11.225311862691244
3,0,5,1108,11.220078738149008
3,0,5,1109,11.228428685506184
3,0,5,1110,11.266224048105876
3,0,5,1111,11.277025012715658
3,0,5,1112,11.246869500478109
3,0,5,1113,11.140393960316976
3,0,5,1114,11.08202089691162
3,0,5,1115,11.029267062886555
3,0,5,1116,11.163416471862792
3,0,5,1117,11.15280197728475
3,0,5,1118,11.218659240976969
3,0,5,1119,11.288056627909343
3,0,5,1120,11.293525181325277
3,0,5,1121,11.385368217213948
3,0,5,1122,11.393524524943034
3,0,5,1123,11.338045736694337
3,0,5,1124,11.337250053405763
3,0,5,1125,11.328461357879638
3,0,5,1126,11.35025167058309
3,0,5,1127,11.38832146581014
3,0,5,1128,11.515013274383545
3,0,5,1129,11.518699618021648
3,0,5,1130,11.532282392120361
3,0,5,1131,11.54369732131958
3,0,5,1132,11.564068924458821
3,0,5,1133,11.524202819824218
3,0,5,1134,11.544103061421712
3,0,5,1135,11.453334306081135
3,0,5,1136,11.35759945042928
3,0,5,1137,11.386112266540527
3,0,5,1138,11.322892246754964
3,0,5,1139,11.411357372538248
3,0,5,1140,11.346524482472738
3,0,5,1141,11.408055862935385
3,0,5,1142,11.480179987335205
3,0,5,1143,11.525082055918375
3,0,5,1144,11.591342714945474
3,0,5,1145,11.647464080556233
3,0,5,1146,11.694324290466309
3,0,5,1147,11.732314751434327
3,0,5,1148,11.728799873606365
3,0,5,1149,11.790329415639242
3,0,5,1150,11.889361433919271
3,0,5,1151,11.857061388142904
3,0,5,1152,11.781978668721518
3,0,5,1153,11.68632251739502
3,0,5,1154,11.666029807027181
3,0,5,1155,11.559383755238851
3,0,5,1156,11.486047593688966
3,0,5,1157,11.428468102010092
3,0,5,1158,11.471693077850341
3,0,5,1159,11.47621237411499
3,0,5,1160,11.490769362894694
3,0,5,1161,11.489889978027344
3,0,5,1162,11.483624757385254
3,0,5,1163,11.43973184967041
3,0,5,1164,11.478391104634603
3,0,5,1165,11.454332248433431
3,0,5,1166,11.535892039998373
3,0,5,1167,11.561168642679851
3,0,5,1168,11.617973233032227
3,0,5,1169,11.714368794504802
3,0,5,1170,11.754525580088298
3,0,5,1171,11.730925849151612
3,0,5,1172,11.637996486663818
3,0,5,1173,11.440079764302572
3,0,5,1174,11.212954245758057
3,0,5,1175,11.125655499013265
3,0,5,1176,11.021844759114583
3,0,5,1177,11.110971417744954
3,0,5,1178,11.110681004333497
3,0,5,1179,11.236882887776693
3,0,5,1180,11.498724217732747
3,0,5,1181,11.647354385884602
3,0,5,1182,11.71973160756429
3,0,5,1183,11.813351919809977
3,0,5,1184,11.72486227238973
3,0,5,1185,11.618609536743165
3,0,5,1186,11.589117617797852
3,0,5,1187,11.465239290618896
3,0,5,1188,11.475337467447916
3,0,5,1189,11.452890616607666
3,0,5,1190,11.502686161549885
3,0,5,1191,11.57504427541097
3,0,5,1192,11.610829982503255
3,0,5,1193,11.647635393269857
3,0,5,1194,11.71379581375122
3,0,5,1195,11.785110626220703
3,0,5,1196,11.871580601501465
3,0,5,1197,11.936025717926025
3,0,5,1198,11.955483330790202
3,0,5,1199,12.030141422017415
3,0,5,1200,11.668120249430338
3,0,5,1201,11.689021834309896
3,0,5,1202,11.699736542510987
3,0,5,1203,11.724063257344564
3,0,5,1204,11.689504510243733
3,0,5,1205,11.735791969045003
3,0,5,1206,11.769269887797037
3,0,5,1207,11.751854046630859
3,0,5,1208,11.798517071533203
3,0,5,1209,11.743980808258057
3,0,5,1210,11.72643372116089
3,0,5,1211,11.744048741912842
3,0,5,1212,11.729218026733399
3,0,5,1213,11.779997716267903
3,0,5,1214,11.674097049967449
3,0,5,1215,11.590436681365967
3,0,5,1216,11.49541934076945
3,0,5,1217,11.422381782023113
3,0,5,1218,11.383502077738443
3,0,5,1219,11.28198541208903
3,0,5,1220,11.176732026163737
3,0,5,1221,11.120231422932942
3,0,5,1222,11.05740870997111
3,0,5,1223,11.008933894602457
3,0,5,1224,10.89452077255249
3,0,5,1225,10.929797935740153
3,0,5,1226,10.991377844492595
3,0,5,1227,11.149406150563557
3,0,5,1228,11.111751780192057
3,0,5,1229,11.242126797739665
3,0,5,1230,11.328186629740397
3,0,5,1231,11.338324554189047
3,0,5,1232,11.48744218343099
3,0,5,1233,11.62158266805013
3,0,5,1234,11.69577756245931
3,0,5,1235,11.738402880859375
3,0,5,1236,11.744777963002523
3,0,5,1237,11.734811921946207
3,0,5,1238,11.811552336374918
3,0,5,1239,11.79976871287028
3,0,5,1240,11.762800072224936
3,0,5,1241,11.803439525349935
3,0,5,1242,11.784556145477294
3,0,5,1243,11.829578117116291
3,0,5,1244,11.85190227686564
3,0,5,1245,11.866983921305339
3,0,5,1246,11.855332675425212
3,0,5,1247,11.883669536336264
3,0,5,1248,11.843374127960205
3,0,5,1249,11.878410810089111
3,0,6,0,8.765903819147745
3,0,6,1,8.689265674718222
3,0,6,2,8.723794137446086
3,0,6,3,8.729823690668741
3,0,6,4,8.660273191579183
3,0,6,5,8.672595840326945
3,0,6,6,8.630889851125081
3,0,6,7,8.618811528142293
3,0,6,8,8.592841581726073
3,0,6,9,8.575735490671793
3,0,6,10,8.57544366455078
3,0,6,11,8.564765741729737
3,0,6,12,8.539050704701742
3,0,6,13,8.544253456115722
3,0,6,14,8.531988912328083
3,0,6,15,8.531034131622315
3,0,6,16,8.550360612742105
3,0,6,17,8.571128614679973
3,0,6,18,8.59451599667867
3,0,6,19,8.570389469273884
3,0,6,20,8.579331442642212
3,0,6,21,8.604135515848796
3,0,6,22,8.646974644724528
3,0,6,23,8.641757301839192
3,0,6,24,8.645217520205179
3,0,6,25,8.696545472335815
3,0,6,26,8.688408829752603
3,0,6,27,8.720415048472086
3,0,6,28,8.779388396199545
3,0,6,29,8.743546815745036
3,0,6,30,8.77882185605367
3,0,6,31,8.78549581375122
3,0,6,32,8.884967966461181
3,0,6,33,8.858310777282714
3,0,6,34,8.857670147705079
3,0,6,35,8.883735388183593
3,0,6,36,8.8875313814799
3,0,6,37,8.937966676330566
3,0,6,38,8.951918921279907
3,0,6,39,8.977093485005696
3,0,6,40,9.015917757542928
3,0,6,41,9.026798592122395
3,0,6,42,9.02550317179362
3,0,6,43,9.055114497121176
3,0,6,44,9.029675588607788
3,0,6,45,9.07373007698059
3,0,6,46,9.050766591644287
3,0,6,47,9.027301755269368
3,0,6,48,9.026161327489216
3,0,6,49,8.996168388112386
3,0,6,50,8.878304222361248
3,0,6,51,8.805002690124512
3,0,6,52,8.719479669443766
3,0,6,53,8.656749055353801
3,0,6,54,8.615071240615844
3,0,6,55,8.594715985743205
3,0,6,56,8.562911786015828
3,0,6,57,8.526262094751994
3,0,6,58,8.439848744837443
3,0,6,59,8.408453248977661
3,0,6,60,8.373313641103108
3,0,6,61,8.338961060969035
3,0,6,62,8.263682748921712
3,0,6,63,8.313274930445353
3,0,6,64,8.26001196416219
3,0,6,65,8.230265235392253
3,0,6,66,8.276496031443278
3,0,6,67,8.259292319742839
3,0,6,68,8.34566440073649
3,0,6,69,8.38227336285909
3,0,6,70,8.418651856740317
3,0,6,71,8.481927557118734
3,0,6,72,8.477224754842123
3,0,6,73,8.569215708796182
3,0,6,74,8.606097240956624
3,0,6,75,8.736422210820516
3,0,6,76,8.804952303822835
3,0,6,77,8.9276493338267
3,0,6,78,8.931311652628581
3,0,6,79,9.018263525390624
3,0,6,80,9.100752197011312
3,0,6,81,9.189432726287842
3,0,6,82,9.215046173095702
3,0,6,83,9.293902535502117
3,0,6,84,9.320739349619547
3,0,6,85,9.318953894042968
3,0,6,86,9.311182089742024
3,0,6,87,9.348991515096028
3,0,6,88,9.402863085047404
3,0,6,89,9.446633958435058
3,0,6,90,9.517433940124512
3,0,6,91,9.514150330607096
3,0,6,92,9.601863417689005
3,0,6,93,9.59953290011088
3,0,6,94,9.577058610788981
3,0,6,95,9.552178740183512
3,0,6,96,9.582665099080403
3,0,6,97,9.57222964401245
3,0,6,98,9.52930024693807
3,0,6,99,9.55297607981364
3,0,6,100,9.10361443494161
3,0,6,101,9.033725881576538
3,0,6,102,8.89202279103597
3,0,6,103,8.819833801523844
3,0,6,104,8.74197451133728
3,0,6,105,8.589381690979003
3,0,6,106,8.49689783299764
3,0,6,107,8.45821142578125
3,0,6,108,8.360234725062053
3,0,6,109,8.312346620305378
3,0,6,110,8.22910240872701
3,0,6,111,8.19028690884908
3,0,6,112,8.152176269785564
3,0,6,113,8.103916207504273
3,0,6,114,8.116387409845988
3,0,6,115,8.127395072682699
3,0,6,116,8.117078812789916
3,0,6,117,8.148533076349894
3,0,6,118,8.156659918594361
3,0,6,119,8.207366488774618
3,0,6,120,8.272298700968424
3,0,6,121,8.288628606414795
3,0,6,122,8.470850280634561
3,0,6,123,8.462637378056844
3,0,6,124,8.612353052139282
3,0,6,125,8.756429045613606
3,0,6,126,8.85751656036377
3,0,6,127,8.948107027943928
3,0,6,128,9.091607409667969
3,0,6,129,9.188752995554607
3,0,6,130,9.264547608820598
3,0,6,131,9.365605492401123
3,0,6,132,9.452018441009521
3,0,6,133,9.430840253448487
3,0,6,134,9.530998844909668
3,0,6,135,9.593386154937743
3,0,6,136,9.623026320902506
3,0,6,137,9.644842650604248
3,0,6,138,9.639699419148762
3,0,6,139,9.69009722595215
3,0,6,140,9.675201668167114
3,0,6,141,9.78201857732137
3,0,6,142,9.91463961461385
3,0,6,143,9.929894092559815
3,0,6,144,9.909582005310059
3,0,6,145,9.944252712504069
3,0,6,146,9.882870953877767
3,0,6,147,9.865634927622477
3,0,6,148,9.825697820281983
3,0,6,149,9.883076330312093
3,0,6,150,9.376366556549073
3,0,6,151,9.181195416768391
3,0,6,152,9.073634486897786
3,0,6,153,8.964119487126668
3,0,6,154,8.863499072519938
3,0,6,155,8.66786406771342
3,0,6,156,8.60223762779236
3,0,6,157,8.501895641072592
3,0,6,158,8.40301898880005
3,0,6,159,8.287678505071005
3,0,6,160,8.179263626988728
3,0,6,161,8.1416528851827
3,0,6,162,8.076397885258993
3,0,6,163,8.065061446253459
3,0,6,164,8.009672069295247
3,0,6,165,8.013627927907308
3,0,6,166,7.971381148274739
3,0,6,167,8.031870657602946
3,0,6,168,8.043352297592163
3,0,6,169,8.113382508468629
3,0,6,170,8.15786297709147
3,0,6,171,8.219270027796428
3,0,6,172,8.3078544506073
3,0,6,173,8.415304985427856
3,0,6,174,8.520161306889852
3,0,6,175,8.68568975906372
3,0,6,176,8.8382390818278
3,0,6,177,9.007455497105916
3,0,6,178,9.126127424112955
3,0,6,179,9.261153637695312
3,0,6,420,8.178887237421671
3,0,6,421,8.271352151107788
3,0,6,422,8.284357777913412
3,0,6,423,8.412989757537842
3,0,6,424,8.483807219823202
3,0,6,425,8.658379026285807
3,0,6,426,8.740141222508749
3,0,6,427,8.847115275319418
3,0,6,428,8.898764713923136
3,0,6,429,9.043536082204183
3,0,6,430,9.163416681671142
3,0,6,431,9.398794360605876
3,0,6,432,9.495796753184
3,0,6,433,9.681003627522786
3,0,6,434,9.8646137646993
3,0,6,435,9.977327313232422
3,0,6,436,10.066856649017334
3,0,6,437,10.16520904744466
3,0,6,438,10.232480459340414
3,0,6,439,10.16058994471232
3,0,6,440,10.240537903849283
3,0,6,441,10.304807501475016
3,0,6,442,10.351116743723551
3,0,6,443,10.369338370513915
3,0,6,444,10.298576235707602
3,0,6,445,10.146849737548829
3,0,6,446,10.040070031229655
3,0,6,447,10.05097845916748
3,0,6,448,10.148435860188803
3,0,6,449,10.351175597890219
3,0,6,450,10.471058948516845
3,0,6,451,10.272407472483318
3,0,6,452,9.741738498687743
3,0,6,453,9.38582408320109
3,0,6,454,9.290254211807252
3,0,6,455,9.28794718577067
3,0,6,456,9.1550050365448
3,0,6,457,9.089609900156656
3,0,6,458,8.864044333267213
3,0,6,459,8.759539724222819
3,0,6,460,8.580169946924846
3,0,6,461,8.531629500071208
3,0,6,462,8.410625114822388
3,0,6,463,8.376413972600302
3,0,6,464,8.27829873936971
3,0,6,465,8.279633782704671
3,0,6,466,8.253865613683065
3,0,6,467,8.252857182820637
3,0,6,468,8.304816859181722
3,0,6,469,8.387021535110474
3,0,6,470,8.395683941014608
3,0,6,471,8.483734768803915
3,0,6,472,8.55868852742513
3,0,6,473,8.627766186014812
3,0,6,474,8.755603135172526
3,0,6,475,8.88300272356669
3,0,6,476,9.011919160461426
3,0,6,477,9.047257778930664
3,0,6,478,9.068172576904297
3,0,6,479,9.248523017628987
3,0,6,480,9.36154721883138
3,0,6,481,9.454713406626384
3,0,6,482,9.551488160451253
3,0,6,483,9.663673541005453
3,0,6,484,9.818527612304688
3,0,6,485,9.864142024739584
3,0,6,486,10.008085533650716
3,0,6,487,10.059218014272053
3,0,6,488,10.18208704630534
3,0,6,489,10.192672973124186
3,0,6,490,10.217798870340983
3,0,6,491,10.194008789825439
3,0,6,492,10.257147644042968
3,0,6,493,10.354692886861166
3,0,6,494,10.298293910980224
3,0,6,495,10.07503742090861
3,0,6,496,10.005475647481283
3,0,6,497,10.02097098795573
3,0,6,498,10.187856105804443
3,0,6,499,10.444351592763265
3,0,6,500,10.632946154785156
3,0,6,501,10.42109641647339
3,0,6,502,9.898293163045247
3,0,6,503,9.552851569112143
3,0,6,504,9.433216464233398
3,0,6,505,9.386889793141682
3,0,6,506,9.250834981409708
3,0,6,507,9.118945113881429
3,0,6,508,9.04591141535441
3,0,6,509,8.872944332122803
3,0,6,510,8.729567986679077
3,0,6,511,8.65872557220459
3,0,6,512,8.566301391092937
3,0,6,513,8.551817105992635
3,0,6,514,8.52487840423584
3,0,6,515,8.491021482976278
3,0,6,516,8.48771632232666
3,0,6,517,8.50940585975647
3,0,6,518,8.534257988993327
3,0,6,519,8.575281152089437
3,0,6,520,8.616246010462444
3,0,6,521,8.67726927769979
3,0,6,522,8.767371710713704
3,0,6,523,8.88902895673116
3,0,6,524,8.953636676534018
3,0,6,525,9.00585737431844
3,0,6,526,9.05171119702657
3,0,6,527,9.169052510325114
3,0,6,528,9.231735177612304
3,0,6,529,9.339475123087565
3,0,6,530,9.399994068400066
3,0,6,531,9.467615641530355
3,0,6,532,9.600557123057047
3,0,6,533,9.692905715433756
3,0,6,534,9.83369738260905
3,0,6,535,9.967185883839925
3,0,6,536,9.943647234853108
3,0,6,537,10.03848729616801
3,0,6,538,10.06436018931071
3,0,6,539,10.102656780497233
3,0,6,540,10.054642736180623
3,0,6,541,10.098940885670979
3,0,6,542,10.13832754796346
3,0,6,543,10.13075330505371
3,0,6,544,10.089479233551025
3,0,6,545,9.934729324595134
3,0,6,546,9.905212963358561
3,0,6,547,10.036645543924967
3,0,6,548,10.356421651967366
3,0,6,549,10.651711017862956
3,0,6,550,10.747923937988281
3,0,6,551,10.499294199879964
3,0,6,552,10.093786056772867
3,0,6,553,9.739139537556966
3,0,6,554,9.721584285990398
3,0,6,555,9.675822915649414
3,0,6,556,9.488680561065674
3,0,6,557,9.323805868784586
3,0,6,558,9.155565447998047
3,0,6,559,8.934887334696452
3,0,6,560,8.862825902048746
3,0,6,561,8.899920062001547
3,0,6,562,8.826028656514486
3,0,6,563,8.756093625386557
3,0,6,564,8.726969682947795
3,0,6,565,8.538684026972453
3,0,6,566,8.620626247660319
3,0,6,567,8.557033895365397
3,0,6,568,8.605965435155232
3,0,6,569,8.625748240661622
3,0,6,570,8.695122715886434
3,0,6,571,8.76491041285197
3,0,6,572,8.81627308476766
3,0,6,573,8.91069875946045
3,0,6,574,8.985164037068685
3,0,6,575,9.144222732289633
3,0,6,576,9.176753174463908
3,0,6,577,9.267570855458578
3,0,6,578,9.331023954772949
3,0,6,579,9.387075162506104
3,0,6,580,9.493287007649739
3,0,6,581,9.591518023935954
3,0,6,582,9.678289072418213
3,0,6,583,9.754640712738038
3,0,6,584,9.917920685068767
3,0,6,585,9.955586344401041
3,0,6,586,10.03935403544108
3,0,6,587,10.158865853373209
3,0,6,588,10.076874415842692
3,0,6,589,10.156270404815674
3,0,6,590,10.060379792022704
3,0,6,591,10.051495430755615
3,0,6,592,10.09871929880778
3,0,6,593,10.12432358678182
3,0,6,594,9.968580526479085
3,0,6,595,9.892798122406006
3,0,6,596,9.947253740183513
3,0,6,597,10.143047341664632
3,0,6,598,10.58934273630778
3,0,6,599,10.933039627075196
3,0,6,600,10.827843305460611
3,0,6,601,10.478200159708658
3,0,6,602,10.289958482615154
3,0,6,603,9.95396512781779
3,0,6,604,9.928016162618002
3,0,6,605,9.877650668334962
3,0,6,606,9.753492187245687
3,0,6,607,9.5196155863444
3,0,6,608,9.269911321512858
3,0,6,609,9.143690873718262
3,0,6,610,9.019724141693116
3,0,6,611,9.002622997283936
3,0,6,612,9.087626024627685
3,0,6,613,9.0984671362559
3,0,6,614,9.092555528004965
3,0,6,615,9.033255950927735
3,0,6,616,8.959060866673788
3,0,6,617,8.92430323562622
3,0,6,618,8.93100146522522
3,0,6,619,8.917015270868937
3,0,6,620,8.960139865112305
3,0,6,621,9.01618200556437
3,0,6,622,9.074320581817627
3,0,6,623,9.230709001413981
3,0,6,624,9.232668676503499
3,0,6,625,9.398140248616537
3,0,6,626,9.491812901051839
3,0,6,627,9.55508822148641
3,0,6,628,9.681519552103678
3,0,6,629,9.744448570760092
3,0,6,630,9.761615207672119
3,0,6,631,9.814337335713704
3,0,6,632,9.806616129048665
3,0,6,633,9.899493577829997
3,0,6,634,10.031253801472982
3,0,6,635,9.948087255096436
3,0,6,636,10.088782418568929
3,0,6,637,10.133253666432699
3,0,6,638,10.184500429280599
3,0,6,639,10.120646960957846
3,0,6,640,10.116244924163817
3,0,6,641,10.066848816680908
3,0,6,642,10.064644155120849
3,0,6,643,10.095720490264892
3,0,6,644,10.02697141901652
3,0,6,645,9.968747315216065
3,0,6,646,9.961718014780681
3,0,6,647,10.2873789255778
3,0,6,648,10.634551309458415
3,0,6,649,11.035045845540365
3,0,6,650,10.951163064575196
3,0,6,651,10.4495599067688
3,0,6,652,10.390147305043538
3,0,6,653,10.129793583933512
3,0,6,654,10.063930960845948
3,0,6,655,10.036268387858073
3,0,6,656,9.863633874257406
3,0,6,657,9.652509052022298
3,0,6,658,9.412384819539389
3,0,6,659,9.22345949935913
3,0,6,660,9.093509841156006
3,0,6,661,9.104793533579508
3,0,6,662,9.138362017822265
3,0,6,663,9.191332677459716
3,0,6,664,9.259448630396525
3,0,6,665,9.29707132466634
3,0,6,666,9.287615801239014
3,0,6,667,9.207235571543375
3,0,6,668,9.231708117167155
3,0,6,669,9.169070605977376
3,0,6,670,9.234647578175863
3,0,6,671,9.228602001953124
3,0,6,672,9.284335303243001
3,0,6,673,9.36714882405599
3,0,6,674,9.408721997324626
3,0,6,675,9.562861762873332
3,0,6,676,9.615874675242106
3,0,6,677,9.642110676320394
3,0,6,678,9.687929274495442
3,0,6,679,9.815728532155354
3,0,6,680,9.917603742726644
3,0,6,681,9.959387136586507
3,0,6,682,9.99546691385905
3,0,6,683,10.062027941131591
3,0,6,684,10.13047293141683
3,0,6,685,10.18732519048055
3,0,6,686,10.207909137217204
3,0,6,687,10.234743578592937
3,0,6,688,10.213894600931804
3,0,6,689,10.180244491068523
3,0,6,690,10.080310119883219
3,0,6,691,10.121739368693033
3,0,6,692,10.175344609324137
3,0,6,693,10.188754019419353
3,0,6,694,10.009023618825276
3,0,6,695,10.008300618743897
3,0,6,696,10.172521414947509
3,0,6,697,10.47678904724121
3,0,6,698,10.8563563138326
3,0,6,699,11.230201295216878
3,0,6,700,11.108408206176758
3,0,6,701,10.543156605784098
3,0,6,702,10.463441725921632
3,0,6,703,10.260705403645833
3,0,6,704,10.237704856618246
3,0,6,705,10.043192477162679
3,0,6,706,9.86344658610026
3,0,6,707,9.622945797475179
3,0,6,708,9.34086679128011
3,0,6,709,9.200900564066568
3,0,6,710,9.252302494557698
3,0,6,711,9.21716325263977
3,0,6,712,9.209956267801921
3,0,6,713,9.380149493408203
3,0,6,714,9.395815847778321
3,0,6,715,9.46245493253072
3,0,6,716,9.451441071573893
3,0,6,717,9.395322238667806
3,0,6,718,9.387798862202962
3,0,6,719,9.380010601298014
3,0,6,720,9.403480675760905
3,0,6,721,9.462424954477946
3,0,6,722,9.592319728597005
3,0,6,723,9.594147346623739
3,0,6,724,9.724456297810873
3,0,6,725,9.821782215627035
3,0,6,726,9.867524824523926
3,0,6,727,10.045190691375732
3,0,6,728,9.9748488377889
3,0,6,729,10.018423914591471
3,0,6,730,10.07283328704834
3,0,6,731,10.148503125
3,0,6,732,10.14510538330078
3,0,6,733,10.172176619720458
3,0,6,734,10.18039808069865
3,0,6,735,10.247574633280436
3,0,6,736,10.276595257059734
3,0,6,737,10.279316696166992
3,0,6,738,10.257742335764567
3,0,6,739,10.259982014211019
3,0,6,740,10.213668411254883
3,0,6,741,10.179621054585775
3,0,6,742,10.166600479634603
3,0,6,743,10.146640242258707
3,0,6,744,10.10550597712199
3,0,6,745,10.089955170694987
3,0,6,746,10.189786299387613
3,0,6,747,10.505327247619629
3,0,6,748,10.884780869293213
3,0,6,749,11.349943458048502
3,0,6,750,11.0269752591451
3,0,6,751,10.737098297373453
3,0,6,752,10.507372939809164
3,0,6,753,10.322682302347818
3,0,6,754,10.173274001312256
3,0,6,755,10.081694223022462
3,0,6,756,9.822037401072183
3,0,6,757,9.524785581715902
3,0,6,758,9.237957406107585
3,0,6,759,9.13405269978841
3,0,6,760,9.146184387461345
3,0,6,761,9.127541313680013
3,0,6,762,9.198762996673583
3,0,6,763,9.357014730834962
3,0,6,764,9.465793712361654
3,0,6,765,9.566523134613037
3,0,6,766,9.66730107269287
3,0,6,767,9.623449179585775
3,0,6,768,9.612590556589762
3,0,6,769,9.579794329579672
3,0,6,770,9.65401871693929
3,0,6,771,9.704730506896972
3,0,6,772,9.677279541778564
3,0,6,773,9.869534205627442
3,0,6,774,9.935502165985108
3,0,6,775,9.947882745869954
3,0,6,776,10.062062636566163
3,0,6,777,10.11128145573934
3,0,6,778,10.208612142690022
3,0,6,779,10.226110137176514
3,0,6,780,10.267666749572754
3,0,6,781,10.409727096557617
3,0,6,782,10.28324090576172
3,0,6,783,10.248163469696046
3,0,6,784,10.252266651407878
3,0,6,785,10.24611562423706
3,0,6,786,10.222687368265788
3,0,6,787,10.248391095225017
3,0,6,788,10.21517348912557
3,0,6,789,10.084093117777506
3,0,6,790,10.055114475250244
3,0,6,791,9.961816155751546
3,0,6,792,9.945202571614583
3,0,6,793,10.056106752268473
3,0,6,794,10.071299686686197
3,0,6,795,10.106150555292766
3,0,6,796,10.20053458404541
3,0,6,797,10.50906256535848
3,0,6,798,11.012642946116129
3,0,6,799,11.355280171203614
3,0,6,800,11.089418708546956
3,0,6,801,10.960137140909831
3,0,6,802,10.769903778076172
3,0,6,803,10.617240440368652
3,0,6,804,10.462554201253255
3,0,6,805,10.336991292317709
3,0,6,806,10.146904484303793
3,0,6,807,9.816319172159831
3,0,6,808,9.547246144866943
3,0,6,809,9.369340168762207
3,0,6,810,9.340981073760986
3,0,6,811,9.307576456451416
3,0,6,812,9.424675270843506
3,0,6,813,9.46682401860555
3,0,6,814,9.664115819549561
3,0,6,815,9.739865515899659
3,0,6,816,9.814869295247396
3,0,6,817,9.800942463429768
3,0,6,818,9.782679370117188
3,0,6,819,9.844970987447104
3,0,6,820,9.856316892242432
3,0,6,821,9.948643174235025
3,0,6,822,10.040890228271484
3,0,6,823,10.101794006601969
3,0,6,824,10.203420540873209
3,0,6,825,10.271533027648927
3,0,6,826,10.316509430440266
3,0,6,827,10.443913668314616
3,0,6,828,10.427865755462646
3,0,6,829,10.419609580230713
3,0,6,830,10.50234761912028
3,0,6,831,10.404771091206868
3,0,6,832,10.516032405598958
3,0,6,833,10.511555887858073
3,0,6,834,10.50391037979126
3,0,6,835,10.484490305836996
3,0,6,836,10.517039882151286
3,0,6,837,10.41407847366333
3,0,6,838,10.287375291697185
3,0,6,839,10.164547284698486
3,0,6,840,10.047259816233318
3,0,6,841,10.024600819142659
3,0,6,842,10.07325807876587
3,0,6,843,10.158964584604899
3,0,6,844,10.11914157892863
3,0,6,845,10.270605987294514
3,0,6,846,10.499787117258707
3,0,6,847,10.842685889689127
3,0,6,848,11.22774707107544
3,0,6,849,11.550646021016439
3,0,6,850,11.156842091115315
3,0,6,851,11.277735175832113
3,0,6,852,11.158935759480794
3,0,6,853,10.828800921122234
3,0,6,854,10.575708482615154
3,0,6,855,10.499365963745117
3,0,6,856,10.35227449569702
3,0,6,857,10.121727151234944
3,0,6,858,9.874877142333984
3,0,6,859,9.670399868265788
3,0,6,860,9.630934430440266
3,0,6,861,9.620132352701823
3,0,6,862,9.66535534769694
3,0,6,863,9.81174909769694
3,0,6,864,9.77806067199707
3,0,6,865,9.890549527231853
3,0,6,866,9.995510200246175
3,0,6,867,10.111021491241456
3,0,6,868,10.157992417653402
3,0,6,869,10.207772858683269
3,0,6,870,10.193611289723714
3,0,6,871,10.266632261912028
3,0,6,872,10.361702735900879
3,0,6,873,10.456286108652751
3,0,6,874,10.581103017934163
3,0,6,875,10.601629284922282
3,0,6,876,10.59917769317627
3,0,6,877,10.706497547149658
3,0,6,878,10.699769464874267
3,0,6,879,10.768375867207846
3,0,6,880,10.753843502553304
3,0,6,881,10.77853282699585
3,0,6,882,10.742952265675862
3,0,6,883,10.756340675099691
3,0,6,884,10.693472572072347
3,0,6,885,10.722160432942708
3,0,6,886,10.675416264088948
3,0,6,887,10.615542942555745
3,0,6,888,10.4585837987264
3,0,6,889,10.427236575317384
3,0,6,890,10.341891487121583
3,0,6,891,10.160184448496501
3,0,6,892,10.210378394063314
3,0,6,893,10.44792300008138
3,0,6,894,10.458715714009603
3,0,6,895,10.483099959818523
3,0,6,896,10.672997475687662
3,0,6,897,10.936299181365968
3,0,6,898,11.17640287399292
3,0,6,899,11.554014222462971
3,0,6,900,11.482560092163085
3,0,6,901,11.437055292256673
3,0,6,902,11.425422926076253
3,0,6,903,11.056388062032063
3,0,6,904,10.780266975402832
3,0,6,905,10.589650710042317
3,0,6,906,10.525284795125325
3,0,6,907,10.35859968846639
3,0,6,908,10.060792308807374
3,0,6,909,9.894022667694092
3,0,6,910,9.912718761189778
3,0,6,911,9.802174853515625
3,0,6,912,9.88600040359497
3,0,6,913,9.933035694376628
3,0,6,914,10.041007689666747
3,0,6,915,10.195492603302002
3,0,6,916,10.30286275507609
3,0,6,917,10.263581638081869
3,0,6,918,10.381622132110596
3,0,6,919,10.4332802927653
3,0,6,920,10.415893016052246
3,0,6,921,10.510028227488199
3,0,6,922,10.597326139322917
3,0,6,923,10.656933976745606
3,0,6,924,10.772655502065023
3,0,6,925,10.822325231424967
3,0,6,926,10.841107829284669
3,0,6,927,10.83712350285848
3,0,6,928,10.837589137776693
3,0,6,929,10.934848874409994
3,0,6,930,10.971533173624675
3,0,6,931,10.963675872802735
3,0,6,932,10.869755149841309
3,0,6,933,10.932731231943766
3,0,6,934,10.88098620707194
3,0,6,935,10.860564229075115
3,0,6,936,10.782701745859782
3,0,6,937,10.670717052968342
3,0,6,938,10.586839483388266
3,0,6,939,10.5282885055542
3,0,6,940,10.463204963175455
3,0,6,941,10.351036031595866
3,0,6,942,10.489208323160808
3,0,6,943,10.589107546488444
3,0,6,944,10.701651889038086
3,0,6,945,10.677170262654622
3,0,6,946,10.824261610412597
3,0,6,947,11.016592696126303
3,0,6,948,11.307080409240722
3,0,6,949,11.588530439503987
3,0,6,950,11.606236906178792
3,0,6,951,11.644060718536377
3,0,6,952,11.53438032989502
3,0,6,953,11.197651062520345
3,0,6,954,10.856791091410319
3,0,6,955,10.717092906951905
3,0,6,956,10.603918300882976
3,0,6,957,10.496334847005208
3,0,6,958,10.334842962900797
3,0,6,959,10.188687253570556
3,0,6,960,10.162175377655029
3,0,6,961,10.11182916056315
3,0,6,962,10.183284426879883
3,0,6,963,10.241263242721558
3,0,6,964,10.429868145751954
3,0,6,965,10.43029655227661
3,0,6,966,10.519330442301433
3,0,6,967,10.584902709197998
3,0,6,968,10.58055780359904
3,0,6,969,10.591043610127766
3,0,6,970,10.655696597290039
3,0,6,971,10.741301309204102
3,0,6,972,10.779149871571859
3,0,6,973,10.95779429244995
3,0,6,974,10.971010945383707
3,0,6,975,11.033773694864909
3,0,6,976,11.051664103953044
3,0,6,977,11.108051527913412
3,0,6,978,11.075751428985596
3,0,6,979,11.075146463012695
3,0,6,980,11.117910275522869
3,0,6,981,11.122496126556397
3,0,6,982,11.100818636576335
3,0,6,983,11.10193031692505
3,0,6,984,11.017720598856608
3,0,6,985,10.996288784281413
3,0,6,986,10.898272440592448
3,0,6,987,10.834887107340494
3,0,6,988,10.717500043996175
3,0,6,989,10.658187334950766
3,0,6,990,10.566276559448243
3,0,6,991,10.587758643341065
3,0,6,992,10.578154038238525
3,0,6,993,10.75435689646403
3,0,6,994,10.918923633066813
3,0,6,995,10.918891998291016
3,0,6,996,10.908719355773925
3,0,6,997,11.063008276367187
3,0,6,998,11.26669500986735
3,0,6,999,11.523500838216146
3,0,6,1000,11.765090846761067
3,0,6,1001,11.68448858642578
3,0,6,1002,11.590222800445556
3,0,6,1003,11.238675962320963
3,0,6,1004,10.944863488769531
3,0,6,1005,10.805964418029784
3,0,6,1006,10.848602895355224
3,0,6,1007,10.70011285273234
3,0,6,1008,10.609662338002522
3,0,6,1009,10.366232387034099
3,0,6,1010,10.304738302103678
3,0,6,1011,10.330885373179118
3,0,6,1012,10.363033286031087
3,0,6,1013,10.47913397878011
3,0,6,1014,10.670353154500326
3,0,6,1015,10.653063219706217
3,0,6,1016,10.781637195587159
3,0,6,1017,10.777556817118327
3,0,6,1018,10.848700881958008
3,0,6,1019,10.823407707977294
3,0,6,1120,11.370027095031737
3,0,6,1121,11.461869732411703
3,0,6,1122,11.470025911712646
3,0,6,1123,11.414546747334798
3,0,6,1124,11.41375068359375
3,0,6,1125,11.40496178817749
3,0,6,1126,11.42675221303304
3,0,6,1127,11.464822018941243
3,0,6,1128,11.591513788604736
3,0,6,1129,11.5952001024882
3,0,6,1130,11.608783034006754
3,0,6,1131,11.620197951253255
3,0,6,1132,11.640569628651937
3,0,6,1133,11.600703625996907
3,0,6,1134,11.620604189809164
3,0,6,1135,11.52983543548584
3,0,6,1136,11.434100543467205
3,0,6,1137,11.462613403320313
3,0,6,1138,11.399393438975016
3,0,6,1139,11.487858648681641
3,0,6,1140,11.423025759379069
3,0,6,1141,11.484557322184244
3,0,6,1142,11.556681673177083
3,0,6,1143,11.601583808644612
3,0,6,1144,11.667844561004639
3,0,6,1145,11.723965742492675
3,0,6,1146,11.770825868733723
3,0,6,1147,11.808816163635253
3,0,6,1148,11.805301312764486
3,0,6,1149,11.866830537668864
3,0,6,1150,11.96586179784139
3,0,6,1151,11.933561679840087
3,0,6,1152,11.858478751881917
3,0,6,1153,11.762822569783529
3,0,6,1154,11.742529870096842
3,0,6,1155,11.635883787027995
3,0,6,1156,11.56254766998291
3,0,6,1157,11.504968177541096
3,0,6,1158,11.548193521626791
3,0,6,1159,11.552712872314453
3,0,6,1160,11.567269670359293
3,0,6,1161,11.566390255482991
3,0,6,1162,11.560125141906738
3,0,6,1163,11.516232176208495
3,0,6,1164,11.554891383107503
3,0,6,1165,11.530832489013672
3,0,6,1166,11.61239206492106
3,0,6,1167,11.637668513743083
3,0,6,1168,11.694473200225831
3,0,6,1169,11.790868599446615
3,0,6,1170,11.831025814056396
3,0,6,1171,11.807426155598959
3,0,6,1172,11.714496954345703
3,0,6,1173,11.516580468495686
3,0,6,1174,11.289454957326253
3,0,6,1175,11.20215655415853
3,0,6,1176,11.09834578857422
3,0,6,1177,11.187472401428222
3,0,6,1178,11.187181926218669
3,0,6,1179,11.313383726247151
3,0,6,1180,11.575224964650472
3,0,6,1181,11.723855120595296
3,0,6,1182,11.796232181040446
3,0,6,1183,11.889852127838134
3,0,6,1184,11.801362165323892
3,0,6,1185,11.695109340413412
3,0,6,1186,11.665617467244466
3,0,6,1187,11.541739251963298
3,0,6,1188,11.551837669881184
3,0,6,1189,11.529390736134847
3,0,6,1190,11.57918624903361
3,0,6,1191,11.651544639841715
3,0,6,1192,11.687330487569174
3,0,6,1193,11.724135988108317
3,0,6,1194,11.790296384684245
3,0,6,1195,11.861611413319906
3,0,6,1196,11.948081262969971
3,0,6,1197,12.012526394399007
3,0,6,1198,12.031983950805664
3,0,6,1199,12.106642138163249
3,0,6,1200,11.744621143341064
3,0,6,1201,11.765522727966308
3,0,6,1202,11.77623732808431
3,0,6,1203,11.800563929494222
3,0,6,1204,11.766005224609374
3,0,6,1205,11.812292732747396
3,0,6,1206,11.845770794932047
3,0,6,1207,11.828354875183106
3,0,6,1208,11.875018068440756
3,0,6,1209,11.820481796010336
3,0,6,1210,11.802934821828206
3,0,6,1211,11.820549842325846
3,0,6,1212,11.805719229634603
3,0,6,1213,11.856498876698812
3,0,6,1214,11.750598183695475
3,0,6,1215,11.666937901051838
3,0,6,1216,11.571920552317302
3,0,6,1217,11.498882968902588
3,0,6,1218,11.460003159077962
3,0,6,1219,11.358486487070719
3,0,6,1220,11.253233297983805
3,0,6,1221,11.196732652028402
3,0,6,1222,11.133909903717042
3,0,6,1223,11.085435138956706
3,0,6,1224,10.971021960957845
3,0,6,1225,11.006299287923177
3,0,6,1226,11.067879253387451
3,0,6,1227,11.22590751622518
3,0,6,1228,11.18825312016805
3,0,6,1229,11.3186281346639
3,0,6,1230,11.404688020324707
3,0,6,1231,11.414826084136964
3,0,6,1232,11.56394369913737
3,0,6,1233,11.69808423131307
3,0,6,1234,11.772279209899903
3,0,6,1235,11.814904454803466
3,0,6,1236,11.8212795753479
3,0,6,1237,11.811313415527344
3,0,6,1238,11.88805363591512
3,0,6,1239,11.87626991704305
3,0,6,1240,11.839301227060954
3,0,6,1241,11.879940625
3,0,6,1242,11.861057246907553
3,0,6,1243,11.90607928949992
3,0,6,1244,11.928403486378988
3,0,6,1245,11.94348529103597
3,0,6,1246,11.931834207407633
3,0,6,1247,11.960170931243896
3,0,6,1248,11.919875720214844
3,0,6,1249,11.954912470499675
3,0,7,0,8.789404467010499
3,0,7,1,8.712766313934326
3,0,7,2,8.74729482269287
3,0,7,3,8.753324337768555
3,0,7,4,8.683773849360149
3,0,7,5,8.696096530914307
3,0,7,6,8.654390449778239
3,0,7,7,8.642312139892578
3,0,7,8,8.616342120361328
3,0,7,9,8.59923596242269
3,0,7,10,8.598944101206461
3,0,7,11,8.5882661596934
3,0,7,12,8.562551194381713
3,0,7,13,8.567754034169514
3,0,7,14,8.555489539591472
3,0,7,15,8.55453486328125
3,0,7,16,8.573861344146728
3,0,7,17,8.594629329808553
3,0,7,18,8.618016792551677
3,0,7,19,8.593890288798015
3,0,7,20,8.602832282765707
3,0,7,21,8.62763643099467
3,0,7,22,8.670475592549641
3,0,7,23,8.665258173878987
3,0,7,24,8.66871827468872
3,0,7,25,8.720046213022869
3,0,7,26,8.711909555308024
3,0,7,27,8.743915868123372
3,0,7,28,8.802889197921752
3,0,7,29,8.76704760246277
3,0,7,30,8.80232267112732
3,0,7,31,8.808996629333496
3,0,7,32,8.908468930943807
3,0,7,33,8.881811691538493
3,0,7,34,8.881171028518677
3,0,7,35,8.90723623568217
3,0,7,36,8.91103217493693
3,0,7,37,8.961467540740967
3,0,7,38,8.97541972465515
3,0,7,39,9.000594364420573
3,0,7,40,9.03941859588623
3,0,7,41,9.050299395243327
3,0,7,42,9.049003976186116
3,0,7,43,9.078615282185872
3,0,7,44,9.053176433563232
3,0,7,45,9.097230895741781
3,0,7,46,9.074267405700684
3,0,7,47,9.050802589670816
3,0,7,48,9.049662234115601
3,0,7,49,9.019669199625652
3,0,7,50,8.901802696228028
3,0,7,51,8.82850112393697
3,0,7,52,8.742978038660684
3,0,7,53,8.680247384262085
3,0,7,54,8.638569491068521
3,0,7,55,8.618214231109619
3,0,7,56,8.586409999211629
3,0,7,57,8.549760253779093
3,0,7,58,8.463346735890706
3,0,7,59,8.431951146825154
3,0,7,60,8.396811448923748
3,0,7,61,8.36245883992513
3,0,7,62,8.287180407333373
3,0,7,63,8.336772609583537
3,0,7,64,8.283509493001302
3,0,7,65,8.253762716801962
3,0,7,66,8.299993518320719
3,0,7,67,8.282789849090577
3,0,7,68,8.36916200841268
3,0,7,69,8.405770981725057
3,0,7,70,8.442149604288737
3,0,7,71,8.505425323486328
3,0,7,72,8.500722485478718
3,0,7,73,8.592713467407227
3,0,7,74,8.629594950993855
3,0,7,75,8.759919941329956
3,0,7,76,8.828450027720134
3,0,7,77,8.951147095743815
3,0,7,78,8.954809264882405
3,0,7,79,9.04176106821696
3,0,7,80,9.124249691009522
3,0,7,81,9.21293016726176
3,0,7,82,9.238543524424236
3,0,7,83,9.31739986228943
3,0,7,84,9.34423668085734
3,0,7,85,9.34245127182007
3,0,7,86,9.334679554494222
3,0,7,87,9.372489156850179
3,0,7,88,9.426360796991984
3,0,7,89,9.470131769561767
3,0,7,90,9.540931861623129
3,0,7,91,9.53764821840922
3,0,7,92,9.625361448923746
3,0,7,93,9.623031018575032
3,0,7,94,9.600556750233968
3,0,7,95,9.57567686920166
3,0,7,96,9.60616325861613
3,0,7,97,9.595727818806965
3,0,7,98,9.552798402913412
3,0,7,99,9.576474300893148
3,0,7,100,9.127113747660319
3,0,7,101,9.057225047047933
3,0,7,102,8.915521791585286
3,0,7,103,8.843332674280802
3,0,7,104,8.765473370869955
3,0,7,105,8.612880448404947
3,0,7,106,8.520396531295777
3,0,7,107,8.481710107421875
3,0,7,108,8.383733273442587
3,0,7,109,8.335845090993246
3,0,7,110,8.252600850550333
3,0,7,111,8.213785298856099
3,0,7,112,8.175674607467652
3,0,7,113,8.127414455922445
3,0,7,114,8.139885636774698
3,0,7,115,8.150893336868286
3,0,7,116,8.140577184422812
3,0,7,117,8.172031415939331
3,0,7,118,8.180158225631715
3,0,7,119,8.230864855575561
3,0,7,120,8.295797073109945
3,0,7,121,8.312126937230428
3,0,7,122,8.494348802566527
3,0,7,123,8.486135836791993
3,0,7,124,8.635851621119182
3,0,7,125,8.779927692667643
3,0,7,126,8.881015216064453
3,0,7,127,8.971605625406902
3,0,7,128,9.115105976486205
3,0,7,129,9.212251532236735
3,0,7,130,9.288046088282266
3,0,7,131,9.389103979492187
3,0,7,132,9.47551681137085
3,0,7,133,9.454338401794434
3,0,7,134,9.554496850077312
3,0,7,135,9.616884000905355
3,0,7,136,9.646524090576172
3,0,7,137,9.668340396372477
3,0,7,138,9.663197203063964
3,0,7,139,9.713595145161946
3,0,7,140,9.69869964319865
3,0,7,141,9.805516618347168
3,0,7,142,9.938137930806478
3,0,7,143,9.95339249343872
3,0,7,144,9.933080360158284
3,0,7,145,9.967751044209798
3,0,7,146,9.906369207255045
3,0,7,147,9.88913323949178
3,0,7,148,9.849196163304647
3,0,7,149,9.906574766413371
3,0,7,150,9.399866410954793
3,0,7,151,9.204695303344726
3,0,7,152,9.097134366480509
3,0,7,153,8.987619389088948
3,0,7,154,8.886999203236897
3,0,7,155,8.691364178975423
3,0,7,156,8.625737870279949
3,0,7,157,8.525395960998535
3,0,7,158,8.426519358825683
3,0,7,159,8.311178889083862
3,0,7,160,8.202764041392008
3,0,7,161,8.16515336634318
3,0,7,162,8.099898504130046
3,0,7,163,8.088562036005657
3,0,7,164,8.033172596995035
3,0,7,165,8.037128333282471
3,0,7,166,7.994881451797485
3,0,7,167,8.055370966593424
3,0,7,168,8.066852657445272
3,0,7,169,8.136883002344767
3,0,7,170,8.181363400777181
3,0,7,171,8.242770436986287
3,0,7,172,8.331354803975422
3,0,7,173,8.438805231348674
3,0,7,174,8.543661506017049
3,0,7,175,8.709189771779378
3,0,7,176,8.861738941192627
3,0,7,177,9.030955209986368
3,0,7,178,9.149627168273925
3,0,7,179,9.284653259023031
3,0,7,180,9.486956595611572
3,0,7,181,9.625375042978922
3,0,7,182,9.733225572458903
3,0,7,183,9.859480808766683
3,0,7,184,9.948966128794352
3,0,7,185,10.043823353576661
3,0,7,186,10.07650243097941
3,0,7,187,10.068103812917073
3,0,7,188,10.09711115468343
3,0,7,189,10.066467215220133
3,0,7,190,10.07082900136312
3,0,7,191,10.159546461995443
3,0,7,192,10.276528805541993
3,0,7,193,10.298053209686278
3,0,7,194,10.320740825653075
3,0,7,195,10.285287631225586
3,0,7,196,10.243989247639973
3,0,7,197,10.185163262939453
3,0,7,198,10.20906409556071
3,0,7,199,10.17012136484782
3,0,7,200,9.480435685984293
3,0,7,201,9.306296123250325
3,0,7,202,9.147644493611654
3,0,7,203,8.990377353922526
3,0,7,204,8.82871368408203
3,0,7,205,8.684754514058431
3,0,7,206,8.579598899205525
3,0,7,207,8.521734659957886
3,0,7,208,8.412164873250326
3,0,7,209,8.307895449956257
3,0,7,210,8.152232068634033
3,0,7,211,8.114430824915567
3,0,7,212,8.024490752029418
3,0,7,213,7.956841848882039
3,0,7,214,7.947478336079915
3,0,7,215,7.934735132090251
3,0,7,216,7.99080720837911
3,0,7,217,7.986579429499308
3,0,7,218,8.02927757136027
3,0,7,219,8.089410225168864
3,0,7,220,8.156496662521363
3,0,7,221,8.241301686350505
3,0,7,222,8.440336504999797
3,0,7,223,8.406333222834268
3,0,7,224,8.576455432510375
3,0,7,225,8.677880776087443
3,0,7,226,8.865091649627686
3,0,7,227,9.002237055714925
3,0,7,228,9.086114946873982
3,0,7,229,9.288167273712158
3,0,7,230,9.388992913564046
3,0,7,231,9.572996424865723
3,0,7,232,9.729800565083822
3,0,7,233,9.840662848409018
3,0,7,234,9.937692972056071
3,0,7,235,9.994086081695556
3,0,7,236,10.110568425242105
3,0,7,237,10.16946388092041
3,0,7,238,10.177850972239176
3,0,7,239,10.203714213053386
3,0,7,240,10.185728969828288
3,0,7,241,10.225376277414957
3,0,7,242,10.335723279571534
3,0,7,243,10.373835495503743
3,0,7,244,10.356072910817463
3,0,7,245,10.339803152211507
3,0,7,246,10.279775969441731
3,0,7,247,10.285515533955891
3,0,7,248,10.252198605855305
3,0,7,249,10.259901485697428
3,0,7,250,9.54573903910319
3,0,7,251,9.403203925832113
3,0,7,252,9.098491039276123
3,0,7,253,8.847819915771485
3,0,7,254,8.709862460708619
3,0,7,255,8.577465902455648
3,0,7,256,8.48547787513733
3,0,7,257,8.406980055618286
3,0,7,258,8.331956492233276
3,0,7,259,8.200521777216593
3,0,7,260,8.052572503789266
3,0,7,261,7.976934934870402
3,0,7,262,7.907017357508342
3,0,7,263,7.931295883433024
3,0,7,264,7.928090593846639
3,0,7,265,7.868350457636515
3,0,7,266,7.922227662022909
3,0,7,267,7.947150705337524
3,0,7,268,8.001620071283977
3,0,7,269,8.065294999949137
3,0,7,270,8.094479200617473
3,0,7,271,8.170710363133749
3,0,7,272,8.315786587397257
3,0,7,273,8.426016861216228
3,0,7,274,8.533701386642456
3,0,7,275,8.609807353464763
3,0,7,276,8.773712623596191
3,0,7,277,8.92681890411377
3,0,7,278,9.05363638381958
3,0,7,279,9.211019318135579
3,0,7,280,9.300922841389974
3,0,7,281,9.503890401967366
3,0,7,282,9.685524880854288
3,0,7,283,9.795528091684977
3,0,7,284,9.912624115753173
3,0,7,285,9.989521092732748
3,0,7,286,10.057045505777994
3,0,7,287,10.13938748143514
3,0,7,288,10.188812262217203
3,0,7,289,10.192381061045328
3,0,7,290,10.170100472259522
3,0,7,291,10.259535345713298
3,0,7,292,10.38988887837728
3,0,7,293,10.411192398325602
3,0,7,294,10.445852520751954
3,0,7,295,10.386270091756185
3,0,7,296,10.253427863566081
3,0,7,297,10.212148965708415
3,0,7,298,10.145845404815674
3,0,7,299,10.131687990315756
3,0,7,300,9.788763388824464
3,0,7,301,9.618401877593994
3,0,7,302,9.344893329238891
3,0,7,303,9.076672188059488
3,0,7,304,8.857299003728231
3,0,7,305,8.739781895828248
3,0,7,306,8.63377384338379
3,0,7,307,8.515134448750814
3,0,7,308,8.412635035069783
3,0,7,309,8.247174727630615
3,0,7,310,8.118086987813314
3,0,7,311,8.03819111289978
3,0,7,312,7.971912948226929
3,0,7,313,7.952065131251017
3,0,7,314,7.92634099890391
3,0,7,315,7.979115719350179
3,0,7,316,7.985162170155843
3,0,7,317,7.977790165837606
3,0,7,318,8.0599525004069
3,0,7,319,8.044421477254232
3,0,7,320,8.123979433059692
3,0,7,321,8.218552187601725
3,0,7,322,8.284831679280598
3,0,7,323,8.374130609385173
3,0,7,324,8.529843315505982
3,0,7,325,8.656897653706869
3,0,7,326,8.797228754806518
3,0,7,327,8.951491582870483
3,0,7,328,9.102573748143515
3,0,7,329,9.264167170715332
3,0,7,330,9.432319110361735
3,0,7,331,9.54272965596517
3,0,7,332,9.714786241149902
3,0,7,333,9.799854143778482
3,0,7,334,9.897444606781006
3,0,7,335,10.015735256195068
3,0,7,336,10.099704671986897
3,0,7,337,10.212796360015869
3,0,7,338,10.228576547241211
3,0,7,339,10.17416489461263
3,0,7,340,10.2372845123291
3,0,7,341,10.296922518920898
3,0,7,342,10.437650946807862
3,0,7,343,10.474604228210449
3,0,7,344,10.409926812744141
3,0,7,345,10.286271389007569
3,0,7,346,10.199367634073893
3,0,7,347,10.199807927703857
3,0,7,348,10.155443008677164
3,0,7,349,10.189521689097086
3,0,7,350,10.105526429239909
3,0,7,351,9.88594735921224
3,0,7,352,9.510135061391194
3,0,7,353,9.193557470957439
3,0,7,354,8.96144613647461
3,0,7,355,8.880221284866334
3,0,7,356,8.904131633249918
3,0,7,357,8.751435487620036
3,0,7,358,8.567987337112427
3,0,7,359,8.450655073547363
3,0,7,360,8.296736017227174
3,0,7,361,8.173452632776897
3,0,7,362,8.05627922185262
3,0,7,363,8.015821987660726
3,0,7,364,7.965920127995809
3,0,7,365,7.954410469436645
3,0,7,366,7.99350358988444
3,0,7,367,7.999954681015015
3,0,7,368,8.12841745783488
3,0,7,369,8.152184948221842
3,0,7,370,8.216521746317545
3,0,7,371,8.254294884618123
3,0,7,372,8.324809277216593
3,0,7,373,8.424735794830323
3,0,7,374,8.550994017155965
3,0,7,375,8.678406723149617
3,0,7,376,8.809798787180583
3,0,7,377,8.894767684173583
3,0,7,378,9.092307453791301
3,0,7,379,9.173974761708578
3,0,7,380,9.339948585510253
3,0,7,381,9.376308165486654
3,0,7,382,9.562922150929769
3,0,7,383,9.726018489583334
3,0,7,384,9.868282474009195
3,0,7,385,9.942336208343505
3,0,7,386,10.050775647226969
3,0,7,387,10.176082369995116
3,0,7,388,10.189421842447917
3,0,7,389,10.192964149475097
3,0,7,390,10.193595868428549
3,0,7,391,10.27018045832316
3,0,7,392,10.38326607208252
3,0,7,393,10.310801556650798
3,0,7,394,10.420179404703775
3,0,7,395,10.232212874348958
3,0,7,396,10.135004488627116
3,0,7,397,10.0775201365153
3,0,7,398,10.09405399983724
3,0,7,399,10.266630503336588
3,0,7,400,10.217235618082682
3,0,7,401,10.067654918162027
3,0,7,402,9.654518466059367
3,0,7,403,9.409443928782146
3,0,7,404,9.204350942993164
3,0,7,405,9.093747754160564
3,0,7,406,9.072371915181478
3,0,7,407,8.97271094487508
3,0,7,408,8.799773052724202
3,0,7,409,8.581695363998413
3,0,7,410,8.472876623916626
3,0,7,411,8.344289726638793
3,0,7,412,8.24972689374288
3,0,7,413,8.177953071339925
3,0,7,414,8.084042241287232
3,0,7,415,8.087901991653442
3,0,7,416,8.08798061612447
3,0,7,417,8.101121480178833
3,0,7,418,8.133993832143148
3,0,7,419,8.176451434580486
3,0,7,420,8.202383261108398
3,0,7,421,8.294848156356812
3,0,7,422,8.307853836695353
3,0,7,423,8.43648577855428
3,0,7,424,8.507303253682455
3,0,7,425,8.681875081825256
3,0,7,426,8.763637306722005
3,0,7,427,8.87061130065918
3,0,7,428,8.922260758209228
3,0,7,429,9.067032176717122
3,0,7,430,9.186912922414145
3,0,7,431,9.422290862782797
3,0,7,432,9.519293260955811
3,0,7,433,9.704500286610921
3,0,7,434,9.88811042098999
3,0,7,435,10.000823921966553
3,0,7,436,10.090353422292074
3,0,7,437,10.188706103515624
3,0,7,438,10.255977669270834
3,0,7,439,10.184086997731526
3,0,7,440,10.264034919230143
3,0,7,441,10.328304558817546
3,0,7,442,10.374613677724202
3,0,7,443,10.392835252126059
3,0,7,444,10.322073149617513
3,0,7,445,10.170346662139892
3,0,7,446,10.063566882324219
3,0,7,447,10.074475239562988
3,0,7,448,10.171932699076335
3,0,7,449,10.374672592926025
3,0,7,450,10.494556064605712
3,0,7,451,10.29590472869873
3,0,7,452,9.76523528696696
3,0,7,453,9.409320969136555
3,0,7,454,9.313751364135742
3,0,7,455,9.311444376881918
3,0,7,456,9.178502510070802
3,0,7,457,9.113107550938924
3,0,7,458,8.887541680526734
3,0,7,459,8.78303695602417
3,0,7,460,8.603667089970907
3,0,7,461,8.555126753489176
3,0,7,462,8.434122465515136
3,0,7,463,8.399911390431722
3,0,7,464,8.30179612642924
3,0,7,465,8.303131157684327
3,0,7,466,8.27736303278605
3,0,7,467,8.276354500579833
3,0,7,468,8.328314262644449
3,0,7,469,8.41051891784668
3,0,7,470,8.419181371307372
3,0,7,471,8.507232297007242
3,0,7,472,8.582186064275106
3,0,7,473,8.651263695017496
3,0,7,474,8.779100582504272
3,0,7,475,8.906500178654989
3,0,7,476,9.035416713205974
3,0,7,477,9.070755264282226
3,0,7,478,9.091670012410482
3,0,7,479,9.272020419311524
3,0,7,480,9.38504470392863
3,0,7,481,9.478210974121094
3,0,7,482,9.574985772196452
3,0,7,483,9.687171227900187
3,0,7,484,9.84202529042562
3,0,7,485,9.887639528401692
3,0,7,486,10.031582936096191
3,0,7,487,10.082715585327149
3,0,7,488,10.20558476486206
3,0,7,489,10.216170788065593
3,0,7,490,10.241296678924561
3,0,7,491,10.2175066019694
3,0,7,492,10.280645431264242
3,0,7,493,10.378190534973145
3,0,7,494,10.321791545359293
3,0,7,495,10.098535045369466
3,0,7,496,10.028973358917236
3,0,7,497,10.044468526713054
3,0,7,498,10.211353667704264
3,0,7,499,10.467849378712971
3,0,7,500,10.656443663279216
3,0,7,501,10.44459394200643
3,0,7,502,9.921790600585938
3,0,7,503,9.576349000549316
3,0,7,504,9.45671415939331
3,0,7,505,9.410387626393636
3,0,7,506,9.274332966105144
3,0,7,507,9.142442989603678
3,0,7,508,9.069409265899658
3,0,7,509,8.896442354838053
3,0,7,510,8.753066008758545
3,0,7,511,8.682223880386353
3,0,7,512,8.58979985783895
3,0,7,513,8.575315496699016
3,0,7,514,8.548376718012491
3,0,7,515,8.51451962000529
3,0,7,516,8.51121443049113
3,0,7,517,8.532903960673014
3,0,7,518,8.557756019846599
3,0,7,519,8.598779150136313
3,0,7,520,8.639744017028809
3,0,7,521,8.700767331059774
3,0,7,522,8.790869770558675
3,0,7,523,8.912527053833008
3,0,7,524,8.977134743245443
3,0,7,525,9.02935540898641
3,0,7,526,9.075209212493897
3,0,7,527,9.192550555165608
3,0,7,528,9.2552331006368
3,0,7,529,9.362973015340168
3,0,7,530,9.42349194056193
3,0,7,531,9.491113727315266
3,0,7,532,9.624055164845785
3,0,7,533,9.716403868865967
3,0,7,534,9.85719562403361
3,0,7,535,9.990684069569905
3,0,7,536,9.967145283253988
3,0,7,537,10.061985541788736
3,0,7,538,10.08785847752889
3,0,7,539,10.126155185190836
3,0,7,540,10.078141163635253
3,0,7,541,10.122439446004233
3,0,7,542,10.161826059214274
3,0,7,543,10.154251796213785
3,0,7,544,10.112977784220378
3,0,7,545,9.958227973429363
3,0,7,546,9.928711538441975
3,0,7,547,10.060144033559164
3,0,7,548,10.379920224253336
3,0,7,549,10.675209575653076
3,0,7,550,10.77142203241984
3,0,7,551,10.522792356363933
3,0,7,552,10.117284147898356
3,0,7,553,9.762637739054362
3,0,7,554,9.745082732137044
3,0,7,555,9.699321448771158
3,0,7,556,9.512178754170735
3,0,7,557,9.347304135767619
3,0,7,558,9.179063675435383
3,0,7,559,8.958385923258463
3,0,7,560,8.886324486796061
3,0,7,561,8.923418815104167
3,0,7,562,8.849527426401774
3,0,7,563,8.779592211914062
3,0,7,564,8.750468096669515
3,0,7,565,8.562182217788695
3,0,7,566,8.64412463200887
3,0,7,567,8.580532140223186
3,0,7,568,8.629463692474365
3,0,7,569,8.649246548334757
3,0,7,570,8.718621193695068
3,0,7,571,8.788408950297038
3,0,7,572,8.839771643066406
3,0,7,573,8.934197283172608
3,0,7,574,9.00866245396932
3,0,7,575,9.16772115987142
3,0,7,576,9.200251635869344
3,0,7,577,9.291069308598836
3,0,7,578,9.354522308858236
3,0,7,579,9.410573537953695
3,0,7,580,9.516785523223877
3,0,7,581,9.615016658274333
3,0,7,582,9.701787805175782
3,0,7,583,9.77813954264323
3,0,7,584,9.941419676208497
3,0,7,585,9.979085256195068
3,0,7,586,10.062852912648518
3,0,7,587,10.182364822387695
3,0,7,588,10.100373468271892
3,0,7,589,10.179769490305583
3,0,7,590,10.08387876663208
3,0,7,591,10.07499440129598
3,0,7,592,10.122218168258668
3,0,7,593,10.147822464243571
3,0,7,594,9.992079453786214
3,0,7,595,9.916297191111246
3,0,7,596,9.970752876281738
3,0,7,597,10.166546328735352
3,0,7,598,10.612841616058349
3,0,7,599,10.956538359832763
3,0,7,600,10.851341898091635
3,0,7,601,10.501699094645183
3,0,7,602,10.31345736058553
3,0,7,603,9.977464306894937
3,0,7,604,9.951515258026124
3,0,7,605,9.901149230702718
3,0,7,606,9.776990661875407
3,0,7,607,9.54311408996582
3,0,7,608,9.293409827931722
3,0,7,609,9.167189908599854
3,0,7,610,9.043223152160644
3,0,7,611,9.026122197596232
3,0,7,612,9.111125254313151
3,0,7,613,9.121966261291504
3,0,7,614,9.116054498672485
3,0,7,615,9.056754721069336
3,0,7,616,8.982559553019206
3,0,7,617,8.947801870981852
3,0,7,618,8.954500140635172
3,0,7,619,8.940514028167724
3,0,7,620,8.983638771057128
3,0,7,621,9.039681072235107
3,0,7,622,9.097819715627034
3,0,7,623,9.25420819905599
3,0,7,624,9.256167843882244
3,0,7,625,9.421639282226563
3,0,7,626,9.51531194000244
3,0,7,627,9.578587335968017
3,0,7,628,9.705018683624267
3,0,7,629,9.767947588348388
3,0,7,630,9.785114179229737
3,0,7,631,9.83783636042277
3,0,7,632,9.830115119171143
3,0,7,633,9.92299262822469
3,0,7,634,10.054752995554606
3,0,7,635,9.971586360931397
3,0,7,636,10.112281334431966
3,0,7,637,10.156752513122559
3,0,7,638,10.207999315134684
3,0,7,639,10.144145934295654
3,0,7,640,10.139743858846028
3,0,7,641,10.09034778060913
3,0,7,642,10.088143097178142
3,0,7,643,10.119219380442301
3,0,7,644,10.050470355478922
3,0,7,645,9.992246366882323
3,0,7,646,9.98521699371338
3,0,7,647,10.310877892812092
3,0,7,648,10.65805016301473
3,0,7,649,11.058544482167562
3,0,7,650,10.974661741638183
3,0,7,651,10.473058904266358
3,0,7,652,10.41364645945231
3,0,7,653,10.15329324239095
3,0,7,654,10.087430015818278
3,0,7,655,10.05976662343343
3,0,7,656,9.887132085927327
3,0,7,657,9.676007215881347
3,0,7,658,9.435883274586995
3,0,7,659,9.246958268992106
3,0,7,660,9.11700873743693
3,0,7,661,9.128292396672567
3,0,7,662,9.161860838572185
3,0,7,663,9.214831486765544
3,0,7,664,9.28294732055664
3,0,7,665,9.320569868469239
3,0,7,666,9.311114297485352
3,0,7,667,9.230733963902791
3,0,7,668,9.255206539726258
3,0,7,669,9.19256908899943
3,0,7,670,9.258146260579426
3,0,7,671,9.252100702667237
3,0,7,672,9.307834050623576
3,0,7,673,9.390647550455729
3,0,7,674,9.432220556259155
3,0,7,675,9.586360346984863
3,0,7,676,9.639373214975993
3,0,7,677,9.665609223175048
3,0,7,678,9.71142779006958
3,0,7,679,9.83922704035441
3,0,7,680,9.94110224939982
3,0,7,681,9.98288570505778
3,0,7,682,10.018965409088135
3,0,7,683,10.085526422119141
3,0,7,684,10.153971511586507
3,0,7,685,10.210823731740316
3,0,7,686,10.231407584635416
3,0,7,687,10.258241903686523
3,0,7,688,10.237392917633057
3,0,7,689,10.203742878214518
3,0,7,690,10.103808413696289
3,0,7,691,10.145237677764893
3,0,7,692,10.19884291152954
3,0,7,693,10.212252136230468
3,0,7,694,10.032521734110514
3,0,7,695,10.031798926289877
3,0,7,696,10.196019742329915
3,0,7,697,10.50028729019165
3,0,7,698,10.879854551696777
3,0,7,699,11.253699286651612
3,0,7,700,11.131906903076171
3,0,7,701,10.566655504862467
3,0,7,702,10.486941038513184
3,0,7,703,10.28420503692627
3,0,7,704,10.261203601074218
3,0,7,705,10.066690448760987
3,0,7,706,9.886944885762533
3,0,7,707,9.646444035339355
3,0,7,708,9.364365441385905
3,0,7,709,9.224399340311686
3,0,7,710,9.275801344807943
3,0,7,711,9.240662018839519
3,0,7,712,9.23345505065918
3,0,7,713,9.403648215993245
3,0,7,714,9.419314487965902
3,0,7,715,9.485953524017335
3,0,7,716,9.474939532470703
3,0,7,717,9.418820543924967
3,0,7,718,9.411297234090169
3,0,7,719,9.403508982086182
3,0,7,720,9.4269792137146
3,0,7,721,9.485923633575439
3,0,7,722,9.615818497721355
3,0,7,723,9.617646057891847
3,0,7,724,9.747955013020833
3,0,7,725,9.845280827331543
3,0,7,726,9.891023414357504
3,0,7,727,10.068689125569662
3,0,7,728,9.9983472559611
3,0,7,729,10.04192233098348
3,0,7,730,10.096331635284423
3,0,7,731,10.172001584625244
3,0,7,732,10.168603743743896
3,0,7,733,10.195674951044719
3,0,7,734,10.203896523030599
3,0,7,735,10.271073155721028
3,0,7,736,10.300093651580811
3,0,7,737,10.302814860026041
3,0,7,738,10.281240441131592
3,0,7,739,10.283480002339681
3,0,7,740,10.237166279093424
3,0,7,741,10.20311905822754
3,0,7,742,10.190098508707683
3,0,7,743,10.170138139597574
3,0,7,744,10.129003883870443
3,0,7,745,10.113453146107991
3,0,7,746,10.213284452819824
3,0,7,747,10.528825416564942
3,0,7,748,10.908278854115805
3,0,7,749,11.373441325124105
3,0,7,750,11.050473935699463
3,0,7,751,10.760597429656983
3,0,7,752,10.53087262802124
3,0,7,753,10.3461818649292
3,0,7,754,10.196772131856283
3,0,7,755,10.105191791025797
3,0,7,756,9.845535563405354
3,0,7,757,9.548283990478515
3,0,7,758,9.261456256103516
3,0,7,759,9.157551395161947
3,0,7,760,9.1696830078125
3,0,7,761,9.151040025075277
3,0,7,762,9.222261651611328
3,0,7,763,9.380513015238444
3,0,7,764,9.489291908009847
3,0,7,765,9.590021224212647
3,0,7,766,9.690799187469482
3,0,7,767,9.646947332255046
3,0,7,768,9.636088748423258
3,0,7,769,9.60329258626302
3,0,7,770,9.677516970189412
3,0,7,771,9.728228793334962
3,0,7,772,9.700777814737956
3,0,7,773,9.893032407633463
3,0,7,774,9.959000334421793
3,0,7,775,9.971380817921956
3,0,7,776,10.085560730743408
3,0,7,777,10.134779524993897
3,0,7,778,10.232110072072347
3,0,7,779,10.249607936604818
3,0,7,780,10.29116452102661
3,0,7,781,10.433224929300945
3,0,7,782,10.306738877105714
3,0,7,783,10.271661366780599
3,0,7,784,10.275764595540364
3,0,7,785,10.269613664754232
3,0,7,786,10.24618531366984
3,0,7,787,10.271888998413086
3,0,7,788,10.238671339416504
3,0,7,789,10.107590960947672
3,0,7,790,10.078612281799316
3,0,7,791,9.985314096069336
3,0,7,792,9.968700788116456
3,0,7,793,10.079604766845703
3,0,7,794,10.094797540791829
3,0,7,795,10.129648441823324
3,0,7,796,10.224032576751709
3,0,7,797,10.532560667419434
3,0,7,798,11.036141021982829
3,0,7,799,11.378778128814698
3,0,7,800,11.112917488861084
3,0,7,801,10.983636208089193
3,0,7,802,10.79340296681722
3,0,7,803,10.640739022064208
3,0,7,804,10.486051895141602
3,0,7,805,10.36048863398234
3,0,7,806,10.170402620442708
3,0,7,807,9.83981753056844
3,0,7,808,9.570744585927327
3,0,7,809,9.392838558705648
3,0,7,810,9.364479501851399
3,0,7,811,9.331075148010253
3,0,7,812,9.44817388305664
3,0,7,813,9.490322484207153
3,0,7,814,9.68761421991984
3,0,7,815,9.763363868840536
3,0,7,816,9.838367709859213
3,0,7,817,9.824440830230714
3,0,7,818,9.806177808125813
3,0,7,819,9.868469443766276
3,0,7,820,9.879815352630615
3,0,7,821,9.972141633351644
3,0,7,822,10.064388706461589
3,0,7,823,10.125292469533285
3,0,7,824,10.226918860117594
3,0,7,825,10.295031326548258
3,0,7,826,10.340007704162598
3,0,7,827,10.467411845652263
3,0,7,828,10.451363823191326
3,0,7,829,10.443107631937663
3,0,7,830,10.525845657094319
3,0,7,831,10.428269275156657
3,0,7,832,10.539530489349366
3,0,7,833,10.535053943888347
3,0,7,834,10.52740853805542
3,0,7,835,10.507988474019369
3,0,7,836,10.540538003285725
3,0,7,837,10.437576490020753
3,0,7,838,10.310873347727458
3,0,7,839,10.188045373280843
3,0,7,840,10.070757799784342
3,0,7,841,10.048098843383789
3,0,7,842,10.096756270599366
3,0,7,843,10.182462576039633
3,0,7,844,10.142639530436197
3,0,7,845,10.294103975168865
3,0,7,846,10.5232852490743
3,0,7,847,10.866184078470866
3,0,7,848,11.251245155588785
3,0,7,849,11.574144047546387
3,0,7,850,11.180340927124023
3,0,7,851,11.301234106699626
3,0,7,852,11.182434618123372
3,0,7,853,10.852299210103354
3,0,7,854,10.59920606918335
3,0,7,855,10.52286339263916
3,0,7,856,10.37577291692098
3,0,7,857,10.145225594584147
3,0,7,858,9.898375556945801
3,0,7,859,9.69389836171468
3,0,7,860,9.654432929738363
3,0,7,861,9.64363129196167
3,0,7,862,9.688854248301189
3,0,7,863,9.835247904459635
3,0,7,864,9.801559323883057
3,0,7,865,9.914048076883951
3,0,7,866,10.01900890680949
3,0,7,867,10.134520141855875
3,0,7,868,10.18149110692342
3,0,7,869,10.23127149480184
3,0,7,870,10.217109969329835
3,0,7,871,10.290130940755208
3,0,7,872,10.385201439921062
3,0,7,873,10.479784805552164
3,0,7,874,10.60460172475179
3,0,7,875,10.625127970886231
3,0,7,876,10.622676371510824
3,0,7,877,10.72999608561198
3,0,7,878,10.723267916615804
3,0,7,879,10.791874223073323
3,0,7,880,10.777341937764486
3,0,7,881,10.802031438700357
3,0,7,882,10.766450942230225
3,0,7,883,10.77983907546997
3,0,7,884,10.716971072133383
3,0,7,885,10.745659001922608
3,0,7,886,10.69891469116211
3,0,7,887,10.639041151682536
3,0,7,888,10.482081999715168
3,0,7,889,10.450734774780273
3,0,7,890,10.365389592234294
3,0,7,891,10.183682485707601
3,0,7,892,10.233876611073812
3,0,7,893,10.47142107518514
3,0,7,894,10.482213670349122
3,0,7,895,10.506597916412353
3,0,7,896,10.696495506032308
3,0,7,897,10.959797249094645
3,0,7,898,11.199901011912027
3,0,7,899,11.577512360127766
3,0,7,900,11.50605907236735
3,0,7,901,11.460554211680094
3,0,7,902,11.448921758524577
3,0,7,903,11.07988637822469
3,0,7,904,10.80376458791097
3,0,7,905,10.613148496754965
3,0,7,906,10.5487831103007
3,0,7,907,10.382097960662842
3,0,7,908,10.084290572865804
3,0,7,909,9.91752094523112
3,0,7,910,9.936217137145997
3,0,7,911,9.825673596191406
3,0,7,912,9.909499179585774
3,0,7,913,9.956534547170003
3,0,7,914,10.064506474558513
3,0,7,915,10.218991565195719
3,0,7,916,10.326361841074625
3,0,7,917,10.287080627187093
3,0,7,918,10.405121012115478
3,0,7,919,10.456778977711995
3,0,7,920,10.439391632080078
3,0,7,921,10.533526963297525
3,0,7,922,10.62082496693929
3,0,7,923,10.680432881673177
3,0,7,924,10.796154424794516
3,0,7,925,10.845824203236898
3,0,7,926,10.864606842295329
3,0,7,927,10.860622506459555
3,0,7,928,10.861088027699788
3,0,7,929,10.95834773127238
3,0,7,930,10.995032076517742
3,0,7,931,10.987174911753337
3,0,7,932,10.89325419769287
3,0,7,933,10.956230054982504
3,0,7,934,10.904485131835937
3,0,7,935,10.884063284301758
3,0,7,936,10.806200834401448
3,0,7,937,10.694215994771321
3,0,7,938,10.6103383005778
3,0,7,939,10.55178727798462
3,0,7,940,10.486703553009033
3,0,7,941,10.37453451868693
3,0,7,942,10.512706665039062
3,0,7,943,10.612605974070231
3,0,7,944,10.725150257110595
3,0,7,945,10.70066856511434
3,0,7,946,10.84775995203654
3,0,7,947,11.040091145833333
3,0,7,948,11.330578943125406
3,0,7,949,11.612029146321614
3,0,7,950,11.629735948435465
3,0,7,951,11.667559707132975
3,0,7,952,11.557879166666666
3,0,7,953,11.221149219004314
3,0,7,954,10.880289060974121
3,0,7,955,10.740591193135579
3,0,7,956,10.627416654459635
3,0,7,957,10.519833153533936
3,0,7,958,10.358341237131755
3,0,7,959,10.212185576375326
3,0,7,960,10.185673890940349
3,0,7,961,10.135327925109863
3,0,7,962,10.206783243052165
3,0,7,963,10.264762157948812
3,0,7,964,10.453367048899333
3,0,7,965,10.453795760091145
3,0,7,966,10.542829579925536
3,0,7,967,10.608402005767822
3,0,7,968,10.604056993865967
3,0,7,969,10.61454275970459
3,0,7,970,10.67919569905599
3,0,7,971,10.764800392913818
3,0,7,972,10.802648964182536
3,0,7,973,10.981293473307291
3,0,7,974,10.994510167185465
3,0,7,975,11.057272984568279
3,0,7,976,11.075163283793131
3,0,7,977,11.13155053990682
3,0,7,978,11.099250431315104
3,0,7,979,11.098645463053385
3,0,7,980,11.141409301757813
3,0,7,981,11.145995260620117
3,0,7,982,11.124317702229817
3,0,7,983,11.125429344940185
3,0,7,984,11.04121973139445
3,0,7,985,11.019787979888916
3,0,7,986,10.921771560923258
3,0,7,987,10.85838613357544
3,0,7,988,10.740999086507161
3,0,7,989,10.681686342366536
3,0,7,990,10.589775467427572
3,0,7,991,10.61125732981364
3,0,7,992,10.601652675374348
3,0,7,993,10.777855439758302
3,0,7,994,10.942422259521484
3,0,7,995,10.942390627034506
3,0,7,996,10.932217946370443
3,0,7,997,11.08650691019694
3,0,7,998,11.29019372507731
3,0,7,999,11.546999548339844
3,0,7,1000,11.788590173085531
3,0,7,1001,11.707988032786051
3,0,7,1002,11.613721830749512
3,0,7,1003,11.262174690500895
3,0,7,1004,10.968362226613362
3,0,7,1005,10.829463056945801
3,0,7,1006,10.872101320648193
3,0,7,1007,10.72361111272176
3,0,7,1008,10.633160366312662
3,0,7,1009,10.389730619812012
3,0,7,1010,10.328236663564047
3,0,7,1011,10.354383819834391
3,0,7,1012,10.386532088979084
3,0,7,1013,10.502632788848876
3,0,7,1014,10.693852035776773
3,0,7,1015,10.676562287902833
3,0,7,1016,10.805136335754394
3,0,7,1017,10.801055996958414
3,0,7,1018,10.87219999109904
3,0,7,1019,10.846906784820556
3,0,7,1120,11.393527291615804
3,0,7,1121,11.485369938913982
3,0,7,1122,11.493526182047527
3,0,7,1123,11.438047178141277
3,0,7,1124,11.43725106124878
3,0,7,1125,11.428462142181397
3,0,7,1126,11.450252484130859
3,0,7,1127,11.488322309875489
3,0,7,1128,11.615013968912761
3,0,7,1129,11.618700412495931
3,0,7,1130,11.632283400217693
3,0,7,1131,11.643698412322998
3,0,7,1132,11.66407001953125
3,0,7,1133,11.624204021199544
3,0,7,1134,11.644104404195149
3,0,7,1135,11.55333570098877
3,0,7,1136,11.457600815073649
3,0,7,1137,11.486113505299887
3,0,7,1138,11.422893507639568
3,0,7,1139,11.511358535003662
3,0,7,1140,11.44652567469279
3,0,7,1141,11.508057033030193
3,0,7,1142,11.58018120320638
3,0,7,1143,11.62508329925537
3,0,7,1144,11.691344096120199
3,0,7,1145,11.747465341186523
3,0,7,1146,11.794325513966879
3,0,7,1147,11.832315822855632
3,0,7,1148,11.828801025644939
3,0,7,1149,11.890330265808105
3,0,7,1150,11.989361926523845
3,0,7,1151,11.957061908213298
3,0,7,1152,11.881979100545248
3,0,7,1153,11.786322969563802
3,0,7,1154,11.766030185699464
3,0,7,1155,11.659384308369955
3,0,7,1156,11.5860482711792
3,0,7,1157,11.528468791707358
3,0,7,1158,11.571693967692058
3,0,7,1159,11.576213349660238
3,0,7,1160,11.590770286051432
3,0,7,1161,11.58989091873169
3,0,7,1162,11.583625847880045
3,0,7,1163,11.539732940928142
3,0,7,1164,11.578392196909586
3,0,7,1165,11.554333388010662
3,0,7,1166,11.635893016052247
3,0,7,1167,11.661169523874918
3,0,7,1168,11.7179741355896
3,0,7,1169,11.81436942316691
3,0,7,1170,11.85452650527954
3,0,7,1171,11.830926699574789
3,0,7,1172,11.737997287495931
3,0,7,1173,11.540080522410074
3,0,7,1174,11.312954856363932
3,0,7,1175,11.225656224314372
3,0,7,1176,11.12184540049235
3,0,7,1177,11.2109719678243
3,0,7,1178,11.210681530761718
3,0,7,1179,11.336883312988281
3,0,7,1180,11.598724789937338
3,0,7,1181,11.747355079142253
3,0,7,1182,11.819732283528646
3,0,7,1183,11.913352482350668
3,0,7,1184,11.824862711842854
3,0,7,1185,11.718609955342611
3,0,7,1186,11.689117937723795
3,0,7,1187,11.56523987757365
3,0,7,1188,11.575338053894043
3,0,7,1189,11.552891135660808
3,0,7,1190,11.60268654123942
3,0,7,1191,11.675044759877522
3,0,7,1192,11.710830535380046
3,0,7,1193,11.74763605524699
3,0,7,1194,11.813796423085531
3,0,7,1195,11.885111460367838
3,0,7,1196,11.97158128229777
3,0,7,1197,12.036026413218181
3,0,7,1198,12.055484162902832
3,0,7,1199,12.130142219289144
3,0,7,1200,11.768121199289958
3,0,7,1201,11.789022787729898
3,0,7,1202,11.799737477620443
3,0,7,1203,11.824064132944743
3,0,7,1204,11.789505453999837
3,0,7,1205,11.8357928759257
3,0,7,1206,11.869270870463053
3,0,7,1207,11.851854910024008
3,0,7,1208,11.898517995198567
3,0,7,1209,11.84398176905314
3,0,7,1210,11.826434717051189
3,0,7,1211,11.844049696350098
3,0,7,1212,11.829219134267172
3,0,7,1213,11.879998778533935
3,0,7,1214,11.774097948710123
3,0,7,1215,11.690437597910563
3,0,7,1216,11.59542014694214
3,0,7,1217,11.522382474772135
3,0,7,1218,11.483502615865072
3,0,7,1219,11.381985807800293
3,0,7,1220,11.276732623036702
3,0,7,1221,11.220231916554768
3,0,7,1222,11.157409115854898
3,0,7,1223,11.10893429667155
3,0,7,1224,10.994521131388346
3,0,7,1225,11.029798417917887
3,0,7,1226,11.091378452555338
3,0,7,1227,11.24940665842692
3,0,7,1228,11.211752269744872
3,0,7,1229,11.342127304331461
3,0,7,1230,11.428187243906656
3,0,7,1231,11.438325361887614
3,0,7,1232,11.58744300435384
3,0,7,1233,11.721583610280355
3,0,7,1234,11.795778733062743
3,0,7,1235,11.83840411529541
3,0,7,1236,11.844779297129314
3,0,7,1237,11.834813185119629
3,0,7,1238,11.911553474680582
3,0,7,1239,11.89976980082194
3,0,7,1240,11.862801232147216
3,0,7,1241,11.903440623728434
3,0,7,1242,11.884557279968261
3,0,7,1243,11.929579287465414
3,0,7,1244,11.951903511301676
3,0,7,1245,11.966985176849365
3,0,7,1246,11.95533408126831
3,0,7,1247,11.983670715840658
3,0,7,1248,11.943375578562419
3,0,7,1249,11.978412184651694
3,0,8,0,8.801830701446534
3,0,8,1,8.725192487843831
3,0,8,2,8.759720953114828
3,0,8,3,8.76575050315857
3,0,8,4,8.69619980875651
3,0,8,5,8.708522458902994
3,0,8,6,8.666816356277465
3,0,8,7,8.654737933603922
3,0,8,8,8.628767901357016
3,0,8,9,8.611661817932129
3,0,8,10,8.611369980494182
3,0,8,11,8.600692039998373
3,0,8,12,8.574976973215739
3,0,8,13,8.58017970161438
3,0,8,14,8.567915175501506
3,0,8,15,8.566960288747152
3,0,8,16,8.586286905543009
3,0,8,17,8.607054957707723
3,0,8,18,8.630442361195882
3,0,8,19,8.606315669123331
3,0,8,20,8.615257680130005
3,0,8,21,8.6400617284139
3,0,8,22,8.682900885518391
3,0,8,23,8.677683395512899
3,0,8,24,8.68114354985555
3,0,8,25,8.73247156054179
3,0,8,26,8.724334899520874
3,0,8,27,8.756341132100424
3,0,8,28,8.815314529927571
3,0,8,29,8.779472912343342
3,0,8,30,8.814747938283285
3,0,8,31,8.82142187054952
3,0,8,32,8.92089430809021
3,0,8,33,8.894237035878499
3,0,8,34,8.893596376546224
3,0,8,35,8.91966162999471
3,0,8,36,8.923457638041178
3,0,8,37,8.973893144226075
3,0,8,38,8.98784536259969
3,0,8,39,9.013020041656494
3,0,8,40,9.051844292195637
3,0,8,41,9.062725111516317
3,0,8,42,9.06142974726359
3,0,8,43,9.091041175460816
3,0,8,44,9.065602212778726
3,0,8,45,9.10965680923462
3,0,8,46,9.086693308639527
3,0,8,47,9.063228454844158
3,0,8,48,9.062088113657634
3,0,8,49,9.032095137532552
3,0,8,50,8.914230797322592
3,0,8,51,8.84092927907308
3,0,8,52,8.755406177775065
3,0,8,53,8.692675492858887
3,0,8,54,8.650997700373331
3,0,8,55,8.63064251759847
3,0,8,56,8.59883829421997
3,0,8,57,8.56218866297404
3,0,8,58,8.475775055567423
3,0,8,59,8.444379592005411
3,0,8,60,8.40924006322225
3,0,8,61,8.374887594858805
3,0,8,62,8.299609223810831
3,0,8,63,8.349201687494913
3,0,8,64,8.295938596979777
3,0,8,65,8.266191901143392
3,0,8,66,8.3124227809906
3,0,8,67,8.295219009017945
3,0,8,68,8.381591193898519
3,0,8,69,8.418200123850504
3,0,8,70,8.454578737386068
3,0,8,71,8.517854422887167
3,0,8,72,8.51315158958435
3,0,8,73,8.605142534001669
3,0,8,74,8.642024028905233
3,0,8,75,8.77234912147522
3,0,8,76,8.840879287338257
3,0,8,77,8.963576500701905
3,0,8,78,8.967238661956786
3,0,8,79,9.054190597788493
3,0,8,80,9.136679294331868
3,0,8,81,9.225359817504883
3,0,8,82,9.2509731590271
3,0,8,83,9.329829378763835
3,0,8,84,9.356666059875488
3,0,8,85,9.354880300394694
3,0,8,86,9.347108289845785
3,0,8,87,9.38491767654419
3,0,8,88,9.438789240773518
3,0,8,89,9.482560229492188
3,0,8,90,9.55336035118103
3,0,8,91,9.550076825205485
3,0,8,92,9.637790126546223
3,0,8,93,9.635459726460775
3,0,8,94,9.612985505167643
3,0,8,95,9.588105584081013
3,0,8,96,9.618592021687826
3,0,8,97,9.608156570688884
3,0,8,98,9.565227099609375
3,0,8,99,9.588902973429361
3,0,8,100,9.139541631825765
3,0,8,101,9.069652890014648
3,0,8,102,8.927949542744955
3,0,8,103,8.855760482279459
3,0,8,104,8.777901151021322
3,0,8,105,8.625308073933919
3,0,8,106,8.53282409362793
3,0,8,107,8.494137641525269
3,0,8,108,8.396160737101237
3,0,8,109,8.34827266998291
3,0,8,110,8.265028523953756
3,0,8,111,8.226213244756062
3,0,8,112,8.188102753448486
3,0,8,113,8.13984260482788
3,0,8,114,8.152313948694864
3,0,8,115,8.163321523539226
3,0,8,116,8.15300533243815
3,0,8,117,8.184459650293986
3,0,8,118,8.192586544164023
3,0,8,119,8.243293199793497
3,0,8,120,8.308225465393067
3,0,8,121,8.324555302302043
3,0,8,122,8.506777283732097
3,0,8,123,8.49856432533264
3,0,8,124,8.648280085500081
3,0,8,125,8.792356222279867
3,0,8,126,8.893443764750163
3,0,8,127,8.984034203338624
3,0,8,128,9.127534730784099
3,0,8,129,9.224680400085449
3,0,8,130,9.300474983469645
3,0,8,131,9.401532980092366
3,0,8,132,9.48794594408671
3,0,8,133,9.466767598978679
3,0,8,134,9.566926079813639
3,0,8,135,9.629313101959228
3,0,8,136,9.658953118133544
3,0,8,137,9.680769259897868
3,0,8,138,9.675625715637207
3,0,8,139,9.726023309326171
3,0,8,140,9.71112763595581
3,0,8,141,9.817944772084553
3,0,8,142,9.950566201400758
3,0,8,143,9.965820948282877
3,0,8,144,9.945509029642741
3,0,8,145,9.980179806772869
3,0,8,146,9.918797918192546
3,0,8,147,9.901561875152588
3,0,8,148,9.861624738057454
3,0,8,149,9.919003428649903
3,0,8,150,9.412293933359782
3,0,8,151,9.217122547785442
3,0,8,152,9.109561382293702
3,0,8,153,9.000046293640137
3,0,8,154,8.899425843048096
3,0,8,155,8.703790488179525
3,0,8,156,8.638164109166464
3,0,8,157,8.537821928405762
3,0,8,158,8.438945270919799
3,0,8,159,8.32360506693522
3,0,8,160,8.215190289433798
3,0,8,161,8.177579634857178
3,0,8,162,8.112324612935383
3,0,8,163,8.100988109079998
3,0,8,164,8.045598574193319
3,0,8,165,8.049554441833497
3,0,8,166,8.007307407887776
3,0,8,167,8.067797025553386
3,0,8,168,8.079278774007161
3,0,8,169,8.149309211349488
3,0,8,170,8.19378983484904
3,0,8,171,8.255197075780233
3,0,8,172,8.343781613794963
3,0,8,173,8.451232173411052
3,0,8,174,8.556088534800212
3,0,8,175,8.721617004903157
3,0,8,176,8.874166408030192
3,0,8,177,9.043382868448893
3,0,8,178,9.162054826482137
3,0,8,179,9.297080988820394
3,0,8,180,9.49938436203003
3,0,8,181,9.637802829742432
3,0,8,182,9.745653196970622
3,0,8,183,9.871908395640055
3,0,8,184,9.961393713887533
3,0,8,185,10.056250879796346
3,0,8,186,10.08892990137736
3,0,8,187,10.080531432088216
3,0,8,188,10.109538904062907
3,0,8,189,10.07889491449992
3,0,8,190,10.083256606547037
3,0,8,191,10.171973939259846
3,0,8,192,10.288956304423014
3,0,8,193,10.310480691528321
3,0,8,194,10.3331684618632
3,0,8,195,10.297715358988444
3,0,8,196,10.256417020161946
3,0,8,197,10.197591051737467
3,0,8,198,10.221492119852702
3,0,8,199,10.182549526977539
3,0,8,200,9.49286350631714
3,0,8,201,9.318723646799723
3,0,8,202,9.160071779123943
3,0,8,203,9.00280424969991
3,0,8,204,8.84114016977946
3,0,8,205,8.697180757013957
3,0,8,206,8.592025189463298
3,0,8,207,8.534160794576009
3,0,8,208,8.424590875371297
3,0,8,209,8.320321682357788
3,0,8,210,8.16465827776591
3,0,8,211,8.126857008870443
3,0,8,212,8.036916755803427
3,0,8,213,7.969267822265625
3,0,8,214,7.959904353841146
3,0,8,215,7.947161145909627
3,0,8,216,8.003233289718628
3,0,8,217,7.999005566533406
3,0,8,218,8.041703887939454
3,0,8,219,8.101836540985108
3,0,8,220,8.168923188908895
3,0,8,221,8.25372830060323
3,0,8,222,8.452763275527953
3,0,8,223,8.41876005452474
3,0,8,224,8.58888243637085
3,0,8,225,8.690308023071289
3,0,8,226,8.877518981806437
3,0,8,227,9.014664565022786
3,0,8,228,9.098542593383788
3,0,8,229,9.300595017369588
3,0,8,230,9.401420779164631
3,0,8,231,9.58542431971232
3,0,8,232,9.742228464253744
3,0,8,233,9.853090711720785
3,0,8,234,9.950120827484131
3,0,8,235,10.006513803354899
3,0,8,236,10.122996013387045
3,0,8,237,10.181891647338867
3,0,8,238,10.190278926340739
3,0,8,239,10.21614229482015
3,0,8,240,10.198156934102377
3,0,8,241,10.237804056803386
3,0,8,242,10.348150918070475
3,0,8,243,10.386263140614828
3,0,8,244,10.368500548553467
3,0,8,245,10.352230913798014
3,0,8,246,10.292203875223796
3,0,8,247,10.297943455251058
3,0,8,248,10.264626613998413
3,0,8,249,10.272329657491047
3,0,8,250,9.558167299143474
3,0,8,251,9.415632075754802
3,0,8,252,9.110919292068482
3,0,8,253,8.860248058573404
3,0,8,254,8.72229061978658
3,0,8,255,8.589893827438354
3,0,8,256,8.49790593210856
3,0,8,257,8.419408201090494
3,0,8,258,8.344384584808349
3,0,8,259,8.212949934005737
3,0,8,260,8.065000662740072
3,0,8,261,7.989363287862142
3,0,8,262,7.91944561920166
3,0,8,263,7.9437241451263425
3,0,8,264,7.940518936665853
3,0,8,265,7.880778923034668
3,0,8,266,7.934656200536092
3,0,8,267,7.959579275894165
3,0,8,268,8.01404868329366
3,0,8,269,8.077723753356933
3,0,8,270,8.106907893498738
3,0,8,271,8.183139045461019
3,0,8,272,8.328215355682373
3,0,8,273,8.438445658620198
3,0,8,274,8.546130183537802
3,0,8,275,8.622236266454061
3,0,8,276,8.786141538747152
3,0,8,277,8.939247818756103
3,0,8,278,9.066065269470215
3,0,8,279,9.223448186747232
3,0,8,280,9.31335189183553
3,0,8,281,9.51631945292155
3,0,8,282,9.697953767140707
3,0,8,283,9.807957020950317
3,0,8,284,9.925053082021078
3,0,8,285,10.001949732716879
3,0,8,286,10.069473888905843
3,0,8,287,10.151815913391113
3,0,8,288,10.201240928649902
3,0,8,289,10.204810017649333
3,0,8,290,10.18252934366862
3,0,8,291,10.271963937632243
3,0,8,292,10.402317505900065
3,0,8,293,10.42362111078898
3,0,8,294,10.458281194814047
3,0,8,295,10.398698789723714
3,0,8,296,10.265856558736166
3,0,8,297,10.22457773513794
3,0,8,298,10.15827437464396
3,0,8,299,10.144117113749186
3,0,8,300,9.801192522176107
3,0,8,301,9.630831091562907
3,0,8,302,9.357322568766277
3,0,8,303,9.089101760101318
3,0,8,304,8.869728495788575
3,0,8,305,8.752211533355712
3,0,8,306,8.646203726450603
3,0,8,307,8.52756425221761
3,0,8,308,8.42506467259725
3,0,8,309,8.259604479344686
3,0,8,310,8.130516985448201
3,0,8,311,8.050621296437582
3,0,8,312,7.984343113708496
3,0,8,313,7.964495328013102
3,0,8,314,7.938771260325114
3,0,8,315,7.991546114603678
3,0,8,316,7.997592794545492
3,0,8,317,7.990220888264974
3,0,8,318,8.072383409118652
3,0,8,319,8.05685225537618
3,0,8,320,8.136410153579712
3,0,8,321,8.230982823053996
3,0,8,322,8.297262265650431
3,0,8,323,8.386561130905152
3,0,8,324,8.542273673502605
3,0,8,325,8.669328127543132
3,0,8,326,8.809659248224895
3,0,8,327,8.963922040303547
3,0,8,328,9.115004106903076
3,0,8,329,9.276597632090251
3,0,8,330,9.444749686177571
3,0,8,331,9.555160245895387
3,0,8,332,9.727216619110107
3,0,8,333,9.812284397379557
3,0,8,334,9.90987466583252
3,0,8,335,10.02816497777303
3,0,8,336,10.112133874003092
3,0,8,337,10.225225631713867
3,0,8,338,10.241006132761637
3,0,8,339,10.186594836934407
3,0,8,340,10.249714371236166
3,0,8,341,10.309352094777426
3,0,8,342,10.450080483500162
3,0,8,343,10.487033703867594
3,0,8,344,10.422356124877929
3,0,8,345,10.298700702412923
3,0,8,346,10.21179704844157
3,0,8,347,10.212237750752767
3,0,8,348,10.167873115285238
3,0,8,349,10.201951980336506
3,0,8,350,10.117956196594239
3,0,8,351,9.898377154032389
3,0,8,352,9.522565154012044
3,0,8,353,9.205987782796225
3,0,8,354,8.973876405334472
3,0,8,355,8.892651975377401
3,0,8,356,8.916562323506673
3,0,8,357,8.763866042073568
3,0,8,358,8.580417737325032
3,0,8,359,8.46308558209737
3,0,8,420,8.214814477793375
3,0,8,421,8.307279394658407
3,0,8,422,8.320284945424397
3,0,8,423,8.448916918182373
3,0,8,424,8.519734392420451
3,0,8,425,8.69430604019165
3,0,8,426,8.776068184916179
3,0,8,427,8.883042166264852
3,0,8,428,8.934691498565673
3,0,8,429,9.079462815856933
3,0,8,430,9.199343515777588
3,0,8,431,9.434721439870199
3,0,8,432,9.531723705037434
3,0,8,433,9.716930586751301
3,0,8,434,9.900540743509929
3,0,8,435,10.013254128392537
3,0,8,436,10.102783380635579
3,0,8,437,10.201135871124267
3,0,8,438,10.268407529449464
3,0,8,439,10.196517005666097
3,0,8,440,10.276465048980713
3,0,8,441,10.340734624226888
3,0,8,442,10.387043643697103
3,0,8,443,10.40526512629191
3,0,8,444,10.334502829742432
3,0,8,445,10.182776422627766
3,0,8,446,10.075996908569335
3,0,8,447,10.086905469258626
3,0,8,448,10.18436298751831
3,0,8,449,10.387102780914306
3,0,8,450,10.506986084747314
3,0,8,451,10.308334278615316
3,0,8,452,9.77766542816162
3,0,8,453,9.421751718393962
3,0,8,454,9.326181989924113
3,0,8,455,9.323874892425538
3,0,8,456,9.190932493082682
3,0,8,457,9.125537367757161
3,0,8,458,8.899971525700886
3,0,8,459,8.795467042032877
3,0,8,460,8.616097420756022
3,0,8,461,8.567556941223145
3,0,8,462,8.446552558898926
3,0,8,463,8.412341566085816
3,0,8,464,8.314226211802165
3,0,8,465,8.315561223729452
3,0,8,466,8.289792952346803
3,0,8,467,8.288784418487548
3,0,8,468,8.340744258626302
3,0,8,469,8.422948936462403
3,0,8,470,8.431611330922445
3,0,8,471,8.519662119928995
3,0,8,472,8.594615797932942
3,0,8,473,8.663693397267659
3,0,8,474,8.791530360666911
3,0,8,475,8.91892989578247
3,0,8,476,9.047846369425455
3,0,8,477,9.08318486887614
3,0,8,478,9.10409950052897
3,0,8,479,9.284449922943116
3,0,8,1240,11.875229702250163
3,0,8,1241,11.915869134012858
3,0,8,1242,11.89698577677409
3,0,8,1243,11.94200775197347
3,0,8,1244,11.964332000223795
3,0,8,1245,11.97941382115682
3,0,8,1246,11.967762720743815
3,0,8,1247,11.99609957631429
3,0,8,1248,11.955804442087809
3,0,8,1249,11.990841143290202
3,0,10,0,8.841607503000896
3,0,10,1,8.76496919072469
3,0,10,2,8.7994976020813
3,0,10,3,8.805527163823445
3,0,10,4,8.735976229604086
3,0,10,5,8.748298805109659
3,0,10,6,8.70659273783366
3,0,10,7,8.694514025243123
3,0,10,8,8.668544069671631
3,0,10,9,8.651438043721518
3,0,10,10,8.651146212259928
3,0,10,11,8.640468332544962
3,0,10,12,8.614753149668376
3,0,10,13,8.61995572903951
3,0,10,14,8.607691088612874
3,0,10,15,8.606735936991374
3,0,10,16,8.62606266009013
3,0,10,17,8.646830778630575
3,0,10,18,8.67021811319987
3,0,10,19,8.646091137568156
3,0,10,20,8.655033080418905
3,0,10,21,8.679837049865723
3,0,10,22,8.722676173655191
3,0,10,23,8.717458621724447
3,0,10,24,8.720918878428142
3,0,10,25,8.772246975962322
3,0,10,26,8.764110320027669
3,0,10,27,8.796116400909424
3,0,10,28,8.8550899336497
3,0,10,29,8.819248256174724
3,0,10,30,8.854523249053955
3,0,10,31,8.861197145843505
3,0,10,32,8.960669741185507
3,0,10,33,8.934012443288168
3,0,10,34,8.933371813456217
3,0,10,35,8.95943723602295
3,0,10,36,8.963233256022136
3,0,10,37,9.013668901316326
3,0,10,38,9.027621258799234
3,0,10,39,9.052795996220906
3,0,10,40,9.091620290374756
3,0,10,41,9.102501160812379
3,0,10,42,9.101205894724528
3,0,10,43,9.13081741549174
3,0,10,44,9.105378386561076
3,0,10,45,9.149433111953735
3,0,10,46,9.126469713083903
3,0,10,47,9.103004842503866
3,0,10,48,9.101864496866861
3,0,10,49,9.07187160695394
3,0,10,50,8.954007656351726
3,0,10,51,8.880706104914347
3,0,10,52,8.795182941182455
3,0,10,53,8.732452137247721
3,0,10,54,8.690774549102784
3,0,10,55,8.670419590886434
3,0,10,56,8.638615400822957
3,0,10,57,8.601965882110596
3,0,10,58,8.515552224604289
3,0,10,59,8.48415692240397
3,0,10,60,8.449017556126913
3,0,10,61,8.414665194829306
3,0,10,62,8.339386892700196
3,0,10,63,8.388979701741537
3,0,10,64,8.335716658274333
3,0,10,65,8.305970016860963
3,0,10,66,8.352200995000203
3,0,10,67,8.334997167078654
3,0,10,68,8.421369502512613
3,0,10,69,8.457978354390463
3,0,10,70,8.494356999079386
3,0,10,71,8.557632597986856
3,0,10,72,8.552929767862956
3,0,10,73,8.644920790227253
3,0,10,74,8.681802325693766
3,0,10,75,8.81212757174174
3,0,10,76,8.880657881291707
3,0,10,77,9.003355337015789
3,0,10,78,9.00701749827067
3,0,10,79,9.0939696463267
3,0,10,80,9.176458410898844
3,0,10,81,9.265139041773478
3,0,10,82,9.290752341334025
3,0,10,83,9.369608406829833
3,0,10,84,9.396444877370199
3,0,10,85,9.394658807373046
3,0,10,86,9.386886540985108
3,0,10,87,9.424695780436197
3,0,10,88,9.478567457326253
3,0,10,89,9.522338522847493
3,0,10,90,9.593138712056478
3,0,10,91,9.589855122884115
3,0,10,92,9.677568420155843
3,0,10,93,9.675237896474203
3,0,10,94,9.652763593037923
3,0,10,95,9.627883521779378
3,0,10,96,9.658370022074381
3,0,10,97,9.647934708913168
3,0,10,98,9.605005126698812
3,0,10,99,9.628680929819742
3,0,10,100,9.17931814549764
3,0,10,101,9.109429271952312
3,0,10,102,8.967725809224447
3,0,10,103,8.895536763000488
3,0,10,104,8.817677200953165
3,0,10,105,8.665083917109172
3,0,10,106,8.572600022379557
3,0,10,107,8.533913570912679
3,0,10,108,8.435936560440064
3,0,10,109,8.388048551432291
3,0,10,110,8.304804372024536
3,0,10,111,8.26598935953776
3,0,10,112,8.227878981018067
3,0,10,113,8.179618755976358
3,0,10,114,8.192090325673421
3,0,10,115,8.203097793706258
3,0,10,116,8.192781369018554
3,0,10,117,8.224235815684
3,0,10,118,8.23236280860901
3,0,10,119,8.283069506963095
3,0,10,120,8.348001942952473
3,0,10,121,8.36433179880778
3,0,10,122,8.54655404993693
3,0,10,123,8.53834108988444
3,0,10,124,8.688057016245525
3,0,10,125,8.832133305358887
3,0,10,126,8.933220906194052
3,0,10,127,9.023811467997232
3,0,10,128,9.167312311553955
3,0,10,129,9.264458255004882
3,0,10,130,9.34025295232137
3,0,10,131,9.441311189270019
3,0,10,132,9.527724445343017
3,0,10,133,9.506546239725749
3,0,10,134,9.606704806264242
3,0,10,135,9.669091739400228
3,0,10,136,9.698731632995605
3,0,10,137,9.720547657775878
3,0,10,138,9.715403845214844
3,0,10,139,9.765801108805338
3,0,10,140,9.750905330785116
3,0,10,141,9.8577225924174
3,0,10,142,9.990344030253093
3,0,10,143,10.005598900604248
3,0,10,144,9.985287097676595
3,0,10,145,10.019958143615723
3,0,10,146,9.958576167551676
3,0,10,147,9.941339944966634
3,0,10,148,9.901402601114908
3,0,10,149,9.958781303660075
3,0,10,150,9.452071007792155
3,0,10,151,9.256899202473958
3,0,10,152,9.149337716674804
3,0,10,153,9.039822485097249
3,0,10,154,8.939201702753703
3,0,10,155,8.743565986887614
3,0,10,156,8.677939521535238
3,0,10,157,8.577597061284383
3,0,10,158,8.47872023709615
3,0,10,159,8.363380394999187
3,0,10,160,8.254965702692667
3,0,10,161,8.217355056126912
3,0,10,162,8.152099771881103
3,0,10,163,8.140763167572022
3,0,10,164,8.085373500887552
3,0,10,165,8.089329353841146
3,0,10,166,8.047082188415528
3,0,10,167,8.107572120157878
3,0,10,168,8.119054126866658
3,0,10,169,8.189084733835855
3,0,10,170,8.233565646489462
3,0,10,171,8.294973225148519
3,0,10,172,8.38355797996521
3,0,10,173,8.491008714167277
3,0,10,174,8.595865195973714
3,0,10,175,8.761393991088868
3,0,10,176,8.913943734995524
3,0,10,177,9.083160398610433
3,0,10,178,9.201832481892904
3,0,10,179,9.336858775838216
3,0,10,180,9.539162333679199
3,0,10,181,9.677580850982666
3,0,10,182,9.785431076304118
3,0,10,183,9.911686282348633
3,0,10,184,10.001171572875977
3,0,10,185,10.096028643544514
3,0,10,186,10.12870759862264
3,0,10,187,10.120309151204427
3,0,10,188,10.149316665649414
3,0,10,189,10.118672598775229
3,0,10,190,10.12303404083252
3,0,10,191,10.211751351420085
3,0,10,192,10.328733714294433
3,0,10,193,10.350258128356934
3,0,10,194,10.372946128082276
3,0,10,195,10.33749327697754
3,0,10,196,10.29619489364624
3,0,10,197,10.237368890126547
3,0,10,198,10.261270204162598
3,0,10,199,10.222327667744954
3,0,10,200,9.53264077987671
3,0,10,201,9.358500597635905
3,0,10,202,9.199848319244385
3,0,10,203,9.042580358123779
3,0,10,204,8.880915919367473
3,0,10,205,8.736956172434489
3,0,10,206,8.631800718180338
3,0,10,207,8.573936107762655
3,0,10,208,8.464366068522136
3,0,10,209,8.360097106170654
3,0,10,210,8.204433570607502
3,0,10,211,8.166632318115234
3,0,10,212,8.076691660054525
3,0,10,213,8.009042658106486
3,0,10,214,7.999679251480103
3,0,10,215,7.98693592300415
3,0,10,216,8.043008388519286
3,0,10,217,8.038780857213338
3,0,10,218,8.081479438018798
3,0,10,219,8.141612109375
3,0,10,220,8.208699040603637
3,0,10,221,8.29350426457723
3,0,10,222,8.492539533996583
3,0,10,223,8.458536368687948
3,0,10,224,8.628659040323893
3,0,10,225,8.730084945805867
3,0,10,226,8.917296078618367
3,0,10,227,9.05444197362264
3,0,10,228,9.138320111719768
3,0,10,229,9.340372672017415
3,0,10,230,9.441198666381837
3,0,10,231,9.625202416737874
3,0,10,232,9.782006666564941
3,0,10,233,9.892868852996827
3,0,10,234,9.989899000295003
3,0,10,235,10.046291828918458
3,0,10,236,10.162773847707113
3,0,10,237,10.221669488525391
3,0,10,238,10.230057031758626
3,0,10,239,10.255920483652751
3,0,10,240,10.23793487141927
3,0,10,241,10.277581761932373
3,0,10,242,10.387928462473552
3,0,10,243,10.426040672810872
3,0,10,244,10.408278213500976
3,0,10,245,10.39200892461141
3,0,10,246,10.33198196105957
3,0,10,247,10.33772154490153
3,0,10,248,10.304404814656575
3,0,10,249,10.312107999420165
3,0,20,0,8.89728909111023
3,0,20,1,8.820650717417399
3,0,20,2,8.855179057057699
3,0,20,3,8.861208455530802
3,0,20,4,8.791657320658366
3,0,20,5,8.803979846954345
3,0,20,6,8.762273577372232
3,0,20,7,8.750194769668578
3,0,20,8,8.724224551391602
3,0,20,9,8.707118394597371
3,0,20,10,8.706826484425862
3,0,20,11,8.696148533630371
3,0,20,12,8.670433354568482
3,0,20,13,8.675635857137044
3,0,20,14,8.663371166737875
3,0,20,15,8.662415858459473
3,0,20,16,8.681742504628499
3,0,20,17,8.702510464350382
3,0,20,18,8.725897738901773
3,0,20,19,8.701770549011231
3,0,20,20,8.71071244354248
3,0,20,21,8.73551636098226
3,0,20,22,8.778355456924439
3,0,20,23,8.773137821451822
3,0,20,24,8.776597997538248
3,0,20,25,8.827926124572754
3,0,20,26,8.819789480082195
3,0,20,27,8.851795548756916
3,0,20,28,8.910769154485067
3,0,20,29,8.874927509816487
3,0,20,30,8.910202493286134
3,0,20,31,8.916876399230958
3,0,20,32,9.016349366760254
3,0,20,33,8.98969216156006
3,0,20,34,8.989051685460408
3,0,20,35,9.015117324574788
3,0,20,36,9.018913478597005
3,0,20,37,9.069349371337891
3,0,20,38,9.083301843134562
3,0,20,39,9.108476853942872
3,0,20,40,9.14730124982198
3,0,20,41,9.158182257080078
3,0,20,42,9.156887070337932
3,0,20,43,9.186498726399739
3,0,20,44,9.161059849294027
3,0,20,45,9.205114562225342
3,0,20,46,9.182151303609212
3,0,20,47,9.158686496480305
3,0,20,48,9.15754614613851
3,0,20,49,9.127553372573853
3,0,20,50,9.009683338165283
3,0,20,51,8.936381475830078
3,0,20,52,8.850857730992635
3,0,20,53,8.788126294453939
3,0,20,54,8.746448686218262
3,0,20,55,8.726093952051798
3,0,20,56,8.69428980954488
3,0,20,57,8.657640484110514
3,0,20,58,8.57122654355367
3,0,20,59,8.539831353123983
3,0,20,60,8.504692163721721
3,0,20,61,8.470339742660522
3,0,20,62,8.395061311594645
3,0,20,63,8.444654457600912
3,0,20,64,8.391391323343912
3,0,20,65,8.361644596481323
3,0,20,66,8.407875691223145
3,0,20,67,8.39067205174764
3,0,20,68,8.477044817097982
3,0,20,69,8.513653848393758
3,0,20,70,8.550032691955566
3,0,20,71,8.613308517201741
3,0,20,72,8.608605600102743
3,0,20,73,8.700596875508626
3,0,20,74,8.737478622690837
3,0,20,75,8.867804364522298
3,0,20,76,8.936334877522787
3,0,20,77,9.059032601674398
3,0,20,78,9.062694493103027
3,0,20,79,9.14964668337504
3,0,20,80,9.232135411580403
3,0,20,81,9.320816033172607
3,0,20,82,9.346429139455159
3,0,20,83,9.425285012054443
3,0,20,84,9.452121532948812
3,0,20,85,9.450335497538248
3,0,20,86,9.442563615290323
3,0,20,87,9.480373664983114
3,0,20,88,9.534246218363444
3,0,20,89,9.578017663574219
3,0,20,90,9.648817891693115
3,0,20,91,9.645534039306641
3,0,20,92,9.73324737625122
3,0,20,93,9.730916773223877
3,0,20,94,9.708442555999756
3,0,20,95,9.68356239903768
3,0,20,96,9.714049198150635
3,0,20,97,9.703613917032877
3,0,20,98,9.660683744812012
3,0,20,99,9.684359289805094
3,0,20,100,9.2349932888031
3,0,20,101,9.165103676859538
3,0,20,102,9.023399948247274
3,0,20,103,8.951210826237997
3,0,20,104,8.87335081761678
3,0,20,105,8.720756829961141
3,0,20,106,8.628272888183593
3,0,20,107,8.589586594645182
3,0,20,108,8.491609240341187
3,0,20,109,8.443721151224771
3,0,20,110,8.360476824188233
3,0,20,111,8.321661891810098
3,0,20,112,8.28355179049174
3,0,20,113,8.2352915184021
3,0,20,114,8.247763288370768
3,0,20,115,8.25877069753011
3,0,20,116,8.248454280980429
3,0,20,117,8.27990893681844
3,0,20,118,8.28803610458374
3,0,20,119,8.338743148040772
3,0,20,120,8.40367598698934
3,0,20,121,8.420006027603149
3,0,20,122,8.602229217274983
3,0,20,123,8.594016328048706
3,0,20,124,8.743732940928142
3,0,20,125,8.887809790293376
3,0,20,126,8.988897608947754
3,0,20,127,9.07948841527303
3,0,20,128,9.222990029271443
3,0,20,129,9.320136549886067
3,0,20,130,9.395931676228841
3,0,20,131,9.496990438842774
3,0,20,132,9.58340408782959
3,0,20,133,9.562225575002035
3,0,20,134,9.662383780415853
3,0,20,135,9.7247701461792
3,0,20,136,9.75440977783203
3,0,20,137,9.776225859069823
3,0,20,138,9.771082382202149
3,0,20,139,9.821480051676433
3,0,20,140,9.806584297180176
3,0,20,141,9.91340164006551
3,0,20,142,10.046023788960774
3,0,20,143,10.061279299926758
3,0,20,144,10.040967732493083
3,0,20,145,10.075639152781168
3,0,20,146,10.014256665802002
3,0,20,147,9.997019978841147
3,0,20,148,9.95708197072347
3,0,20,149,10.014460306803386
3,0,20,150,9.507752031199137
3,0,20,151,9.312579100545248
3,0,20,152,9.205016389083863
3,0,20,153,9.095500885264078
3,0,20,154,8.994879744466147
3,0,20,155,8.799243317159016
3,0,20,156,8.733617397944132
3,0,20,157,8.633274666341146
3,0,20,158,8.534397753651938
3,0,20,159,8.41905842819214
3,0,20,160,8.310644216283162
3,0,20,161,8.273034921264648
3,0,20,162,8.207780076090495
3,0,20,163,8.196443129730225
3,0,20,164,8.141052903620402
3,0,20,165,8.145007895406087
3,0,20,166,8.102759970601399
3,0,20,167,8.163250547409058
3,0,20,168,8.174733536783855
3,0,20,169,8.244765373229981
3,0,20,170,8.28924713490804
3,0,20,171,8.350655740102132
3,0,20,172,8.439241304397584
3,0,20,173,8.54669224955241
3,0,20,174,8.651548790105183
3,0,20,175,8.817077453867594
3,0,20,176,8.969627492014567
3,0,20,177,9.13884451904297
3,0,20,178,9.257517130788168
3,0,20,179,9.392543947855632
3,0,20,180,9.594847509002685
3,0,20,181,9.733265940348307
3,0,20,182,9.841115805562337
3,0,20,183,9.967371248118083
3,0,20,184,10.056857328796386
3,0,20,185,10.151714770507812
3,0,20,186,10.184393316141763
3,0,20,187,10.175993883768717
3,0,20,188,10.205000987752278
3,0,20,189,10.17435658899943
3,0,20,190,10.178718077850341
3,0,20,191,10.267436233520508
3,0,20,192,10.384419522221883
3,0,20,193,10.405944627380372
3,0,20,194,10.428632859547934
3,0,20,195,10.39318027013143
3,0,20,196,10.351881641387939
3,0,20,197,10.293055452473958
3,0,20,198,10.316957122802734
3,0,20,199,10.278014247639973
3,0,20,200,9.588321505228679
3,0,20,201,9.41418030014038
3,0,20,202,9.255527406565347
3,0,20,203,9.098258564249674
3,0,20,204,8.93659421488444
3,0,20,205,8.792633806355795
3,0,20,206,8.687479042943318
3,0,20,207,8.629614368565877
3,0,20,208,8.520044457626343
3,0,20,209,8.415775735346477
3,0,20,210,8.260112957636515
3,0,20,211,8.222312800725302
3,0,20,212,8.132372119903565
3,0,20,213,8.064722772216797
3,0,20,214,8.055358709843954
3,0,20,215,8.042614146804809
3,0,20,216,8.098686830012003
3,0,20,217,8.094459959920247
3,0,20,218,8.137159822718303
3,0,20,219,8.197293112182617
3,0,20,220,8.26438111038208
3,0,20,221,8.349187186431886
3,0,20,222,8.548223139572144
3,0,20,223,8.514220368830363
3,0,20,224,8.684343135960896
3,0,20,225,8.785768945821125
3,0,20,226,8.972979705556234
3,0,20,227,9.110125840759277
3,0,20,228,9.194004276784261
3,0,20,229,9.396057504399618
3,0,20,230,9.496883888498942
3,0,20,231,9.680887910970052
3,0,20,232,9.837692121887207
3,0,20,233,9.948553782908121
3,0,20,234,10.045584366353353
3,0,20,235,10.101977704874674
3,0,20,236,10.218459463500977
3,0,20,237,10.27735427907308
3,0,20,238,10.285741360727945
3,0,20,239,10.311604611206056
3,0,20,240,10.293618627421061
3,0,20,241,10.333266255950928
3,0,20,242,10.443614088948568
3,0,20,243,10.481726691182454
3,0,20,244,10.46396489384969
3,0,20,245,10.44769632949829
3,0,20,246,10.387669357554119
3,0,20,247,10.39340857111613
3,0,20,248,10.360091765848795
3,0,20,249,10.367794746144613
3,0,20,250,9.653628890228271
3,0,20,251,9.511092458089193
3,0,20,252,9.206378810373941
3,0,20,253,8.955707362238567
3,0,20,254,8.817749876022338
3,0,20,255,8.685351029968261
3,0,20,256,8.593364143244425
3,0,20,257,8.514867072804769
3,0,20,258,8.439843933232625
3,0,20,259,8.30840982131958
3,0,20,260,8.160461167144776
3,0,20,261,8.084824585342407
3,0,20,262,8.01490516421
3,0,20,263,8.039182699457804
3,0,20,264,8.035977361424765
3,0,20,265,7.976238174247742
3,0,20,266,8.030116638056437
3,0,20,267,8.05504080060323
3,0,20,268,8.109511159642537
3,0,20,269,8.173186897277832
3,0,20,270,8.202371364339193
3,0,20,271,8.278602955627441
3,0,20,272,8.42367978070577
3,0,20,273,8.533910781733194
3,0,20,274,8.64159550628662
3,0,20,275,8.717701911799113
3,0,20,276,8.881607237497965
3,0,20,277,9.034713798904418
3,0,20,278,9.161531859842936
3,0,20,279,9.318916017913818
3,0,20,280,9.408820571390788
3,0,20,281,9.611788477579752
3,0,20,282,9.79342217839559
3,0,20,283,9.903424870300293
3,0,20,284,10.0205199122111
3,0,20,285,10.097415751139323
3,0,20,286,10.164939381917318
3,0,20,287,10.24728158569336
3,0,20,288,10.296706607309977
3,0,20,289,10.300274628194174
3,0,20,290,10.277993610636393
3,0,20,291,10.367428836568196
3,0,20,292,10.497782773335775
3,0,20,293,10.519086722056072
3,0,20,294,10.553747345987956
3,0,20,295,10.494165822855631
3,0,20,296,10.361323818206786
3,0,20,297,10.320044644419353
3,0,20,298,10.253741721598308
3,0,20,299,10.239583805592854
3,0,20,300,9.896657749684652
3,0,20,301,9.726296929423015
3,0,20,302,9.452787559509277
3,0,20,303,9.18456684926351
3,0,20,304,8.965193534088135
3,0,20,305,8.847675987497965
3,0,20,306,8.741668929545085
3,0,20,307,8.623029743830363
3,0,20,308,8.520531669362386
3,0,20,309,8.355071824010214
3,0,20,310,8.225983660761516
3,0,20,311,8.146088179397584
3,0,20,312,8.079808612823486
3,0,20,313,8.059960891977946
3,0,20,314,8.034237298202514
3,0,20,315,8.087013516108195
3,0,20,316,8.09306020342509
3,0,20,317,8.085688792037963
3,0,20,318,8.16785185585022
3,0,20,319,8.152320503107706
3,0,20,320,8.231878398513794
3,0,20,321,8.326451463190715
3,0,20,322,8.392731377665202
3,0,20,323,8.482030893707275
3,0,20,324,8.637743463389079
3,0,20,325,8.764798124567667
3,0,20,326,8.905129385884603
3,0,20,327,9.059392094167073
3,0,20,328,9.210474338404337
3,0,20,329,9.372068939717611
3,0,20,330,9.540222322336833
3,0,20,331,9.650633301289876
3,0,20,332,9.82268862915039
3,0,20,333,9.90775485051473
3,0,20,334,10.005343501027426
3,0,20,335,10.123632907867432
3,0,20,336,10.207601538340251
3,0,20,337,10.32069326502482
3,0,20,338,10.336473992919922
3,0,20,339,10.282061974080404
3,0,20,340,10.345181140391032
3,0,20,341,10.404819240061443
3,0,20,342,10.545548058827718
3,0,20,343,10.582501556905111
3,0,20,344,10.517824321492514
3,0,20,345,10.394169439697265
3,0,20,346,10.30726582667033
3,0,20,347,10.307706444295247
3,0,20,348,10.263341452534993
3,0,20,349,10.297419434865315
3,0,20,350,10.213423698679605
3,0,20,351,9.993844883728027
3,0,20,352,9.618032651901245
3,0,20,353,9.30145672047933
3,0,20,354,9.069342758178712
3,0,20,355,8.988120707321167
3,0,20,356,9.012030282465616
3,0,20,357,8.85933476676941
3,0,20,358,8.67588822962443
3,0,20,359,8.558555817667644
3,0,20,360,8.404636752955119
3,0,20,361,8.281352405802409
3,0,20,362,8.164177819442749
3,0,20,363,8.123721224721272
3,0,20,364,8.073820556259156
3,0,20,365,8.062310375849407
3,0,20,366,8.10140433959961
3,0,20,367,8.107855630874633
3,0,20,368,8.23631827545166
3,0,20,369,8.26008515027364
3,0,20,370,8.324421854654949
3,0,20,371,8.362195446014404
3,0,20,372,8.43271025276184
3,0,20,373,8.532636579640707
3,0,20,374,8.658894899495444
3,0,20,375,8.786307506434122
3,0,20,376,8.91769958076477
3,0,20,377,9.00266870473226
3,0,20,378,9.200208084487915
3,0,20,379,9.281875927225748
3,0,20,380,9.447851397450766
3,0,20,381,9.484211691792806
3,0,20,382,9.670825411605835
3,0,20,383,9.833920466868083
3,0,20,384,9.976182733154296
3,0,20,385,10.050234584554037
3,0,20,386,10.158672857666016
3,0,20,387,10.283979711914062
3,0,20,388,10.297320622507732
3,0,20,389,10.300862849171956
3,0,20,390,10.301493919626871
3,0,20,391,10.378078178914388
3,0,20,392,10.491163371531169
3,0,20,393,10.418699080657959
3,0,20,394,10.528076720428468
3,0,20,395,10.340111260477702
3,0,20,396,10.242903122711182
3,0,20,397,10.18541868871053
3,0,20,398,10.201952473449706
3,0,20,399,10.37452814356486
3,0,20,400,10.325133161671957
3,0,20,401,10.175552077102662
3,0,20,402,9.762417202504476
3,0,20,403,9.517345243326822
3,0,20,404,9.312248181406657
3,0,20,405,9.201648273213705
3,0,20,406,9.180271412150065
3,0,20,407,9.08061045964559
3,0,20,408,8.907673406982422
3,0,20,409,8.689594878133137
3,0,20,410,8.580776237360636
3,0,20,411,8.452190242767333
3,0,20,412,8.357627695719401
3,0,20,413,8.285855124028524
3,0,20,414,8.191944096628825
3,0,20,415,8.195803173065185
3,0,20,416,8.195881604385375
3,0,20,417,8.209021970494588
3,0,20,418,8.241894306691488
3,0,20,419,8.284352260716757
3,0,20,420,8.310284171040854
3,0,20,421,8.402749158732096
3,0,20,422,8.415755005900065
3,0,20,423,8.54438664894104
3,0,20,424,8.615203947321573
3,0,20,425,8.789774309031168
3,0,20,426,8.871536038716634
3,0,20,427,8.97850954615275
3,0,20,428,9.030158715057373
3,0,20,429,9.174929401143391
3,0,20,430,9.294810995737711
3,0,20,431,9.53018928197225
3,0,20,432,9.62719139251709
3,0,20,433,9.812397767130534
3,0,20,434,9.996007114664714
3,0,20,435,10.108719426472982
3,0,20,436,10.1982480662028
3,0,20,437,10.296601017506918
3,0,20,438,10.363873800913494
3,0,20,439,10.291983239746093
3,0,20,440,10.37193067703247
3,0,20,441,10.436200314076741
3,0,20,442,10.482509251658122
3,0,20,443,10.500730389149984
3,0,20,444,10.429968246205648
3,0,20,445,10.278242833455403
3,0,20,446,10.1714636177063
3,0,20,447,10.182371634928385
3,0,20,448,10.279828621164958
3,0,20,449,10.4825680325826
3,0,20,450,10.602450266774495
3,0,20,451,10.403796967569987
3,0,20,452,9.873128884124755
3,0,20,453,9.517218310801189
3,0,20,454,9.421646193186442
3,0,20,455,9.41934119237264
3,0,20,456,9.286397905476887
3,0,20,457,9.221002826436361
3,0,20,458,8.995436465962728
3,0,20,459,8.890931866455078
3,0,20,460,8.711563131078083
3,0,20,461,8.663023965581258
3,0,20,462,8.542020567830404
3,0,20,463,8.507810127131144
3,0,20,464,8.409694275919597
3,0,20,465,8.411028291829426
3,0,20,466,8.385259478123983
3,0,20,467,8.384250827534993
3,0,20,468,8.436210900243124
3,0,20,469,8.518415613301595
3,0,20,470,8.527078299713136
3,0,20,471,8.615128970336913
3,0,20,472,8.690082439422607
3,0,20,473,8.759159322484335
3,0,20,474,8.886995130856832
3,0,20,475,9.014393449401856
3,0,20,476,9.143309174728394
3,0,20,477,9.178647722117105
3,0,20,478,9.199562345631918
3,0,20,479,9.379911825815837
3,0,20,480,9.492935592651367
3,0,20,481,9.586102063878377
3,0,20,482,9.682875853220622
3,0,20,483,9.795060526275634
3,0,20,484,9.949913297271728
3,0,20,485,9.99552589899699
3,0,20,486,10.13946804148356
3,0,20,487,10.190599491373698
3,0,20,488,10.31346917775472
3,0,20,489,10.324055801900228
3,0,20,490,10.349181551361085
3,0,20,491,10.325391650390625
3,0,20,492,10.388530224355062
3,0,20,493,10.486074444071452
3,0,20,494,10.429675649007162
3,0,20,495,10.206420329030355
3,0,20,496,10.136859169769288
3,0,20,497,10.152354986317953
3,0,20,498,10.319239877573649
3,0,20,499,10.575735526021322
3,0,20,500,10.764331661478678
3,0,20,501,10.552482080332439
3,0,20,502,10.02967961247762
3,0,20,503,9.684242392222087
3,0,20,504,9.56460679244995
3,0,20,505,9.518279031880697
3,0,20,506,9.382224116261801
3,0,20,507,9.250332716369629
3,0,20,508,9.17729781366984
3,0,20,509,9.0043337987264
3,0,20,510,8.860959322865805
3,0,20,511,8.790118870035807
3,0,20,512,8.69769512201945
3,0,20,513,8.683209999084472
3,0,20,514,8.656269956334432
3,0,20,515,8.622412629699706
3,0,20,516,8.619107168579102
3,0,20,517,8.64079698155721
3,0,20,518,8.665650188954672
3,0,20,519,8.706673468399048
3,0,20,520,8.74763805249532
3,0,20,521,8.808661357625326
3,0,20,522,8.898763034820556
3,0,20,523,9.020419529596964
3,0,20,524,9.085025936889648
3,0,20,525,9.137245817565917
3,0,20,526,9.183099013900756
3,0,20,527,9.300439643351236
3,0,20,528,9.363122070058187
3,0,20,529,9.470861446380615
3,0,20,530,9.531379639689128
3,0,20,531,9.599001062266032
3,0,20,532,9.73194176381429
3,0,20,533,9.824289531962076
3,0,20,534,9.965080649820964
3,0,20,535,10.098567896525065
3,0,20,536,10.075027999369304
3,0,20,537,10.169867082722982
3,0,20,538,10.195740416208903
3,0,20,539,10.234037818145753
3,0,20,540,10.186023663330078
3,0,20,541,10.230321901194255
3,0,20,542,10.269708705139161
3,0,20,543,10.26213327484131
3,0,20,544,10.220859264119467
3,0,20,545,10.066110017903647
3,0,20,546,10.036593930562336
3,0,20,547,10.168026527659098
3,0,20,548,10.487802107493083
3,0,20,549,10.783092012278239
3,0,20,550,10.879303627268474
3,0,20,551,10.630673276519776
3,0,20,552,10.22516795349121
3,0,20,553,9.870524769592285
3,0,20,554,9.852970220438639
3,0,20,555,9.80720582784017
3,0,20,556,9.6200625831604
3,0,20,557,9.455187350463866
3,0,20,558,9.286947235870361
3,0,20,559,9.066271436564127
3,0,20,560,8.994212667210897
3,0,20,561,9.031307056554159
3,0,20,562,8.957414311854045
3,0,20,563,8.887479126612345
3,0,20,564,8.85835467376709
3,0,20,565,8.670069729359945
3,0,20,566,8.75201200841268
3,0,20,567,8.688419753519694
3,0,20,568,8.737351357777914
3,0,20,569,8.757133754221599
3,0,20,570,8.82650849685669
3,0,20,571,8.896295942815145
3,0,20,572,8.947658590443929
3,0,20,573,9.04208385848999
3,0,20,574,9.116548281478881
3,0,20,575,9.275606280263265
3,0,20,576,9.308136580912272
3,0,20,577,9.398954430135092
3,0,20,578,9.462407345072428
3,0,20,579,9.518457221476236
3,0,20,580,9.624668227767945
3,0,20,581,9.72289942855835
3,0,20,582,9.80967020924886
3,0,20,583,9.886021421813965
3,0,20,584,10.049301324717204
3,0,20,585,10.086966359710694
3,0,20,586,10.170734022521973
3,0,20,587,10.290245165252685
3,0,20,588,10.208253726704916
3,0,20,589,10.287649829101563
3,0,20,590,10.191758712768555
3,0,20,591,10.182875190989176
3,0,20,592,10.230098512395223
3,0,20,593,10.255702285003663
3,0,20,594,10.099959013621012
3,0,20,595,10.02417745920817
3,0,20,596,10.078633200836181
3,0,20,597,10.274426064300537
3,0,20,598,10.720721034495035
3,0,20,599,11.064418875376383
3,0,20,600,10.959217743682862
3,0,20,601,10.609575023651123
3,0,20,602,10.421337356567383
3,0,20,603,10.085347125244141
3,0,20,604,10.059398097229003
3,0,20,605,10.009028774007161
3,0,20,606,9.884869849141438
3,0,20,607,9.650993061065673
3,0,20,608,9.401289980951946
3,0,20,609,9.275071304829915
3,0,20,610,9.151106306711833
3,0,20,611,9.134004944864909
3,0,20,612,9.219006143951416
3,0,20,613,9.229847529093425
3,0,20,614,9.223936928049723
3,0,20,615,9.164637743632
3,0,20,616,9.090442979431153
3,0,20,617,9.055684726206461
3,0,20,618,9.062382764943441
3,0,20,619,9.04839711558024
3,0,20,620,9.0915216381073
3,0,20,621,9.147563456471762
3,0,20,622,9.205701729202271
3,0,20,623,9.362089967600504
3,0,20,624,9.36404898554484
3,0,20,625,9.529520032501221
3,0,20,626,9.623192656580606
3,0,20,627,9.686468475341798
3,0,20,628,9.812900383249918
3,0,20,629,9.875828758748373
3,0,20,630,9.892994460550945
3,0,20,631,9.945716445922852
3,0,20,632,9.93799521484375
3,0,20,633,10.030872274780274
3,0,20,634,10.162632041931152
3,0,20,635,10.079465232340494
3,0,20,636,10.220160792795816
3,0,20,637,10.264630951690673
3,0,20,638,10.315876958465577
3,0,20,639,10.252023537699381
3,0,20,640,10.247621254475911
3,0,20,641,10.19822564646403
3,0,20,642,10.196020770517984
3,0,20,643,10.227096806589762
3,0,20,644,10.158347735850016
3,0,20,645,10.100124395243327
3,0,20,646,10.093094332885743
3,0,20,647,10.418754676564534
3,0,20,648,10.76592682571411
3,0,20,649,11.166422182210287
3,0,20,650,11.082537322743734
3,0,20,651,10.580934768168131
3,0,20,652,10.521523324076334
3,0,20,653,10.261170149739584
3,0,20,654,10.195308273569744
3,0,20,655,10.167641982014974
3,0,20,656,9.995007695770264
3,0,20,657,9.783881350962321
3,0,20,658,9.543759287261963
3,0,20,659,9.354833787282308
3,0,20,660,9.224884339650472
3,0,20,661,9.236168636830648
3,0,20,662,9.269735930124918
3,0,20,663,9.32270765914917
3,0,20,664,9.390825459035238
3,0,20,665,9.428448821512857
3,0,20,666,9.418993837483724
3,0,20,667,9.338612456258138
3,0,20,668,9.363085323079426
3,0,20,669,9.300448221079508
3,0,20,670,9.366025702921549
3,0,20,671,9.359978912226358
3,0,20,672,9.415711653645833
3,0,20,673,9.498524413045248
3,0,20,674,9.540096292495727
3,0,20,675,9.694236545562744
3,0,20,676,9.74724886042277
3,0,20,677,9.773485074615479
3,0,20,678,9.819304456837973
3,0,20,679,9.947103929138184
3,0,20,680,10.048977795155842
3,0,20,681,10.090761387125651
3,0,20,682,10.126841157023112
3,0,20,683,10.193401564788818
3,0,20,684,10.2618460550944
3,0,20,685,10.318698997243246
3,0,20,686,10.339283710988363
3,0,20,687,10.366117219543456
3,0,20,688,10.345267229970297
3,0,20,689,10.31161682764689
3,0,20,690,10.211681439971924
3,0,20,691,10.2531112159729
3,0,20,692,10.306716971079508
3,0,20,693,10.320126265716553
3,0,20,694,10.140395303599039
3,0,20,695,10.13967260462443
3,0,20,696,10.303893761952718
3,0,20,697,10.608161074320476
3,0,20,698,10.98772906366984
3,0,20,699,11.36157529449463
3,0,20,700,11.239783885955811
3,0,20,701,10.674534155782064
3,0,20,702,10.594818250274658
3,0,20,703,10.392082431538899
3,0,20,704,10.369080949656169
3,0,20,705,10.17456586380005
3,0,20,706,9.99482076441447
3,0,20,707,9.754319216028849
3,0,20,708,9.472240594482422
3,0,20,709,9.332274253209432
3,0,20,710,9.383676148732503
3,0,20,711,9.34853587697347
3,0,20,712,9.34132740987142
3,0,20,713,9.511522712453207
3,0,20,714,9.527190883636475
3,0,20,715,9.593830695343017
3,0,20,716,9.582817487335205
3,0,20,717,9.526697239430746
3,0,20,718,9.519173935699463
3,0,20,719,9.511385083770753
3,0,20,720,9.53485465037028
3,0,20,721,9.59379905649821
3,0,20,722,9.72369425201416
3,0,20,723,9.72552142791748
3,0,20,724,9.855830377451579
3,0,20,725,9.953156321716309
3,0,20,726,9.998899365488688
3,0,20,727,10.176566078186035
3,0,20,728,10.106224461364747
3,0,20,729,10.149799349212646
3,0,20,730,10.204207995859782
3,0,20,731,10.279877941131591
3,0,20,732,10.276479654693604
3,0,20,733,10.303550177256266
3,0,20,734,10.311771231842041
3,0,20,735,10.378949047851563
3,0,20,736,10.40797023417155
3,0,20,737,10.410690139770507
3,0,20,738,10.389114721171062
3,0,20,739,10.391354178873698
3,0,20,740,10.34503975575765
3,0,20,741,10.310992525227865
3,0,20,742,10.297972100575764
3,0,20,743,10.278012068430582
3,0,20,744,10.236877941131592
3,0,20,745,10.221327200826009
3,0,20,746,10.321158829243977
3,0,20,747,10.636699725341797
3,0,20,748,11.016154127756755
3,0,20,749,11.481318069203695
3,0,20,750,11.15835338007609
3,0,20,751,10.868475542195638
3,0,20,752,10.638746346791585
3,0,20,753,10.454055555216472
3,0,20,754,10.304646892038981
3,0,20,755,10.213066809336345
3,0,20,756,9.95341206181844
3,0,20,757,9.65615852686564
3,0,20,758,9.369329598999023
3,0,20,759,9.265423194885255
3,0,20,760,9.277554428100586
3,0,20,761,9.258910604222615
3,0,20,762,9.330132970809936
3,0,20,763,9.488387672678629
3,0,20,764,9.597168131256103
3,0,20,765,9.697897864023844
3,0,20,766,9.798675708643595
3,0,20,767,9.754822663370769
3,0,20,768,9.7439633934021
3,0,20,769,9.711166983032227
3,0,20,770,9.785391305287678
3,0,20,771,9.836103500620524
3,0,20,772,9.808652242279052
3,0,20,773,10.00090728785197
3,0,20,774,10.066875336201985
3,0,20,775,10.079255743408202
3,0,20,776,10.193436254119874
3,0,20,777,10.242655581537882
3,0,20,778,10.339986614227294
3,0,20,779,10.357484585316977
3,0,20,780,10.399040943145751
3,0,20,781,10.541101788838704
3,0,20,782,10.414615755208333
3,0,20,783,10.37953728612264
3,0,20,784,10.383639897155762
3,0,20,785,10.377489497629801
3,0,20,786,10.354061677296956
3,0,20,787,10.379764407602947
3,0,20,788,10.346546237945557
3,0,20,789,10.21546570561727
3,0,20,790,10.186486811828614
3,0,20,791,10.093188296508789
3,0,20,792,10.076575019582112
3,0,20,793,10.187479600016276
3,0,20,794,10.20267268117269
3,0,20,795,10.237523604075115
3,0,20,796,10.331907996368408
3,0,20,797,10.640436222076415
3,0,20,798,11.1440183497111
3,0,20,799,11.486656687164306
3,0,20,800,11.220801815032958
3,0,20,801,11.091515986124675
3,0,20,802,10.9012761177063
3,0,20,803,10.748614370473225
3,0,20,804,10.593929623921712
3,0,20,805,10.468367602793375
3,0,20,806,10.278281233723959
3,0,20,807,9.947692210388183
3,0,20,808,9.678617102050781
3,0,20,809,9.500708898417155
3,0,20,810,9.47235083847046
3,0,20,811,9.43894633661906
3,0,20,812,9.556046297454834
3,0,20,813,9.598197666422527
3,0,20,814,9.795490568796794
3,0,20,815,9.87124089304606
3,0,20,816,9.946244214121501
3,0,20,817,9.932316484069824
3,0,20,818,9.91405321222941
3,0,20,819,9.976345006815592
3,0,20,820,9.987690707906086
3,0,20,821,10.080017230987549
3,0,20,822,10.17226474939982
3,0,20,823,10.233169108835856
3,0,20,824,10.334795428466796
3,0,20,825,10.402908002217611
3,0,20,826,10.44788443552653
3,0,20,827,10.575289290364584
3,0,20,828,10.559241618347167
3,0,20,829,10.550985310618083
3,0,20,830,10.633723256937662
3,0,20,831,10.53614740193685
3,0,20,832,10.64740894165039
3,0,20,833,10.642931445566813
3,0,20,834,10.63528554763794
3,0,20,835,10.615866427866617
3,0,20,836,10.648416648610432
3,0,20,837,10.545454591878256
3,0,20,838,10.418749733734131
3,0,20,839,10.295922030131022
3,0,20,840,10.178634055328368
3,0,20,841,10.155974667612712
3,0,20,842,10.204631825256348
3,0,20,843,10.29033869857788
3,0,20,844,10.250515753173827
3,0,20,845,10.401980681355795
3,0,20,846,10.631163059743246
3,0,20,847,10.974062254842122
3,0,20,848,11.359124200439453
3,0,20,849,11.682024571228027
3,0,20,850,11.288224913787841
3,0,20,851,11.40911559753418
3,0,20,852,11.290311045583088
3,0,20,853,10.960175321197509
3,0,20,854,10.707084715525308
3,0,20,855,10.630745267740885
3,0,20,856,10.48365508550008
3,0,20,857,10.253105248260498
3,0,20,858,10.006252519480388
3,0,20,859,9.801773445129395
3,0,20,860,9.762308714294434
3,0,20,861,9.751505142211913
3,0,20,862,9.796730345408122
3,0,20,863,9.943125651550293
3,0,20,864,9.90943627243042
3,0,20,865,10.021925452677408
3,0,20,866,10.126887602996826
3,0,20,867,10.242398622385661
3,0,20,868,10.289369418843588
3,0,20,869,10.33915010808309
3,0,20,870,10.32498893890381
3,0,20,871,10.398010744730632
3,0,20,872,10.493081818135579
3,0,20,873,10.587665404764811
3,0,20,874,10.712483068593343
3,0,20,875,10.73300961227417
3,0,20,876,10.730557837931315
3,0,20,877,10.837876991271973
3,0,20,878,10.831149124145508
3,0,20,879,10.899755382537842
3,0,20,880,10.885223393503825
3,0,20,881,10.909913540649415
3,0,20,882,10.874333476765951
3,0,20,883,10.887720708974202
3,0,20,884,10.824852125549317
3,0,20,885,10.853540100606283
3,0,20,886,10.806796881357828
3,0,20,887,10.746922924550374
3,0,20,888,10.589963241322835
3,0,20,889,10.558615236155193
3,0,20,890,10.473269485982259
3,0,20,891,10.29156134923299
3,0,20,892,10.341755389912922
3,0,20,893,10.579300374603271
3,0,20,894,10.590093200937908
3,0,20,895,10.61447759399414
3,0,20,896,10.804375300598144
3,0,20,897,11.067677040100097
3,0,20,898,11.307780714670818
3,0,20,899,11.685393744659423
3,0,20,900,11.613944938151041
3,0,20,901,11.568437228393554
3,0,20,902,11.556804282887777
3,0,20,903,11.18776616338094
3,0,20,904,10.91164631398519
3,0,20,905,10.721032320912679
3,0,20,906,10.656667172749838
3,0,20,907,10.48997912826538
3,0,20,908,10.192169194793701
3,0,20,909,10.025398426310222
3,0,20,910,10.044095390828451
3,0,20,911,9.933551462046305
3,0,20,912,10.017378700002034
3,0,20,913,10.064415184020996
3,0,20,914,10.172388388824462
3,0,20,915,10.326874531046549
3,0,20,916,10.43424479268392
3,0,20,917,10.394963389333089
3,0,20,918,10.51300387395223
3,0,20,919,10.564661547851562
3,0,20,920,10.547274592844644
3,0,20,921,10.641411702982584
3,0,20,922,10.728710696919759
3,0,20,923,10.788319517262776
3,0,20,924,10.90404109954834
3,0,20,925,10.953710920715332
3,0,20,926,10.972493989308676
3,0,20,927,10.968510224405925
3,0,20,928,10.96897602666219
3,0,20,929,11.066235512288412
3,0,20,930,11.102919347890218
3,0,20,931,11.095062963867187
3,0,20,932,11.001143201446533
3,0,20,933,11.064117728678385
3,0,20,934,11.012371412658691
3,0,20,935,10.991949564615885
3,0,20,936,10.914087582906086
3,0,20,937,10.802103008524577
3,0,20,938,10.718223867797851
3,0,20,939,10.659672320302327
3,0,20,940,10.594587582906087
3,0,20,941,10.482417773183187
3,0,20,942,10.620589129892984
3,0,20,943,10.720489504750569
3,0,20,944,10.833033908843994
3,0,20,945,10.808552149454753
3,0,20,946,10.955643343098957
3,0,20,947,11.147974907430013
3,0,20,948,11.43846295522054
3,0,20,949,11.719914901733398
3,0,20,950,11.737620991770427
3,0,20,951,11.775444173940024
3,0,20,952,11.66576224492391
3,0,20,953,11.329031607309977
3,0,20,954,10.988172829182943
3,0,20,955,10.84847597173055
3,0,20,956,10.73530108718872
3,0,20,957,10.627715387217204
3,0,20,958,10.466220693715414
3,0,20,959,10.32006417058309
3,0,20,960,10.293552534103394
3,0,20,961,10.243207028452556
3,0,20,962,10.314662966410319
3,0,20,963,10.372642564137777
3,0,20,964,10.561248994954427
3,0,20,965,10.561679839833577
3,0,20,966,10.650713084920248
3,0,20,967,10.716285885620117
3,0,20,968,10.711941180674234
3,0,20,969,10.722427868143717
3,0,20,970,10.787081459299724
3,0,20,971,10.872687224070232
3,0,20,972,10.910536299641928
3,0,20,973,11.089181820170085
3,0,20,974,11.102399108378092
3,0,20,975,11.16516215133667
3,0,20,976,11.183052504475912
3,0,20,977,11.239440677897136
3,0,20,978,11.207139731852214
3,0,20,979,11.20653473332723
3,0,20,980,11.249298864746093
3,0,20,981,11.253885486857097
3,0,20,982,11.232207750956217
3,0,20,983,11.233317695871989
3,0,20,984,11.149107663726806
3,0,20,985,11.127675637563069
3,0,20,986,11.029659591420492
3,0,20,987,10.966273869578044
3,0,20,988,10.84888581390381
3,0,20,989,10.789573403930664
3,0,20,990,10.69766167271932
3,0,20,991,10.71914179280599
3,0,20,992,10.70953686726888
3,0,20,993,10.885739421081542
3,0,20,994,11.050307765960694
3,0,20,995,11.050276454671224
3,0,20,996,11.040103855133056
3,0,20,997,11.194392344411215
3,0,20,998,11.398078656260173
3,0,20,999,11.654884141540528
3,0,20,1000,11.896337280527751
3,0,20,1001,11.81581811803182
3,0,20,1002,11.721409919230144
3,0,20,1003,11.369775371551514
3,0,20,1004,11.07588018951416
3,0,20,1005,10.936977692667643
3,0,20,1006,10.979541829935709
3,0,20,1007,10.830549746958415
3,0,20,1008,10.740075968933105
3,0,20,1009,10.496763171895346
3,0,20,1010,10.435572145334879
3,0,20,1011,10.462147881062826
3,0,20,1012,10.494146944936116
3,0,20,1013,10.610038355255128
3,0,20,1014,10.801309858957927
3,0,20,1015,10.784146661376953
3,0,20,1016,10.912473706563313
3,0,20,1017,10.908501913452149
3,0,20,1018,10.97954815826416
3,0,20,1019,10.954554911295572
3,0,20,1020,10.981012920888265
3,0,20,1021,11.049766433461507
3,0,20,1022,11.162952823638916
3,0,20,1023,11.275829244232177
3,0,20,1024,11.306558682759603
3,0,20,1025,11.289117881774903
3,0,20,1026,11.311609688313801
3,0,20,1027,11.310821240234375
3,0,20,1028,11.357140259552002
3,0,20,1029,11.334288370513915
3,0,20,1030,11.301958422088623
3,0,20,1031,11.39707475382487
3,0,20,1032,11.366639329274495
3,0,20,1033,11.366898035939535
3,0,20,1034,11.303008021291097
3,0,20,1035,11.24759776204427
3,0,20,1036,11.151971699778239
3,0,20,1037,11.113991234842937
3,0,20,1038,11.025635517374674
3,0,20,1039,10.928617731984456
3,0,20,1040,10.899491574350993
3,0,20,1041,10.738638688151042
3,0,20,1042,10.867013460540772
3,0,20,1043,11.036999670918783
3,0,20,1044,11.237046666971843
3,0,20,1045,11.239866659037272
3,0,20,1046,11.239471228281657
3,0,20,1047,11.334880005900065
3,0,20,1048,11.562039474995931
3,0,20,1049,11.819975710805258
3,0,20,1050,12.04893506189982
3,0,20,1051,11.931317166392008
3,0,20,1052,11.772367184193929
3,0,20,1053,11.455583100636801
3,0,20,1054,11.267292913564047
3,0,20,1055,11.141341331736246
3,0,20,1056,11.101127361043295
3,0,20,1057,11.023340819040934
3,0,20,1058,10.936540364074707
3,0,20,1059,10.845057509358725
3,0,20,1060,10.730517080179851
3,0,20,1061,10.781829002126058
3,0,20,1062,10.794402067057291
3,0,20,1063,10.813028632100423
3,0,20,1064,10.950471725972493
3,0,20,1065,10.994581541188557
3,0,20,1066,11.04554876683553
3,0,20,1067,10.977984312693279
3,0,20,1068,11.066344615681967
3,0,20,1069,11.063350599161783
3,0,20,1070,11.104893351745606
3,0,20,1071,11.210708229064942
3,0,20,1072,11.235352220662435
3,0,20,1073,11.315031664276123
3,0,20,1074,11.368467696380614
3,0,20,1075,11.447448641967773
3,0,20,1076,11.405969643147786
3,0,20,1077,11.459780778249105
3,0,20,1078,11.485215630594888
3,0,20,1079,11.498627221171061
3,0,20,1080,11.503375931040447
3,0,20,1081,11.50525725809733
3,0,20,1082,11.521621276346842
3,0,20,1083,11.54203570098877
3,0,20,1084,11.402581537882487
3,0,20,1085,11.380809586334228
3,0,20,1086,11.280501404825847
3,0,20,1087,11.189543501790364
3,0,20,1088,11.094523648325602
3,0,20,1089,11.046111040496827
3,0,20,1090,11.084254359690348
3,0,20,1091,10.945747052256266
3,0,20,1092,11.125649185180665
3,0,20,1093,11.243397487640381
3,0,20,1094,11.458059663391113
3,0,20,1095,11.451289009094237
3,0,20,1096,11.47432172571818
3,0,20,1097,11.508328015391031
3,0,20,1098,11.676284797668457
3,0,20,1099,11.799776428476969
3,0,20,1100,12.092135962168376
3,0,20,1101,12.020721901448567
3,0,20,1102,11.807714934285482
3,0,20,1103,11.66864097442627
3,0,20,1104,11.539504108937582
3,0,20,1105,11.465637441762288
3,0,20,1106,11.387835468292236
3,0,20,1107,11.432862378692628
3,0,20,1108,11.428072142537435
3,0,20,1109,11.436251425933838
3,0,20,1110,11.473982225036622
3,0,20,1111,11.484691389211019
3,0,20,1112,11.454562074025471
3,0,20,1113,11.348141924794515
3,0,20,1114,11.289861293538412
3,0,20,1115,11.237265253957112
3,0,20,1116,11.371040649922689
3,0,20,1117,11.36057652867635
3,0,20,1118,11.426443803660074
3,0,20,1119,11.49583680674235
3,0,20,1120,11.501160635884602
3,0,20,1121,11.593288918558757
3,0,20,1122,11.601435733540853
3,0,20,1123,11.545763065338134
3,0,20,1124,11.545190832773844
3,0,20,1125,11.536327587636311
3,0,20,1126,11.558128741200765
3,0,20,1127,11.596512124888102
3,0,20,1128,11.722880659230551
3,0,20,1129,11.726733809916178
3,0,20,1130,11.740298457336426
3,0,20,1131,11.751313065592448
3,0,20,1132,11.771996706899007
3,0,20,1133,11.731923122151693
3,0,20,1134,11.751912873077393
3,0,20,1135,11.660990661621094
3,0,20,1136,11.565367632039388
3,0,20,1137,11.59407728729248
3,0,20,1138,11.530547574869791
3,0,20,1139,11.619055162556966
3,0,20,1140,11.55412067565918
3,0,20,1141,11.615756787618002
3,0,20,1142,11.687963319905599
3,0,20,1143,11.732867973073324
3,0,20,1144,11.799012600962321
3,0,20,1145,11.855158167266845
3,0,20,1146,11.902013177490234
3,0,20,1147,11.940143214162191
3,0,20,1148,11.936381956481934
3,0,20,1149,11.998061191558838
3,0,20,1150,12.097185484568278
3,0,20,1151,12.064761858113608
3,0,20,1152,11.98968946609497
3,0,20,1153,11.894114047749838
3,0,20,1154,11.873648933410644
3,0,20,1155,11.767142103322348
3,0,20,1156,11.693686163584392
3,0,20,1157,11.636260372416178
3,0,20,1158,11.679389768981933
3,0,20,1159,11.683937275441487
3,0,20,1160,11.698273620351156
3,0,20,1161,11.697452832285563
3,0,20,1162,11.691277562204997
3,0,20,1163,11.647378781890868
3,0,20,1164,11.686117615509033
3,0,20,1165,11.662082627360027
3,0,20,1166,11.74360325978597
3,0,20,1167,11.768719830067953
3,0,20,1168,11.82557189839681
3,0,20,1169,11.922144927469889
3,0,20,1170,11.962247099558512
3,0,20,1171,11.938853588104248
3,0,20,1172,11.845967992401123
3,0,20,1173,11.64781230061849
3,0,20,1174,11.420937095133464
3,0,20,1175,11.333523753356934
3,0,20,1176,11.229880092366537
3,0,20,1177,11.318683362833658
3,0,20,1178,11.318431552886963
3,0,20,1179,11.444750555419922
3,0,20,1180,11.7066603708903
3,0,20,1181,11.8552750928243
3,0,20,1182,11.927511987813315
3,0,20,1183,12.021254299926758
3,0,20,1184,11.932657941182454
3,0,20,1185,11.826506238555908
3,0,20,1186,11.796865736643474
3,0,20,1187,11.67308217569987
3,0,20,1188,11.68323118947347
3,0,20,1189,11.660278384653727
3,0,20,1190,11.710380713144938
3,0,20,1191,11.78265667851766
3,0,20,1192,11.818477364349365
3,0,20,1193,11.855356986236572
3,0,20,1194,11.921495572153727
3,0,20,1195,11.992782768758138
3,0,20,1196,12.079308153533935
3,0,20,1197,12.143737000783284
3,0,20,1198,12.163117151387533
3,0,20,1199,12.237877925109863
3,0,20,1200,11.876004085540771
3,0,20,1201,11.896905894215902
3,0,20,1202,11.907620797983805
3,0,20,1203,11.93194782892863
3,0,20,1204,11.897389285786947
3,0,20,1205,11.943676997121175
3,0,20,1206,11.977155225626628
3,0,20,1207,11.959739530436197
3,0,20,1208,12.006402543894449
3,0,20,1209,11.951866163889568
3,0,20,1210,11.934318668619792
3,0,20,1211,11.951933541107177
3,0,20,1212,11.93710256652832
3,0,20,1213,11.987882050832113
3,0,20,1214,11.88198009516398
3,0,20,1215,11.79831904449463
3,0,20,1216,11.70330108388265
3,0,20,1217,11.63026319325765
3,0,20,1218,11.591382750956218
3,0,20,1219,11.489865746561685
3,0,20,1220,11.3846122505188
3,0,20,1221,11.32811146367391
3,0,20,1222,11.265288518015543
3,0,20,1223,11.216813618977865
3,0,20,1224,11.102400513712565
3,0,20,1225,11.137526312510172
3,0,20,1226,11.199003354644775
3,0,20,1227,11.357247452036539
3,0,20,1228,11.319546923065186
3,0,20,1229,11.449753916676839
3,0,20,1230,11.535625022888183
3,0,20,1231,11.546116665649414
3,0,20,1232,11.694972259775797
3,0,20,1233,11.829373505910239
3,0,20,1234,11.903647983805339
3,0,20,1235,11.946162541707357
3,0,20,1236,11.952641954549154
3,0,20,1237,11.942596765391032
3,0,20,1238,12.019478348032633
3,0,20,1239,12.007520354715982
3,0,20,1240,11.970680132548015
3,0,20,1241,12.011221155802408
3,0,20,1242,11.992242385609945
3,0,20,1243,12.037447220611572
3,0,20,1244,12.059528070322672
3,0,20,1245,12.074684136708578
3,0,20,1246,12.063155365753174
3,0,20,1247,12.091367283121745
3,0,20,1248,12.051142099253337
3,0,20,1249,12.086226877339682
3,0,21,975,11.125490997314452
3,0,21,976,11.143381280008953
3,0,21,977,11.199769364674886
3,0,21,978,11.16746841990153
3,0,21,979,11.16686332244873
3,0,21,980,11.209627494812011
3,0,21,981,11.214214139811197
3,0,21,982,11.192536435953777
3,0,21,983,11.193646306355793
3,0,21,984,11.109436293029786
3,0,21,985,11.08800432281494
3,0,21,986,10.98998826675415
3,0,21,987,10.926602558135986
3,0,21,988,10.809214450327556
3,0,21,989,10.749901994069416
3,0,21,990,10.657990139261882
3,0,21,991,10.67947011235555
3,0,21,992,10.669865139261882
3,0,21,993,10.846068030293782
3,0,21,994,11.01063648071289
3,0,21,995,11.010605113728841
3,0,21,996,11.000432451629639
3,0,21,997,11.15472081782023
3,0,21,998,11.358407092793783
3,0,21,999,11.615212614949545
3,0,21,1000,11.856806519317628
3,0,21,1001,11.776205221303304
3,0,21,1002,11.68193798421224
3,0,21,1003,11.330392153167725
3,0,21,1004,11.036579106140136
3,0,21,1005,10.897681294759115
3,0,21,1006,10.940317834981283
3,0,21,1007,10.791826313018799
3,0,21,1008,10.701373983764649
3,0,21,1009,10.457942772928874
3,0,21,1010,10.396448622131347
3,0,21,1011,10.422598004150391
3,0,21,1012,10.45474618250529
3,0,21,1013,10.57084842859904
3,0,21,1014,10.762068527730307
3,0,21,1015,10.744779941813151
3,0,21,1016,10.873354489644369
3,0,21,1017,10.869273395284017
3,0,21,1018,10.94041780980428
3,0,21,1019,10.915125472005208
3,0,21,1020,10.941479583740234
3,0,21,1021,11.010320424143472
3,0,21,1022,11.123400847117106
3,0,21,1023,11.236523433430989
3,0,21,1024,11.266951796976725
3,0,21,1025,11.247073790486654
3,0,21,1026,11.269565559387207
3,0,21,1027,11.268777101389567
3,0,21,1028,11.315096047973633
3,0,21,1029,11.292244120534262
3,0,21,1030,11.259914147694905
3,0,21,1031,11.355030568949381
3,0,21,1032,11.324595184071859
3,0,21,1033,11.324853913879394
3,0,21,1034,11.260963849639893
3,0,21,1035,11.205553650665284
3,0,21,1036,11.109927642567952
3,0,21,1037,11.071947175598144
3,0,21,1038,10.98359136428833
3,0,21,1039,10.886573623657226
3,0,21,1040,10.857447323354085
3,0,21,1041,10.696594352722167
3,0,21,1042,10.824969140370687
3,0,21,1043,10.99495546315511
3,0,21,1044,11.195002733357747
3,0,21,1045,11.197822889200847
3,0,21,1046,11.19742727762858
3,0,21,1047,11.292835938517253
3,0,21,1048,11.51999541346232
3,0,21,1049,11.777931775156658
3,0,21,1050,12.00972478357951
3,0,21,1051,11.891837609608968
3,0,21,1052,11.733033806355794
3,0,21,1053,11.416154776509602
3,0,21,1054,11.227967357126872
3,0,21,1055,11.101946522013346
3,0,21,1056,11.062027210489909
3,0,21,1057,10.984181113179524
3,0,21,1058,10.89726872177124
3,0,21,1059,10.806070846303305
3,0,21,1060,10.691530243937175
3,0,21,1061,10.742634416453043
3,0,21,1062,10.755434751129151
3,0,21,1063,10.773860006459554
3,0,21,1064,10.911110085550945
3,0,21,1065,10.95506305440267
3,0,21,1066,11.006438408152261
3,0,21,1067,10.938585591888428
3,0,21,1068,11.027059093729655
3,0,21,1069,11.023928637695313
3,0,21,1070,11.065226347351075
3,0,21,1071,11.170984918212891
3,0,21,1072,11.195504053751627
3,0,21,1073,11.275493325805664
3,0,21,1074,11.3288815864563
3,0,21,1075,11.407767238108317
3,0,21,1076,11.366557449595133
3,0,21,1077,11.420415738932292
3,0,21,1078,11.445627972157796
3,0,21,1079,11.459450210571289
3,0,21,1080,11.464053284962972
3,0,21,1081,11.465802684783936
3,0,21,1082,11.482191463979085
3,0,21,1083,11.502554141235352
3,0,21,1084,11.363216693369548
3,0,21,1085,11.341222436269124
3,0,21,1086,11.241069263203938
3,0,21,1087,11.149828589121501
3,0,21,1088,11.055052840169271
3,0,21,1089,11.00681121190389
3,0,21,1090,11.044531948343913
3,0,21,1091,10.906091094970703
3,0,21,1092,11.085854714965821
3,0,21,1093,11.203983301035564
3,0,21,1094,11.4188299369812
3,0,21,1095,11.411839204915365
3,0,21,1096,11.435299598693847
3,0,21,1097,11.469011296081543
3,0,21,1098,11.636967982228597
3,0,21,1099,11.76035130182902
3,0,21,1100,12.052603749338786
3,0,21,1101,11.981183349863688
3,0,21,1102,11.768129838816325
3,0,21,1103,11.629261580657959
3,0,21,1104,11.500140938568116
3,0,21,1105,11.426349601491292
3,0,21,1106,11.348473778788248
3,0,21,1107,11.393531759643555
3,0,21,1108,11.38829715092977
3,0,21,1109,11.396646222432455
3,0,21,1110,11.434442204284668
3,0,21,1111,11.445244562530517
3,0,21,1112,11.415089543914794
3,0,21,1113,11.308614701080323
3,0,21,1114,11.250242196146647
3,0,21,1115,11.197490108998617
3,0,21,1116,11.331639270019531
3,0,21,1117,11.32102478052775
3,0,21,1118,11.386882081349691
3,0,21,1119,11.456279346211751
3,0,21,1120,11.461747621917725
3,0,21,1121,11.553590049997965
3,0,21,1122,11.56174563293457
3,0,21,1123,11.506265794118246
3,0,21,1124,11.505468728892009
3,0,21,1125,11.496679519399008
3,0,21,1126,11.518469099171956
3,0,21,1127,11.556538382720948
3,0,21,1128,11.683229375203451
3,0,21,1129,11.686916154734293
3,0,21,1130,11.700499568430583
3,0,21,1131,11.711914741770427
3,0,21,1132,11.732286590576171
3,0,21,1133,11.692420518493652
3,0,21,1134,11.712320746866862
3,0,21,1135,11.621551866149902
3,0,21,1136,11.525817095184326
3,0,21,1137,11.554329681142171
3,0,21,1138,11.491109898630778
3,0,21,1139,11.57957457148234
3,0,21,1140,11.514741822560628
3,0,21,1141,11.576273446909587
3,0,21,1142,11.64839758758545
3,0,21,1143,11.693299848429362
3,0,21,1144,11.759561031341553
3,0,21,1145,11.815683030192057
3,0,21,1146,11.862543615468343
3,0,21,1147,11.900534307352702
3,0,21,1148,11.89701887512207
3,0,21,1149,11.958547900136312
3,0,21,1150,12.055141255950927
3,0,21,1151,12.022717761230469
3,0,21,1152,11.947645470174153
3,0,21,1153,11.852070029958089
3,0,21,1154,11.83160497080485
3,0,21,1155,11.725098090108236
3,0,21,1156,11.651642169189453
3,0,21,1157,11.594216399129232
3,0,21,1158,11.637345801035563
3,0,21,1159,11.641893317921957
3,0,21,1160,11.656229679616292
3,0,21,1161,11.655408942921957
3,0,21,1162,11.649233596801757
3,0,21,1163,11.605334824117024
3,0,21,1164,11.644073657226562
3,0,21,1165,11.620038692220053
3,0,21,1166,11.701559334818523
3,0,21,1167,11.726675918579101
3,0,21,1168,11.783527998352051
3,0,21,1169,11.880101040903726
3,0,21,1170,11.920203032430013
3,0,21,1171,11.896809504191081
3,0,21,1172,11.803923772176107
3,0,21,1173,11.605767935434978
3,0,21,1174,11.378892638142904
3,0,21,1175,11.291479143269857
3,0,21,1176,11.187835476175945
3,0,21,1177,11.276638748931886
3,0,21,1178,11.276386927286785
3,0,21,1179,11.40270593032837
3,0,21,1180,11.664615792592366
3,0,21,1181,11.813230610402425
3,0,21,1182,11.885467575836183
3,0,21,1183,11.979210088348388
3,0,21,1184,11.890613846079509
3,0,21,1185,11.784462211354574
3,0,21,1186,11.754821801249186
3,0,21,1187,11.631038191477458
3,0,21,1188,11.64118720779419
3,0,21,1189,11.61823446299235
3,0,21,1190,11.668336814371745
3,0,21,1191,11.740612764485677
3,0,21,1192,11.776433457692464
3,0,21,1193,11.81331310043335
3,0,21,1194,11.879451718902589
3,0,21,1195,11.950738847351074
3,0,21,1196,12.037264358774822
3,0,21,1197,12.101693126424154
3,0,21,1198,12.12107317606608
3,0,21,1199,12.195833926391602
3,0,21,1200,11.833920640563965
3,0,21,1201,11.854854985555013
3,0,21,1202,11.865464116923015
3,0,21,1203,11.889685386149088
3,0,21,1204,11.855439807128906
3,0,21,1205,11.901795353190105
3,0,21,1206,11.934843299865722
3,0,21,1207,11.917668451436361
3,0,21,1208,11.964277059173584
3,0,21,1209,11.90998737258911
3,0,21,1210,11.89236253712972
3,0,21,1211,11.909840382385253
3,0,21,1212,11.895065852864583
3,0,21,1213,11.94586307296753
3,0,21,1214,11.839868414306641
3,0,21,1215,11.756090587107341
3,0,21,1216,11.661045343017578
3,0,21,1217,11.58827478129069
3,0,21,1218,11.549390217590332
3,0,21,1219,11.447965690612794
3,0,21,1220,11.342563077036539
3,0,21,1221,11.285875971221923
3,0,21,1222,11.222927247111002
3,0,21,1223,11.174560843149822
3,0,21,1224,11.059854472096761
3,0,21,1225,11.0954814453125
3,0,21,1226,11.156958409372965
3,0,21,1227,11.315202537790935
3,0,21,1228,11.277502049001058
3,0,21,1229,11.407709025065104
3,0,21,1230,11.493580151112875
3,0,21,1231,11.504071731567382
3,0,21,1232,11.652927419789632
3,0,21,1233,11.787328727467855
3,0,21,1234,11.86160317026774
3,0,21,1235,11.904117898305257
3,0,21,1236,11.910597383117675
3,0,21,1237,11.900552307891846
3,0,21,1238,11.977434033203124
3,0,21,1239,11.965476081593831
3,0,21,1240,11.928635869089762
3,0,21,1241,11.969176918029785
3,0,21,1242,11.950198140716553
3,0,21,1243,11.995402998606364
3,0,21,1244,12.017483840179443
3,0,21,1245,12.032639851888021
3,0,21,1246,12.02111098505656
3,0,21,1247,12.049322938537598
3,0,21,1248,12.009097632090251
3,0,21,1249,12.04418240331014
3,0,22,975,11.077312436930338
3,0,22,976,11.095202798461914
3,0,22,977,11.15159104868571
3,0,22,978,11.119290046946208
3,0,22,979,11.118685043334962
3,0,22,980,11.161449286142984
3,0,22,981,11.166035965474446
3,0,22,982,11.144358378092448
3,0,22,983,11.145468048095703
3,0,22,984,11.061257904307048
3,0,22,985,11.039825888315837
3,0,22,986,10.941810003407797
3,0,22,987,10.878424364471435
3,0,22,988,10.76103606185913
3,0,22,989,10.701723601531983
3,0,22,990,10.60981160888672
3,0,22,991,10.631291366322836
3,0,22,992,10.62168637491862
3,0,22,993,10.797888983917236
3,0,22,994,10.962457669067383
3,0,22,995,10.962426453145346
3,0,22,996,10.952253996785482
3,0,22,997,11.106542408243815
3,0,22,998,11.310228624216716
3,0,22,999,11.567034028879801
3,0,22,1000,11.808628025309245
3,0,22,1001,11.72802682393392
3,0,22,1002,11.633759486643473
3,0,22,1003,11.282213972218832
3,0,22,1004,10.988400938924153
3,0,22,1005,10.849503196207682
3,0,22,1006,10.892139471944173
3,0,22,1007,10.743648102823894
3,0,22,1008,10.65319598719279
3,0,22,1009,10.409764673868816
3,0,22,1010,10.34827036819458
3,0,22,1011,10.374419984181722
3,0,22,1012,10.406567989857992
3,0,22,1013,10.522670373280842
3,0,22,1014,10.71389046936035
3,0,22,1015,10.696601881408691
3,0,22,1016,10.825176378122965
3,0,22,1017,10.821095150756836
3,0,22,1018,10.89223962020874
3,0,22,1019,10.866947522735595
3,0,22,1020,10.893301766459148
3,0,22,1021,10.962142674763998
3,0,22,1022,11.07522321472168
3,0,22,1023,11.188345871988933
3,0,22,1024,11.218774336242676
3,0,22,1025,11.201339836883545
3,0,22,1026,11.223908879852296
3,0,22,1027,11.223008037312825
3,0,22,1028,11.269444751230875
3,0,22,1029,11.246558774820963
3,0,22,1030,11.21431325709025
3,0,22,1031,11.309375541178385
3,0,22,1032,11.279040894063314
3,0,22,1033,11.27919441172282
3,0,22,1034,11.215596059926352
3,0,22,1035,11.159822835032145
3,0,22,1036,11.0640413134257
3,0,22,1037,11.026396658070881
3,0,22,1038,10.937929448191325
3,0,22,1039,10.84097418899536
3,0,22,1040,10.811972361755371
3,0,22,1041,10.651286436716715
3,0,22,1042,10.779979340871176
3,0,22,1043,10.94964682820638
3,0,22,1044,11.149594454956056
3,0,22,1045,11.152198492177327
3,0,22,1046,11.15229671198527
3,0,22,1047,11.24746085840861
3,0,22,1048,11.474290361277262
3,0,22,1049,11.732391373443603
3,0,22,1050,11.961546765645345
3,0,22,1051,11.843659592437744
3,0,22,1052,11.68485600458781
3,0,22,1053,11.367977013397217
3,0,22,1054,11.17978956197103
3,0,22,1055,11.053768430328368
3,0,22,1056,11.013849096425375
3,0,22,1057,10.936003294372558
3,0,22,1058,10.849090912882486
3,0,22,1059,10.757892759195963
3,0,22,1060,10.643352611796061
3,0,22,1061,10.694456766764324
3,0,22,1062,10.707256821695964
3,0,22,1063,10.725681926218668
3,0,22,1064,10.862932024129233
3,0,22,1065,10.906885055541991
3,0,22,1066,10.958260284678142
3,0,22,1067,10.890407613881429
3,0,22,1068,10.978881126403808
3,0,22,1069,10.975750809733073
3,0,22,1070,11.017048768107097
3,0,22,1071,11.122807503763834
3,0,22,1072,11.14732675704956
3,0,22,1073,11.227316183980307
3,0,22,1074,11.280704387156169
3,0,22,1075,11.359590013885498
3,0,22,1076,11.31838023630778
3,0,22,1077,11.372238519795737
3,0,22,1078,11.397450701141357
3,0,22,1079,11.41127300643921
3,0,22,1080,11.415876067352295
3,0,22,1081,11.417625463104248
3,0,22,1082,11.434014100138347
3,0,22,1083,11.454376705169677
3,0,22,1084,11.315039158376058
3,0,22,1085,11.293044884999594
3,0,22,1086,11.192891759236653
3,0,22,1087,11.101651225280762
3,0,22,1088,11.006875404103598
3,0,22,1089,10.958633793385824
3,0,22,1090,10.99635447921753
3,0,22,1091,10.857913651275634
3,0,22,1092,11.037677074941
3,0,22,1093,11.155805386606852
3,0,22,1094,11.370651890055338
3,0,22,1095,11.363661340586344
3,0,22,1096,11.387121888224284
3,0,22,1097,11.420833752950033
3,0,22,1098,11.588790436045329
3,0,22,1099,11.712173759969076
3,0,22,1100,12.004426072947185
3,0,22,1101,11.933005585479735
3,0,22,1102,11.719952053578695
3,0,22,1103,11.581083733113607
3,0,22,1104,11.451963089243572
3,0,22,1105,11.37817191289266
3,0,22,1106,11.300296131896973
3,0,22,1107,11.345354093678793
3,0,22,1108,11.34011936823527
3,0,22,1109,11.348468302408854
3,0,22,1110,11.386264293162029
3,0,22,1111,11.397066762797039
3,0,22,1112,11.366911596934
3,0,22,1113,11.260436810811361
3,0,22,1114,11.202064621225993
3,0,22,1115,11.149312665557861
3,0,22,1116,11.283461689503987
3,0,22,1117,11.272847226460774
3,0,22,1118,11.338704486083984
3,0,22,1119,11.408101709747314
3,0,22,1120,11.413569956715902
3,0,22,1121,11.505412367757161
3,0,22,1122,11.513567782084147
3,0,22,1123,11.458087829844157
3,0,22,1124,11.457290664418538
3,0,22,1125,11.44761867574056
3,0,22,1126,11.469419654337566
3,0,22,1127,11.507802983601888
3,0,22,1128,11.634171526590983
3,0,22,1129,11.638024734242757
3,0,22,1130,11.651589403533935
3,0,22,1131,11.662604057566325
3,0,22,1132,11.683287840270996
3,0,22,1133,11.643214166005453
3,0,22,1134,11.663203848012289
3,0,22,1135,11.572281523132323
3,0,22,1136,11.476658605448405
3,0,22,1137,11.50536832555135
3,0,22,1138,11.441838654581705
3,0,22,1139,11.530346337890625
3,0,22,1140,11.465411767578125
3,0,22,1141,11.527047942352295
3,0,22,1142,11.59925441233317
3,0,22,1143,11.64415903600057
3,0,22,1144,11.710303644053141
3,0,22,1145,11.766449400583904
3,0,22,1146,11.813304531097412
3,0,22,1147,11.851434758249919
3,0,22,1148,11.847673524220784
3,0,22,1149,11.909352815246582
3,0,22,1150,12.00939464670817
3,0,22,1151,11.977095713551838
3,0,22,1152,11.902014982350668
3,0,22,1153,11.80636003036499
3,0,22,1154,11.786067480723062
3,0,22,1155,11.679421556854248
3,0,22,1156,11.606085486094157
3,0,22,1157,11.548506252797445
3,0,22,1158,11.591731919352213
3,0,22,1159,11.59625199915568
3,0,22,1160,11.61080945485433
3,0,22,1161,11.60993122660319
3,0,22,1162,11.603667318471272
3,0,22,1163,11.559774736022948
3,0,22,1164,11.598434564208985
3,0,22,1165,11.5743764503479
3,0,22,1166,11.655935288492838
3,0,22,1167,11.68121071624756
3,0,22,1168,11.738013465627034
3,0,22,1169,11.83440667775472
3,0,22,1170,11.874562541453043
3,0,22,1171,11.850961478932698
3,0,22,1172,11.758031046803792
3,0,22,1173,11.560113117726644
3,0,22,1174,11.332986193084716
3,0,22,1175,11.244813514963786
3,0,22,1176,11.141169913736979
3,0,22,1177,11.229973138682048
3,0,22,1178,11.229721380106609
3,0,22,1179,11.356040430959066
3,0,22,1180,11.61795027364095
3,0,22,1181,11.766565134429932
3,0,22,1182,11.838802230326335
3,0,22,1183,11.932544761912029
3,0,22,1184,11.84394866434733
3,0,22,1185,11.737797127024333
3,0,22,1186,11.708156715393066
3,0,22,1187,11.584373115030925
3,0,22,1188,11.594521983846029
3,0,22,1189,11.571569138590494
3,0,22,1190,11.621671387227376
3,0,22,1191,11.693947245534261
3,0,22,1192,11.729767930603026
3,0,22,1193,11.766647588857015
3,0,22,1194,11.832786298878988
3,0,22,1195,11.904073441823323
3,0,22,1196,11.990599094899496
3,0,22,1197,12.055028030141195
3,0,22,1198,12.074408326212565
3,0,22,1199,12.149169193776448
3,0,22,1200,11.788153925577799
3,0,22,1201,11.809055790964763
3,0,22,1202,11.8197707862854
3,0,22,1203,11.844097933197022
3,0,22,1204,11.809539396413168
3,0,22,1205,11.855827140045166
3,0,22,1206,11.889305337524414
3,0,22,1207,11.87188967920939
3,0,22,1208,11.918552571868897
3,0,22,1209,11.864016065724691
3,0,22,1210,11.84646838531494
3,0,22,1211,11.864083225250244
3,0,22,1212,11.849252157847086
3,0,22,1213,11.90003163426717
3,0,22,1214,11.794129525502523
3,0,22,1215,11.7104683303833
3,0,22,1216,11.615450316111247
3,0,22,1217,11.542412378692626
3,0,22,1218,11.503531932576497
3,0,22,1219,11.40201499303182
3,0,22,1220,11.296761427815754
3,0,22,1221,11.240260628763835
3,0,22,1222,11.177437712097168
3,0,22,1223,11.128962772369384
3,0,22,1224,11.014549713389078
3,0,22,1225,11.049826859283447
3,0,22,1226,11.111406499989828
3,0,22,1227,11.269434510803222
3,0,22,1228,11.231780202992757
3,0,22,1229,11.362155356343587
3,0,22,1230,11.44821554514567
3,0,22,1231,11.458353865814209
3,0,22,1232,11.607472358194986
3,0,22,1233,11.741614480845133
3,0,22,1234,11.815811418660482
3,0,22,1235,11.85843831431071
3,0,22,1236,11.864814318084717
3,0,22,1237,11.854848537953695
3,0,22,1238,11.93158937403361
3,0,22,1239,11.919805982208253
3,0,22,1240,11.882837458292643
3,0,22,1241,11.923476866149903
3,0,22,1242,11.90459375890096
3,0,22,1243,11.949615770975749
3,0,22,1244,11.971939867655436
3,0,22,1245,11.987021688334147
3,0,22,1246,11.975370376078288
3,0,22,1247,12.00370726369222
3,0,22,1248,11.963411980438233
3,0,22,1249,11.998448321024577
3,0,23,975,11.043556362660725
3,0,23,976,11.061446791585286
3,0,23,977,11.117835258992512
3,0,23,978,11.085534212493897
3,0,23,979,11.08492932993571
3,0,23,980,11.127693560536702
3,0,23,981,11.132280251566568
3,0,23,982,11.110602656300863
3,0,23,983,11.111712266540527
3,0,23,984,11.027501961771646
3,0,23,985,11.006070086669922
3,0,23,986,10.908054341888429
3,0,23,987,10.844668627166747
3,0,23,988,10.727280246225993
3,0,23,989,10.66796790822347
3,0,23,990,10.576056004842123
3,0,23,991,10.597535708872478
3,0,23,992,10.58793054784139
3,0,23,993,10.764132985432942
3,0,23,994,10.928701800791423
3,0,23,995,10.92867073465983
3,0,23,996,10.91849836730957
3,0,23,997,11.072786824798584
3,0,23,998,11.27647300008138
3,0,23,999,11.533278433227538
3,0,23,1000,11.77487135848999
3,0,23,1001,11.694270767974853
3,0,23,1002,11.600003523763021
3,0,23,1003,11.248458783213298
3,0,23,1004,10.954645878346762
3,0,23,1005,10.815748306783041
3,0,23,1006,10.858384493255615
3,0,23,1007,10.709892724100749
3,0,23,1008,10.6194407178243
3,0,23,1009,10.376009374491373
3,0,23,1010,10.314515304311117
3,0,23,1011,10.340665308125814
3,0,23,1012,10.37281324742635
3,0,23,1013,10.488915939331054
3,0,23,1014,10.680135913848877
3,0,23,1015,10.662847216542563
3,0,23,1016,10.791421581776937
3,0,23,1017,10.787340192921956
3,0,23,1018,10.858484715016683
3,0,23,1019,10.833192495218913
3,0,23,1020,10.859546760559082
3,0,23,1021,10.928387594858805
3,0,23,1022,11.04146802520752
3,0,23,1023,11.154590602874755
3,0,23,1024,11.18501900253296
3,0,23,1025,11.167584362538655
3,0,23,1026,11.190153434499106
3,0,23,1027,11.189252557118733
3,0,23,1028,11.235689361572266
3,0,23,1029,11.212803400166829
3,0,23,1030,11.180557806396484
3,0,23,1031,11.275620117950439
3,0,23,1032,11.24528531519572
3,0,23,1033,11.245438787333171
3,0,23,1034,11.181840280151366
3,0,23,1035,11.126067251078288
3,0,23,1036,11.030285890197755
3,0,23,1037,10.992641281382243
3,0,23,1038,10.904174097188314
3,0,23,1039,10.807218724060059
3,0,23,1040,10.778217168172201
3,0,23,1041,10.617531088002522
3,0,23,1042,10.74622395807902
3,0,23,1043,10.915891242218018
3,0,23,1044,11.115838766733805
3,0,23,1045,11.118442677561442
3,0,23,1046,11.118541152954101
3,0,23,1047,11.213705345662435
3,0,23,1048,11.44053498916626
3,0,23,1049,11.698635904693603
3,0,23,1050,11.927790460205077
3,0,23,1051,11.809903482309977
3,0,23,1052,11.651100209299724
3,0,23,1053,11.3342214650472
3,0,23,1054,11.146034164174397
3,0,23,1055,11.020012930806478
3,0,23,1056,10.980093826293945
3,0,23,1057,10.902248142751057
3,0,23,1058,10.815335855356853
3,0,23,1059,10.724137748718261
3,0,23,1060,10.609597915903727
3,0,23,1061,10.660702321624756
3,0,23,1062,10.673502346801758
3,0,23,1063,10.691927466583252
3,0,23,1064,10.829177655029296
3,0,23,1065,10.873130536905924
3,0,23,1066,10.92450578028361
3,0,23,1067,10.856652743530274
3,0,23,1068,10.945126108805338
3,0,23,1069,10.941995704396566
3,0,23,1070,10.983293502044678
3,0,23,1071,11.089052257283528
3,0,23,1072,11.113571489969889
3,0,23,1073,11.193560699971517
3,0,23,1074,11.246948829142253
3,0,23,1075,11.32583422571818
3,0,23,1076,11.28462424697876
3,0,23,1077,11.338482460784912
3,0,23,1078,11.363694742075602
3,0,23,1079,11.377517064921062
3,0,23,1080,11.382120258585612
3,0,23,1081,11.383869543711345
3,0,23,1082,11.4002583056132
3,0,23,1083,11.420620984649657
3,0,23,1084,11.281283277130127
3,0,23,1085,11.259289120737712
3,0,23,1086,11.159136074066161
3,0,23,1087,11.067895501708984
3,0,23,1088,10.97311982828776
3,0,23,1089,10.924878268941244
3,0,23,1090,10.962599198150635
3,0,23,1091,10.824158222961426
3,0,23,1092,11.003921548716228
3,0,23,1093,11.122049671681722
3,0,23,1094,11.336896031697592
3,0,23,1095,11.329905265553792
3,0,23,1096,11.353366018422445
3,0,23,1097,11.387077989959717
3,0,23,1098,11.555034731038411
3,0,23,1099,11.678418041737874
3,0,23,1100,11.970438925425212
3,0,23,1101,11.899024913533529
3,0,23,1102,11.68601802851359
3,0,23,1103,11.54694430770874
3,0,23,1104,11.417807720947266
3,0,23,1105,11.343941403706868
3,0,23,1106,11.266139344533284
3,0,23,1107,11.311166182454427
3,0,23,1108,11.306375636291504
3,0,23,1109,11.3145547513326
3,0,23,1110,11.352285737609863
3,0,23,1111,11.362995186869304
3,0,23,1112,11.33286560084025
3,0,23,1113,11.226445602671305
3,0,23,1114,11.16816552810669
3,0,23,1115,11.115569805399577
3,0,23,1116,11.249345066833497
3,0,23,1117,11.238880809020996
3,0,23,1118,11.304747894795735
3,0,23,1119,11.374140594991049
3,0,23,1120,11.37946411412557
3,0,23,1121,11.471592065684
3,0,23,1122,11.479738426717123
3,0,23,1123,11.424065217081706
3,0,23,1124,11.423492715199789
3,0,23,1125,11.414743932088216
3,0,23,1126,11.43653343480428
3,0,23,1127,11.474602702585855
3,0,23,1128,11.601293603261311
3,0,23,1129,11.60498028233846
3,0,23,1130,11.618563890329996
3,0,23,1131,11.629979147847493
3,0,23,1132,11.65035140838623
3,0,23,1133,11.610485513051351
3,0,23,1134,11.630385849761963
3,0,23,1135,11.539616848246256
3,0,23,1136,11.443882094828288
3,0,23,1137,11.472394849650065
3,0,23,1138,11.409175097401937
3,0,23,1139,11.497639937591552
3,0,23,1140,11.432807101186116
3,0,23,1141,11.494339016977946
3,0,23,1142,11.56646323521932
3,0,23,1143,11.611365366109212
3,0,23,1144,11.677626427968343
3,0,23,1145,11.73374840520223
3,0,23,1146,11.780608930460613
3,0,23,1147,11.818599809265137
3,0,23,1148,11.815084553019206
3,0,23,1149,11.876613606262207
3,0,23,1150,11.975637002309163
3,0,23,1151,11.943338028208414
3,0,23,1152,11.86825742670695
3,0,23,1153,11.772602613576254
3,0,23,1154,11.752310212453207
3,0,23,1155,11.645664332580566
3,0,23,1156,11.572328321838379
3,0,23,1157,11.514749020640055
3,0,23,1158,11.557974817148844
3,0,23,1159,11.562494851430257
3,0,23,1160,11.577052210998534
3,0,23,1161,11.576173864746094
3,0,23,1162,11.56990994873047
3,0,23,1163,11.526017441304525
3,0,23,1164,11.564677266438801
3,0,23,1165,11.540619168599447
3,0,23,1166,11.622177829233806
3,0,23,1167,11.647453138987224
3,0,23,1168,11.704255950927735
3,0,23,1169,11.800649017333985
3,0,23,1170,11.840804980977376
3,0,23,1171,11.81720387649536
3,0,23,1172,11.7242733640035
3,0,23,1173,11.526355536905925
3,0,23,1174,11.299228564198811
3,0,23,1175,11.21192938893636
3,0,23,1176,11.10811838760376
3,0,23,1177,11.197244897969563
3,0,23,1178,11.196954743448893
3,0,23,1179,11.323156904602051
3,0,23,1180,11.584999653879802
3,0,23,1181,11.733630750528972
3,0,23,1182,11.806008797454833
3,0,23,1183,11.899629349517822
3,0,23,1184,11.811141316223145
3,0,23,1185,11.704889417012533
3,0,23,1186,11.675397806803385
3,0,23,1187,11.551520458730062
3,0,23,1188,11.56161853866577
3,0,23,1189,11.539170982615152
3,0,23,1190,11.588965670522054
3,0,23,1191,11.66132356414795
3,0,23,1192,11.697109494018555
3,0,23,1193,11.73391549911499
3,0,23,1194,11.800076462300618
3,0,23,1195,11.871392026774089
3,0,23,1196,11.957862593332926
3,0,23,1197,12.022308193715414
3,0,23,1198,12.0417662940979
3,0,23,1199,12.116424753316243
3,0,23,1200,11.754396495056152
3,0,23,1201,11.775298325093587
3,0,23,1202,11.78601324818929
3,0,23,1203,11.810340389251708
3,0,23,1204,11.775781830342611
3,0,23,1205,11.822069686889648
3,0,23,1206,11.85554798227946
3,0,23,1207,11.838132292429606
3,0,23,1208,11.884795297495524
3,0,23,1209,11.83025877049764
3,0,23,1210,11.812711110178629
3,0,23,1211,11.830325899251303
3,0,23,1212,11.815494813283285
3,0,23,1213,11.866274336751301
3,0,23,1214,11.760372182718912
3,0,23,1215,11.676711020914713
3,0,23,1216,11.581693018086751
3,0,23,1217,11.508655084228515
3,0,23,1218,11.469774628957113
3,0,23,1219,11.368257660420735
3,0,23,1220,11.263004144541423
3,0,23,1221,11.20650332107544
3,0,23,1222,11.143680395253499
3,0,23,1223,11.095205520121256
3,0,23,1224,10.980792374928793
3,0,23,1225,11.016069640604655
3,0,23,1226,11.077649360402425
3,0,23,1227,11.235677356974284
3,0,23,1228,11.198023002624511
3,0,23,1229,11.328398170216879
3,0,23,1230,11.414458387756348
3,0,23,1231,11.424596674346924
3,0,23,1232,11.573715237172445
3,0,23,1233,11.707857494862875
3,0,23,1234,11.782054485321044
3,0,23,1235,11.824681344095866
3,0,23,1236,11.831057365163167
3,0,23,1237,11.821091534932455
3,0,23,1238,11.897832352956137
3,0,23,1239,11.886048859151204
3,0,23,1240,11.849080231730143
3,0,23,1241,11.889719640096029
3,0,23,1242,11.870836516825358
3,0,23,1243,11.915858508555095
3,0,23,1244,11.938182638295492
3,0,23,1245,11.953264539337159
3,0,23,1246,11.941613341267903
3,0,23,1247,11.969950217946371
3,0,23,1248,11.929655007425945
3,0,23,1249,11.964691401418051
3,0,24,975,11.025565039571127
3,0,24,976,11.043455649058025
3,0,24,977,11.09984430770874
3,0,24,978,11.067543172454833
3,0,24,979,11.066938381703695
3,0,24,980,11.109702674865723
3,0,24,981,11.114289353688559
3,0,24,982,11.092611777496337
3,0,24,983,11.093721052296956
3,0,24,984,11.009510550944011
3,0,24,985,10.988078787231446
3,0,24,986,10.890063058725993
3,0,24,987,10.826677477010092
3,0,24,988,10.709288964589437
3,0,24,989,10.649976852925619
3,0,24,990,10.558065069071452
3,0,24,991,10.579544852956136
3,0,24,992,10.569939633178711
3,0,24,993,10.746141705067952
3,0,24,994,10.910710653940837
3,0,24,995,10.910679780832927
3,0,24,996,10.900507750956217
3,0,24,997,11.054796379852295
3,0,24,998,11.258482594045002
3,0,24,999,11.51528781077067
3,0,24,1000,11.756880061340333
3,0,24,1001,11.676279528299968
3,0,24,1002,11.582012285105387
3,0,24,1003,11.230468049875896
3,0,24,1004,10.936655205535889
3,0,24,1005,10.797757739512125
3,0,24,1006,10.840393588002522
3,0,24,1007,10.69190166244507
3,0,24,1008,10.601449772135418
3,0,24,1009,10.358018518575033
3,0,24,1010,10.296524612172444
3,0,24,1011,10.32267482248942
3,0,24,1012,10.354822679138184
3,0,24,1013,10.470925470225016
3,0,24,1014,10.662145390574137
3,0,24,1015,10.644856565093994
3,0,24,1016,10.77343089497884
3,0,24,1017,10.769349203236898
3,0,24,1018,10.840493789418538
3,0,24,1019,10.815201687367757
3,0,24,1020,10.841556105804443
3,0,24,1021,10.910396951293945
3,0,24,1022,11.023477438863118
3,0,24,1023,11.136599947357178
3,0,24,1024,11.167028359476726
3,0,24,1025,11.149593743133545
3,0,24,1026,11.172162729390463
3,0,24,1027,11.171261855316162
3,0,24,1028,11.21769871190389
3,0,24,1029,11.194812660217286
3,0,24,1030,11.162567121124267
3,0,24,1031,11.257629428863526
3,0,24,1032,11.227294483947754
3,0,24,1033,11.227447851308186
3,0,24,1034,11.163849271392822
3,0,24,1035,11.108076390329996
3,0,24,1036,11.012294970703126
3,0,24,1037,10.974650407663981
3,0,24,1038,10.8861830368042
3,0,24,1039,10.789227922821045
3,0,24,1040,10.760226541900634
3,0,24,1041,10.599540471394857
3,0,24,1042,10.728233436584473
3,0,24,1043,10.897900527445476
3,0,24,1044,11.097847843424478
3,0,24,1045,11.100451754760742
3,0,24,1046,11.100550357564291
3,0,24,1047,11.195714783477783
3,0,24,1048,11.422544329325358
3,0,24,1049,11.680645062510173
3,0,24,1050,11.909799299112956
3,0,24,1051,11.791912242889405
3,0,24,1052,11.63310914815267
3,0,24,1053,11.31623071568807
3,0,24,1054,11.128043508148194
3,0,24,1055,11.002022026316325
3,0,24,1056,10.962102762095133
3,0,24,1057,10.88425721206665
3,0,24,1058,10.79734514948527
3,0,24,1059,10.70614702351888
3,0,24,1060,10.59160745493571
3,0,24,1061,10.642712053934734
3,0,24,1062,10.655511999257406
3,0,24,1063,10.673937027486165
3,0,24,1064,10.81118701578776
3,0,24,1065,10.855139953104654
3,0,24,1066,10.906514956919352
3,0,24,1067,10.838661953481038
3,0,24,1068,10.927135196431477
3,0,24,1069,10.92400478668213
3,0,24,1070,10.965302801513673
3,0,24,1071,11.071061710103352
3,0,24,1072,11.09558099263509
3,0,24,1073,11.175570329030355
3,0,24,1074,11.228958206939698
3,0,24,1075,11.307843636576335
3,0,24,1076,11.266633551025391
3,0,24,1077,11.320491799672444
3,0,24,1078,11.345704050954183
3,0,24,1079,11.359526560211181
3,0,24,1080,11.364129726918538
3,0,24,1081,11.365878903961182
3,0,24,1082,11.382267502085368
3,0,24,1083,11.4026302927653
3,0,24,1084,11.263292458089193
3,0,24,1085,11.241298175557455
3,0,24,1086,11.141145157368978
3,0,24,1087,11.049904741668701
3,0,24,1088,10.95512893371582
3,0,24,1089,10.906887422180176
3,0,24,1090,10.944608443959554
3,0,24,1091,10.80616755956014
3,0,24,1092,10.985930804697672
3,0,24,1093,11.104058697255452
3,0,24,1094,11.318905042266845
3,0,24,1095,11.311914280954996
3,0,24,1096,11.335375105285644
3,0,24,1097,11.369087229919433
3,0,24,1098,11.537044006601969
3,0,24,1099,11.660427356974283
3,0,24,1100,11.952678370666504
3,0,24,1101,11.881257686106364
3,0,24,1102,11.668204123433432
3,0,24,1103,11.529336116027832
3,0,24,1104,11.400216003672282
3,0,24,1105,11.326424985758463
3,0,24,1106,11.248548903656006
3,0,24,1107,11.293607066345215
3,0,24,1108,11.28837237370809
3,0,24,1109,11.296721345265706
3,0,24,1110,11.33451757405599
3,0,24,1111,11.345320102945964
3,0,24,1112,11.315164396158854
3,0,24,1113,11.208689855194091
3,0,24,1114,11.150318556976318
3,0,24,1115,11.097566807556152
3,0,24,1116,11.23171568628947
3,0,24,1117,11.221100928243
3,0,24,1118,11.286957933807374
3,0,24,1119,11.356354796600343
3,0,24,1120,11.361822563934327
3,0,24,1121,11.45366436513265
3,0,24,1122,11.461819153849284
3,0,24,1123,11.406338568115235
3,0,24,1124,11.405541304779053
3,0,24,1125,11.396752134958904
3,0,24,1126,11.418541517893473
3,0,24,1127,11.456610831197104
3,0,24,1128,11.583301780700683
3,0,24,1129,11.586988483174641
3,0,24,1130,11.600572040049235
3,0,24,1131,11.611987407684326
3,0,24,1132,11.632359860229492
3,0,24,1133,11.592493984985351
3,0,24,1134,11.6123943262736
3,0,24,1135,11.5216251856486
3,0,24,1136,11.425890506490072
3,0,24,1137,11.454403303782145
3,0,24,1138,11.391183483378093
3,0,24,1139,11.479648427327474
3,0,24,1140,11.414815593210855
3,0,24,1141,11.476347726949056
3,0,24,1142,11.548472030385335
3,0,24,1143,11.593374191538492
3,0,24,1144,11.659635204060873
3,0,24,1145,11.715757248179118
3,0,24,1146,11.762617711130778
3,0,24,1147,11.80060864944458
3,0,24,1148,11.797093281555176
3,0,24,1149,11.858622454833984
3,0,24,1150,11.957645461527507
3,0,24,1151,11.925346376800537
3,0,24,1152,11.850265806325277
3,0,24,1153,11.754611121622721
3,0,24,1154,11.734318758646648
3,0,24,1155,11.627672744750976
3,0,24,1156,11.55433669204712
3,0,24,1157,11.496757443745931
3,0,24,1158,11.539983185323079
3,0,24,1159,11.544503172047932
3,0,24,1160,11.559060509236653
3,0,24,1161,11.558182217152913
3,0,24,1162,11.551918370310466
3,0,24,1163,11.50802594833374
3,0,24,1164,11.546685859934488
3,0,24,1165,11.522627794138591
3,0,24,1166,11.604186505889892
3,0,24,1167,11.629461776479085
3,0,24,1168,11.686264426422118
3,0,24,1169,11.782657526652018
3,0,24,1170,11.822813243865967
3,0,24,1171,11.799212044525147
3,0,24,1172,11.706281413777669
3,0,24,1173,11.508363545481364
3,0,24,1174,11.28123662999471
3,0,24,1175,11.193937422688801
3,0,24,1176,11.090126520792642
3,0,24,1177,11.179253100840251
3,0,24,1178,11.178963064829508
3,0,24,1179,11.305165375010173
3,0,24,1180,11.567008033752442
3,0,24,1181,11.715639065551757
3,0,24,1182,11.78801715596517
3,0,24,1183,11.881637675730387
3,0,24,1184,11.793149697875977
3,0,24,1185,11.68689783782959
3,0,24,1186,11.657406299082439
3,0,24,1187,11.533528829956055
3,0,24,1188,11.543626904805501
3,0,24,1189,11.52117937113444
3,0,24,1190,11.570974029795329
3,0,24,1191,11.643331812032065
3,0,24,1192,11.679117799123128
3,0,24,1193,11.715923818206788
3,0,24,1194,11.782084911600748
3,0,24,1195,11.853400461578369
3,0,24,1196,11.939871228281657
3,0,24,1197,12.004316937001546
3,0,24,1198,12.023775109100342
3,0,24,1199,12.098433654785156
3,0,24,1200,11.736404876963297
3,0,24,1201,11.757306618754068
3,0,24,1202,11.768021483357748
3,0,24,1203,11.792348726908365
3,0,24,1204,11.757790076446533
3,0,24,1205,11.804077962239583
3,0,24,1206,11.837556193542481
3,0,24,1207,11.82014062754313
3,0,24,1208,11.866803572591145
3,0,24,1209,11.812266969045004
3,0,24,1210,11.79471930770874
3,0,24,1211,11.812334126790365
3,0,24,1212,11.79750288619995
3,0,24,1213,11.848282516733805
3,0,24,1214,11.742380331420899
3,0,24,1215,11.658719137827555
3,0,24,1216,11.563701165008546
3,0,24,1217,11.490663319396972
3,0,24,1218,11.451782969411214
3,0,24,1219,11.35026613032023
3,0,24,1220,11.245012435658772
3,0,24,1221,11.188511674753824
3,0,24,1222,11.125688766988118
3,0,24,1223,11.077213977559408
3,0,24,1224,10.962800911712646
3,0,24,1225,10.99807812983195
3,0,24,1226,11.059657748413086
3,0,24,1227,11.217685805511474
3,0,24,1228,11.180031402842204
3,0,24,1229,11.310406641133627
3,0,24,1230,11.396466757965088
3,0,24,1231,11.40660497792562
3,0,24,1232,11.555723596700032
3,0,24,1233,11.689865994008382
3,0,24,1234,11.76406316019694
3,0,24,1235,11.806690044911702
3,0,24,1236,11.813065983072917
3,0,24,1237,11.803100213623047
3,0,24,1238,11.879841051483155
3,0,24,1239,11.86805756479899
3,0,24,1240,11.831088923899333
3,0,24,1241,11.871728342437745
3,0,24,1242,11.85284528503418
3,0,24,1243,11.897867197672525
3,0,24,1244,11.920191292317709
3,0,24,1245,11.935273237609863
3,0,24,1246,11.923622028605143
3,0,24,1247,11.951959059651692
3,0,24,1248,11.911663773854574
3,0,24,1249,11.946700203196208
3,0,25,975,10.954673069000243
3,0,25,976,10.972563729095459
3,0,25,977,11.02895252456665
3,0,25,978,10.996651407877604
3,0,25,979,10.996046607208251
3,0,25,980,11.038810962422689
3,0,25,981,11.043397604624431
3,0,25,982,11.021720096333821
3,0,25,983,11.02282921930949
3,0,25,984,10.938618612925211
3,0,25,985,10.917186810302734
3,0,25,986,10.819171229553223
3,0,25,987,10.755785688527425
3,0,25,988,10.638397087351482
3,0,25,989,10.579084976450602
3,0,25,990,10.48717316055298
3,0,25,991,10.508652922821044
3,0,25,992,10.499047713216147
3,0,25,993,10.675249838256835
3,0,25,994,10.839818896484376
3,0,25,995,10.839788085428873
3,0,25,996,10.829616136169433
3,0,25,997,10.983904764811198
3,0,25,998,11.187590882364908
3,0,25,999,11.444396047465007
3,0,25,1000,11.685988144429524
3,0,25,1001,11.605387612915038
3,0,25,1002,11.511120311991373
3,0,25,1003,11.159576360829671
3,0,25,1004,10.865763706970215
3,0,25,1005,10.72686624883016
3,0,25,1006,10.769501930745443
3,0,25,1007,10.621010167185466
3,0,25,1008,10.530558339691162
3,0,25,1009,10.287126821390787
3,0,25,1010,10.225632670084636
3,0,25,1011,10.251783001708985
3,0,25,1012,10.28393078994751
3,0,25,1013,10.40003374633789
3,0,25,1014,10.591253694915771
3,0,25,1015,10.573964780171712
3,0,25,1016,10.702539011383056
3,0,25,1017,10.69845727259318
3,0,25,1018,10.769601882680258
3,0,25,1019,10.74430995763143
3,0,25,1020,10.770664536539714
3,0,25,1021,10.839505495198567
3,0,25,1022,10.952586080423991
3,0,25,1023,11.065708607228597
3,0,25,1024,11.096137052408855
3,0,25,1025,11.078702510579427
3,0,25,1026,11.101271526845297
3,0,25,1027,11.100370685831706
3,0,25,1028,11.146807469177245
3,0,25,1029,11.12392139409383
3,0,25,1030,11.09167582244873
3,0,25,1031,11.186738106536865
3,0,25,1032,11.156403156280518
3,0,25,1033,11.156556384531656
3,0,25,1034,11.092957726542155
3,0,25,1035,11.03718491490682
3,0,25,1036,10.941403534444174
3,0,25,1037,10.903758998362223
3,0,25,1038,10.815291547902426
3,0,25,1039,10.718336539459228
3,0,25,1040,10.689335248565675
3,0,25,1041,10.528649238586425
3,0,25,1042,10.657342229461669
3,0,25,1043,10.82700918299357
3,0,25,1044,11.026956432596842
3,0,25,1045,11.029560372416178
3,0,25,1046,11.029658956654867
3,0,25,1047,11.124823372650146
3,0,25,1048,11.351652910105388
3,0,25,1049,11.609753691101075
3,0,25,1050,11.838907407887776
3,0,25,1051,11.72102025934855
3,0,25,1052,11.562217459615072
3,0,25,1053,11.24533917388916
3,0,25,1054,11.057152139790853
3,0,25,1055,10.9311305615743
3,0,25,1056,10.891211213429768
3,0,25,1057,10.813365831247966
3,0,25,1058,10.726453717041016
3,0,25,1059,10.63525538889567
3,0,25,1060,10.520715917460123
3,0,25,1061,10.571820562489828
3,0,25,1062,10.584620306396484
3,0,25,1063,10.603045294443767
3,0,25,1064,10.740295209503174
3,0,25,1065,10.784248160298665
3,0,25,1066,10.83562311706543
3,0,25,1067,10.767770212809245
3,0,25,1068,10.856243451690673
3,0,25,1069,10.853113058217367
3,0,25,1070,10.894411249542236
3,0,25,1071,11.000170206451417
3,0,25,1072,11.024689464314779
3,0,25,1073,11.104678927612305
3,0,25,1074,11.158066722106934
3,0,25,1075,11.23695225423177
3,0,25,1076,11.195742141977947
3,0,25,1077,11.249600424957276
3,0,25,1078,11.274812558746337
3,0,25,1079,11.288635072835287
3,0,25,1080,11.293238149515787
3,0,25,1081,11.294987333424887
3,0,25,1082,11.311375935618083
3,0,25,1083,11.331738659159342
3,0,25,1084,11.192400709025065
3,0,25,1085,11.170406413269044
3,0,25,1086,11.070253408050537
3,0,25,1087,10.979013059997559
3,0,25,1088,10.884237369537354
3,0,25,1089,10.835995887756347
3,0,25,1090,10.873717005411784
3,0,25,1091,10.73527626139323
3,0,25,1092,10.915039534505208
3,0,25,1093,11.033167283630371
3,0,25,1094,11.248013521575928
3,0,25,1095,11.241022772979736
3,0,25,1096,11.264483676147462
3,0,25,1097,11.298195866648356
3,0,25,1098,11.466152584075928
3,0,25,1099,11.589535811360678
3,0,25,1100,11.881786428324382
3,0,25,1101,11.810365693410237
3,0,25,1102,11.597311997477213
3,0,25,1103,11.458443924713135
3,0,25,1104,11.329323829905192
3,0,25,1105,11.255532849884034
3,0,25,1106,11.17765686569214
3,0,25,1107,11.222715117136637
3,0,25,1108,11.217480369567872
3,0,25,1109,11.225829316457112
3,0,25,1110,11.263625566355387
3,0,25,1111,11.2744281346639
3,0,25,1112,11.244272310129801
3,0,25,1113,11.13779781850179
3,0,25,1114,11.07942680384318
3,0,25,1115,11.026674969991047
3,0,25,1116,11.160823728434245
3,0,25,1117,11.150208951568603
3,0,25,1118,11.216065871938069
3,0,25,1119,11.285462672424316
3,0,25,1120,11.290930360412597
3,0,25,1121,11.382772149912515
3,0,25,1122,11.39092676417033
3,0,25,1123,11.335445973968506
3,0,25,1124,11.334648601786295
3,0,25,1125,11.325859476216634
3,0,25,1126,11.347648798624675
3,0,25,1127,11.385718163808187
3,0,25,1128,11.512409194946288
3,0,25,1129,11.516095892333984
3,0,25,1130,11.529679440816244
3,0,25,1131,11.541094730885824
3,0,25,1132,11.561467282613119
3,0,25,1133,11.521601348114014
3,0,25,1134,11.541501761118571
3,0,25,1135,11.450732593282064
3,0,25,1136,11.35499798075358
3,0,25,1137,11.383510878499349
3,0,25,1138,11.320291048431397
3,0,25,1139,11.408756109364827
3,0,25,1140,11.343923216501873
3,0,25,1141,11.405455481211344
3,0,25,1142,11.477579888153077
3,0,25,1143,11.522482018534342
3,0,25,1144,11.588743033091227
3,0,25,1145,11.644865159861247
3,0,25,1146,11.691725703938802
3,0,25,1147,11.729716777038574
3,0,25,1148,11.726201487731933
3,0,25,1149,11.787730693308513
3,0,25,1150,11.886752788543701
3,0,25,1151,11.854453633117675
3,0,25,1152,11.779373064676921
3,0,25,1153,11.683718304951986
3,0,25,1154,11.6634259862264
3,0,25,1155,11.556779885101319
3,0,25,1156,11.48344383239746
3,0,25,1157,11.42586467259725
3,0,25,1158,11.46909051615397
3,0,25,1159,11.473610491434734
3,0,25,1160,11.488167816670735
3,0,25,1161,11.487289589945476
3,0,25,1162,11.481025696818033
3,0,25,1163,11.437133300526936
3,0,25,1164,11.475793245951335
3,0,25,1165,11.451735137430827
3,0,25,1166,11.533293793233236
3,0,25,1167,11.558569110361734
3,0,25,1168,11.615371621704101
3,0,25,1169,11.711764704640707
3,0,25,1170,11.751920358276367
3,0,25,1171,11.728319179534912
3,0,25,1172,11.635388596343994
3,0,25,1173,11.437470702616373
3,0,25,1174,11.210343785349528
3,0,25,1175,11.123044651031494
3,0,25,1176,11.019233823649088
3,0,25,1177,11.108360432942709
3,0,25,1178,11.108070420074464
3,0,25,1179,11.234272789764404
3,0,25,1180,11.496115242258707
3,0,25,1181,11.644746235656738
3,0,25,1182,11.717124371083578
3,0,25,1183,11.810744860331218
3,0,25,1184,11.722256861368814
3,0,25,1185,11.616005077107747
3,0,25,1186,11.586513650512694
3,0,25,1187,11.46263613764445
3,0,25,1188,11.472734214528401
3,0,25,1189,11.450286626688639
3,0,25,1190,11.500081291707357
3,0,25,1191,11.572439095815023
3,0,25,1192,11.608225135294596
3,0,25,1193,11.645031179809571
3,0,25,1194,11.711192383066813
3,0,25,1195,11.782507889302572
3,0,25,1196,11.868978882344564
3,0,25,1197,11.933424685414632
3,0,25,1198,11.9528828956604
3,0,25,1199,12.027541618347168
3,0,25,1200,11.665512231445312
3,0,25,1201,11.686414015197753
3,0,25,1202,11.697128867340087
3,0,25,1203,11.721456113179524
3,0,25,1204,11.686897430674234
3,0,25,1205,11.733185351816813
3,0,25,1206,11.766663631184896
3,0,25,1207,11.749248070017497
3,0,25,1208,11.795911022440592
3,0,25,1209,11.741374341074625
3,0,25,1210,11.723826557159423
3,0,25,1211,11.741441335042317
3,0,25,1212,11.726610066731771
3,0,25,1213,11.777389700571696
3,0,25,1214,11.671487493387858
3,0,25,1215,11.587826231892903
3,0,25,1216,11.492808381398518
3,0,25,1217,11.41977051823934
3,0,25,1218,11.380890272521972
3,0,25,1219,11.279373505147298
3,0,25,1220,11.174119846598307
3,0,25,1221,11.117619143168131
3,0,25,1222,11.054796274820964
3,0,25,1223,11.006321513112386
3,0,25,1224,10.891908516438802
3,0,25,1225,10.927185668945313
3,0,25,1226,10.98876523513794
3,0,25,1227,11.146793295796712
3,0,25,1228,11.109138928222656
3,0,25,1229,11.239514104715983
3,0,25,1230,11.32557420018514
3,0,25,1231,11.335712378692627
3,0,25,1232,11.484831066385905
3,0,25,1233,11.618973529307048
3,0,25,1234,11.693170655059815
3,0,25,1235,11.735797598775228
3,0,25,1236,11.742173567962647
3,0,25,1237,11.732207859547932
3,0,25,1238,11.808948787434895
3,0,25,1239,11.797165310923258
3,0,25,1240,11.76019660949707
3,0,25,1241,11.80083605295817
3,0,25,1242,11.78195300725301
3,0,25,1243,11.82697492726644
3,0,25,1244,11.849299086252849
3,0,25,1245,11.86438109258016
3,0,25,1246,11.852729872639975
3,0,25,1247,11.881066990152995
3,0,25,1248,11.840771617380778
3,0,25,1249,11.875808148447673
3,0,26,975,10.97443384068807
3,0,26,976,10.992324477386475
3,0,26,977,11.048713374328614
3,0,26,978,11.016412290191651
3,0,26,979,11.015807609303792
3,0,26,980,11.058571863810222
3,0,26,981,11.06315859375
3,0,26,982,11.041481067148844
3,0,26,983,11.042590341949463
3,0,26,984,10.958379750061034
3,0,26,985,10.936947963460286
3,0,26,986,10.838932712809244
3,0,26,987,10.7755470799764
3,0,26,988,10.658158382415772
3,0,26,989,10.598846191660563
3,0,26,990,10.506934502665201
3,0,26,991,10.528414171600343
3,0,26,992,10.518808888753256
3,0,26,993,10.695010887908936
3,0,26,994,10.859579816691081
3,0,26,995,10.859549033610026
3,0,26,996,10.849376947021485
3,0,26,997,11.00366540552775
3,0,26,998,11.207351391601563
3,0,26,999,11.464156483713786
3,0,26,1000,11.705748884073893
3,0,26,1001,11.625148566945393
3,0,26,1002,11.530881157175699
3,0,26,1003,11.179337666066488
3,0,26,1004,10.88552510655721
3,0,26,1005,10.746627515157064
3,0,26,1006,10.789263157653808
3,0,26,1007,10.640771492004394
3,0,26,1008,10.550319867960612
3,0,26,1009,10.306888338724772
3,0,26,1010,10.245394158935547
3,0,26,1011,10.271544807942709
3,0,26,1012,10.30369259185791
3,0,26,1013,10.419795681254069
3,0,26,1014,10.611015293884277
3,0,26,1015,10.593726310221355
3,0,26,1016,10.72230034383138
3,0,26,1017,10.718218669637045
3,0,26,1018,10.789363128407796
3,0,26,1019,10.764071127827963
3,0,26,1020,10.790425628407796
3,0,26,1021,10.859266557312012
3,0,26,1022,10.972347089131674
3,0,26,1023,11.08546952565511
3,0,26,1024,11.115897998809814
3,0,26,1025,11.09846345647176
3,0,26,1026,11.121032590230305
3,0,26,1027,11.12013179880778
3,0,26,1028,11.166568627675375
3,0,26,1029,11.143682612101237
3,0,26,1030,11.111436983744303
3,0,26,1031,11.206499207814534
3,0,26,1032,11.176164238739014
3,0,26,1033,11.176317454528808
3,0,26,1034,11.112718751780193
3,0,26,1035,11.05694587580363
3,0,26,1036,10.961164697011311
3,0,26,1037,10.92352017695109
3,0,26,1038,10.835052847035726
3,0,26,1039,10.73809759165446
3,0,26,1040,10.70909647216797
3,0,26,1041,10.548410607147217
3,0,26,1042,10.677103305562337
3,0,26,1043,10.846770141601562
3,0,26,1044,11.046717272694906
3,0,26,1045,11.049321083068847
3,0,26,1046,11.049419766235351
3,0,26,1047,11.144584089406331
3,0,26,1048,11.371413617197673
3,0,26,1049,11.629514078521728
3,0,26,1050,11.858667837015787
3,0,26,1051,11.74078082224528
3,0,26,1052,11.58197818959554
3,0,26,1053,11.265099928029379
3,0,26,1054,11.076912846883138
3,0,26,1055,10.950891303253174
3,0,26,1056,10.910972209421793
3,0,26,1057,10.833127096557618
3,0,26,1058,10.746215062204996
3,0,26,1059,10.655016612752279
3,0,26,1060,10.540477333831786
3,0,26,1061,10.591581977335611
3,0,26,1062,10.604381761932373
3,0,26,1063,10.622806898752849
3,0,26,1064,10.760056893666585
3,0,26,1065,10.804009426879883
3,0,26,1066,10.85538454615275
3,0,26,1067,10.787531415557861
3,0,26,1068,10.876004529571533
3,0,26,1069,10.872874158732097
3,0,26,1070,10.914172164154053
3,0,26,1071,11.01993113301595
3,0,26,1072,11.044450473022462
3,0,26,1073,11.124439709218343
3,0,26,1074,11.17782772878011
3,0,26,1075,11.256712954966227
3,0,26,1076,11.215502956899007
3,0,26,1077,11.26936114730835
3,0,26,1078,11.294573384348551
3,0,26,1079,11.308395786031086
3,0,26,1080,11.312998954264323
3,0,26,1081,11.314748078664143
3,0,26,1082,11.33113681971232
3,0,26,1083,11.35149940923055
3,0,26,1084,11.212161451975504
3,0,26,1085,11.190167341359457
3,0,26,1086,11.090014445749919
3,0,26,1087,10.998773998514812
3,0,26,1088,10.903998430887858
3,0,26,1089,10.855757000478109
3,0,26,1090,10.893478261566163
3,0,26,1091,10.755037483978272
3,0,26,1092,10.934800511423747
3,0,26,1093,11.052928164672851
3,0,26,1094,11.26777410252889
3,0,26,1095,11.260783176930746
3,0,26,1096,11.284244120788575
3,0,26,1097,11.31795638961792
3,0,26,1098,11.485913145955404
3,0,26,1099,11.60929620107015
3,0,26,1100,11.901546466064453
3,0,26,1101,11.8301259127299
3,0,26,1102,11.617072052256267
3,0,26,1103,11.478203845214844
3,0,26,1104,11.349083731842041
3,0,26,1105,11.275293071492513
3,0,26,1106,11.1974170946757
3,0,26,1107,11.242475565592448
3,0,26,1108,11.23724079615275
3,0,26,1109,11.24558974202474
3,0,26,1110,11.28338597462972
3,0,26,1111,11.294188805389405
3,0,26,1112,11.264032898457845
3,0,26,1113,11.157558242034913
3,0,26,1114,11.099187693532308
3,0,26,1115,11.04643589146932
3,0,26,1116,11.180584427897136
3,0,26,1117,11.169969466145833
3,0,26,1118,11.235826406860351
3,0,26,1119,11.305223097483317
3,0,26,1120,11.310690887959797
3,0,26,1121,11.402532489013671
3,0,26,1122,11.410687147521973
3,0,26,1123,11.35520630086263
3,0,26,1124,11.354408669789633
3,0,26,1125,11.345619403584799
3,0,26,1126,11.367408819834392
3,0,26,1127,11.405478169759114
3,0,26,1128,11.532169139862061
3,0,26,1129,11.535855824025472
3,0,26,1130,11.549439511362712
3,0,26,1131,11.56085484975179
3,0,26,1132,11.581227394866943
3,0,26,1133,11.541361450449626
3,0,26,1134,11.561261898295085
3,0,26,1135,11.470492723592123
3,0,26,1136,11.374758058420817
3,0,26,1137,11.403270934295655
3,0,26,1138,11.340051097361247
3,0,26,1139,11.428516107432047
3,0,26,1140,11.363683192952474
3,0,26,1141,11.425215502675375
3,0,26,1142,11.497340004730225
3,0,26,1143,11.542242126464844
3,0,26,1144,11.608503177642822
3,0,26,1145,11.664625119018554
3,0,26,1146,11.711485585784912
3,0,26,1147,11.749476540883382
3,0,26,1148,11.745961434173584
3,0,26,1149,11.807490465037027
3,0,26,1150,11.90651232961019
3,0,26,1151,11.874213177998861
3,0,26,1152,11.799132513682048
3,0,26,1153,11.703477755228679
3,0,26,1154,11.683185425313313
3,0,26,1155,11.576539499409993
3,0,26,1156,11.503203517913818
3,0,26,1157,11.445624187978108
3,0,26,1158,11.488850128936768
3,0,26,1159,11.493370140075683
3,0,26,1160,11.507927437082927
3,0,26,1161,11.507049187469482
3,0,26,1162,11.500785364278158
3,0,26,1163,11.456892898305258
3,0,26,1164,11.49555286432902
3,0,26,1165,11.471494818369548
3,0,26,1166,11.553053461201985
3,0,26,1167,11.578328739674886
3,0,26,1168,11.635131416829427
3,0,26,1169,11.731524330647787
3,0,26,1170,11.771680246988932
3,0,26,1171,11.748079156748453
3,0,26,1172,11.65514868850708
3,0,26,1173,11.457230922444662
3,0,26,1174,11.23010393854777
3,0,26,1175,11.14280501276652
3,0,26,1176,11.03899416809082
3,0,26,1177,11.128120687866211
3,0,26,1178,11.127830625661215
3,0,26,1179,11.254032899983724
3,0,26,1180,11.515875347646077
3,0,26,1181,11.664506386057536
3,0,26,1182,11.736884465535482
3,0,26,1183,11.830504695892333
3,0,26,1184,11.742016416931152
3,0,26,1185,11.635764546966552
3,0,26,1186,11.60627302017212
3,0,26,1187,11.482395650227865
3,0,26,1188,11.492493761444091
3,0,26,1189,11.470046003723144
3,0,26,1190,11.519840634918213
3,0,26,1191,11.592198576609293
3,0,26,1192,11.627984675852458
3,0,26,1193,11.664790783437093
3,0,26,1194,11.730951872762045
3,0,26,1195,11.802267566680909
3,0,26,1196,11.88873836517334
3,0,26,1197,11.953184246826172
3,0,26,1198,11.97264249013265
3,0,26,1199,12.047301362609863
3,0,26,1200,11.685272347513834
3,0,26,1201,11.706174112447103
3,0,26,1202,11.716888965098063
3,0,26,1203,11.741216089121501
3,0,26,1204,11.706657489013672
3,0,26,1205,11.752945455169678
3,0,26,1206,11.786423837534587
3,0,26,1207,11.769008191935221
3,0,26,1208,11.815671270243326
3,0,26,1209,11.761134574635824
3,0,26,1210,11.74358686319987
3,0,26,1211,11.761201589457194
3,0,26,1212,11.746370423380533
3,0,26,1213,11.797150039418538
3,0,26,1214,11.69124771270752
3,0,26,1215,11.607586533864339
3,0,26,1216,11.512568681081136
3,0,26,1217,11.439530796559652
3,0,26,1218,11.400650435384115
3,0,26,1219,11.299133630371093
3,0,26,1220,11.193880213165283
3,0,26,1221,11.137379439036051
3,0,26,1222,11.074556519826253
3,0,26,1223,11.026081792195638
3,0,26,1224,10.911668739318849
3,0,26,1225,10.946946016184489
3,0,26,1226,11.008525688171387
3,0,26,1227,11.166553619639078
3,0,26,1228,11.128899227396648
3,0,26,1229,11.259274390411377
3,0,26,1230,11.345334544118245
3,0,26,1231,11.355472929636637
3,0,26,1232,11.50459155960083
3,0,26,1233,11.63873401819865
3,0,26,1234,11.712931277974446
3,0,26,1235,11.755558200836182
3,0,26,1236,11.761934303283692
3,0,26,1237,11.751968515523275
3,0,26,1238,11.82870927886963
3,0,26,1239,11.816925729878744
3,0,26,1240,11.779957035573323
3,0,26,1241,11.820596428426107
3,0,26,1242,11.80171332168579
3,0,26,1243,11.846735294342041
3,0,26,1244,11.869059453837076
3,0,26,1245,11.884141501871746
3,0,26,1246,11.872490367635091
3,0,26,1247,11.900827346547445
3,0,26,1248,11.86053212254842
3,0,26,1249,11.895568647257488
3,0,27,975,10.938654368082682
3,0,27,976,10.956544962819418
3,0,27,977,11.012933762868245
3,0,27,978,10.980632739766438
3,0,27,979,10.98002801844279
3,0,27,980,11.022792318471273
3,0,27,981,11.027379123179118
3,0,27,982,11.005701710510253
3,0,27,983,11.006810804239908
3,0,27,984,10.922600127410888
3,0,27,985,10.901168436431885
3,0,27,986,10.803153307088216
3,0,27,987,10.739767795308431
3,0,27,988,10.622379081980387
3,0,27,989,10.563066949971518
3,0,27,990,10.47115523630778
3,0,27,991,10.49263477935791
3,0,27,992,10.483029394276937
3,0,27,993,10.659231250508626
3,0,27,994,10.823800275929768
3,0,27,995,10.823769572703043
3,0,27,996,10.813597675069174
3,0,27,997,10.967886145528158
3,0,27,998,11.171572111002604
3,0,27,999,11.428377003733317
3,0,27,1000,11.669969187672933
3,0,27,1001,11.589368852996826
3,0,27,1002,11.495101368713378
3,0,27,1003,11.14355797475179
3,0,27,1004,10.849745383199055
3,0,27,1005,10.710847811889648
3,0,27,1006,10.753483167775473
3,0,27,1007,10.6049914700826
3,0,27,1008,10.514539761861165
3,0,27,1009,10.27110860188802
3,0,27,1010,10.209614343007406
3,0,27,1011,10.23576503829956
3,0,27,1012,10.267913039652507
3,0,27,1013,10.384015870920818
3,0,27,1014,10.575235498046874
3,0,27,1015,10.557946539560954
3,0,27,1016,10.68652048517863
3,0,27,1017,10.682438702392577
3,0,27,1018,10.753583146413167
3,0,27,1019,10.728291302744548
3,0,27,1020,10.754645801289877
3,0,27,1021,10.82348671391805
3,0,27,1022,10.936567213694255
3,0,27,1023,11.049689642588298
3,0,27,1024,11.080118022664388
3,0,27,1025,11.062683402760824
3,0,27,1026,11.085252458699545
3,0,27,1027,11.084351673126221
3,0,27,1028,11.130788571421306
3,0,27,1029,11.107902552541097
3,0,27,1030,11.075657080078125
3,0,27,1031,11.170719418334961
3,0,27,1032,11.140384523010255
3,0,27,1033,11.140537674713135
3,0,27,1034,11.076938969167074
3,0,27,1035,11.02116616566976
3,0,27,1036,10.925385000864665
3,0,27,1037,10.887740525563558
3,0,27,1038,10.799273179626464
3,0,27,1039,10.702318150838217
3,0,27,1040,10.673316973114014
3,0,27,1041,10.51263101272583
3,0,27,1042,10.641323582967122
3,0,27,1043,10.810990336354573
3,0,27,1044,11.010937591298422
3,0,27,1045,11.013541723887126
3,0,27,1046,11.013640500895182
3,0,27,1047,11.10880492223104
3,0,27,1048,11.335634385935466
3,0,27,1049,11.5937346921285
3,0,27,1050,11.82288837076823
3,0,27,1051,11.705001290130616
3,0,27,1052,11.546198640950522
3,0,27,1053,11.229320496622721
3,0,27,1054,11.041133369954427
3,0,27,1055,10.915111601511637
3,0,27,1056,10.875192252095541
3,0,27,1057,10.797347062937419
3,0,27,1058,10.710435210927328
3,0,27,1059,10.619236666615803
3,0,27,1060,10.50469727605184
3,0,27,1061,10.555802085113525
3,0,27,1062,10.56860196609497
3,0,27,1063,10.587026984405517
3,0,27,1064,10.724276814778646
3,0,27,1065,10.768229517618815
3,0,27,1066,10.81960442199707
3,0,27,1067,10.751751494344076
3,0,27,1068,10.840224579620362
3,0,27,1069,10.837094191741944
3,0,27,1070,10.878392245992025
3,0,27,1071,10.984151180521646
3,0,27,1072,11.008670470428466
3,0,27,1073,11.088659876505535
3,0,27,1074,11.142047727457681
3,0,27,1075,11.220933131917318
3,0,27,1076,11.179723148854574
3,0,27,1077,11.23358137257894
3,0,27,1078,11.258793481953939
3,0,27,1079,11.272615976460775
3,0,27,1080,11.2772191116333
3,0,27,1081,11.278968357849122
3,0,27,1082,11.295357109324137
3,0,27,1083,11.315719671885173
3,0,27,1084,11.17638172302246
3,0,27,1085,11.154387614949544
3,0,27,1086,11.054234718068441
3,0,27,1087,10.962994478861491
3,0,27,1088,10.868218862660726
3,0,27,1089,10.819977447509766
3,0,27,1090,10.85769855295817
3,0,27,1091,10.719257813008626
3,0,27,1092,10.89902067565918
3,0,27,1093,11.017148163350424
3,0,27,1094,11.23199430135091
3,0,27,1095,11.225003715260824
3,0,27,1096,11.24846482849121
3,0,27,1097,11.2821771870931
3,0,27,1098,11.450133957672119
3,0,27,1099,11.573517019399008
3,0,27,1100,11.865767053476969
3,0,27,1101,11.794346475982666
3,0,27,1102,11.581292814890544
3,0,27,1103,11.442424586232503
3,0,27,1104,11.313304346466065
3,0,27,1105,11.23951361618042
3,0,27,1106,11.161637698872884
3,0,27,1107,11.206696023559571
3,0,27,1108,11.201461300150553
3,0,27,1109,11.209810224151612
3,0,27,1110,11.24760639597575
3,0,27,1111,11.258409178670247
3,0,27,1112,11.228253260294597
3,0,27,1113,11.121778660329182
3,0,27,1114,11.063408040364584
3,0,27,1115,11.010656222279867
3,0,27,1116,11.144804626210531
3,0,27,1117,11.13418975652059
3,0,27,1118,11.20004665552775
3,0,27,1119,11.26944337234497
3,0,27,1120,11.274911163330078
3,0,27,1121,11.366752915700276
3,0,27,1122,11.374907668558757
3,0,27,1123,11.319427001698811
3,0,27,1124,11.318629515075683
3,0,27,1125,11.309840295410156
3,0,27,1126,11.331629580688476
3,0,27,1127,11.369698895772299
3,0,27,1128,11.49638983815511
3,0,27,1129,11.500076625823974
3,0,27,1130,11.51366030069987
3,0,27,1131,11.525075735473633
3,0,27,1132,11.545448266092937
3,0,27,1133,11.505582220713297
3,0,27,1134,11.525482454681397
3,0,27,1135,11.434713208007812
3,0,27,1136,11.338978550465901
3,0,27,1137,11.367491460418702
3,0,27,1138,11.304271683502197
3,0,27,1139,11.392736675008138
3,0,27,1140,11.32790370686849
3,0,27,1141,11.389435959625244
3,0,27,1142,11.461560355122884
3,0,27,1143,11.50646244761149
3,0,27,1144,11.572723482513428
3,0,27,1145,11.628845535024007
3,0,27,1146,11.675706126403808
3,0,27,1147,11.713697304534913
3,0,27,1148,11.71018225148519
3,0,27,1149,11.77171140721639
3,0,27,1150,11.870732898457845
3,0,27,1151,11.83843370030721
3,0,27,1152,11.763353101094564
3,0,27,1153,11.667698447418212
3,0,27,1154,11.647406178029378
3,0,27,1155,11.540760311381023
3,0,27,1156,11.467424368286133
3,0,27,1157,11.4098451171875
3,0,27,1158,11.453070994822184
3,0,27,1159,11.45759109395345
3,0,27,1160,11.472148455301921
3,0,27,1161,11.471270208994548
3,0,27,1162,11.465006381225585
3,0,27,1163,11.421114010365804
3,0,27,1164,11.459774018096924
3,0,27,1165,11.43571598485311
3,0,27,1166,11.517274618021647
3,0,27,1167,11.54254993794759
3,0,27,1168,11.599352448781332
3,0,27,1169,11.695745409138997
3,0,27,1170,11.735901103973388
3,0,27,1171,11.712299978892009
3,0,27,1172,11.619369411468506
3,0,27,1173,11.421451445007325
3,0,27,1174,11.194324454243977
3,0,27,1175,11.107025236256918
3,0,27,1176,11.003214416503907
3,0,27,1177,11.092340935007732
3,0,27,1178,11.092050988006593
3,0,27,1179,11.21825332768758
3,0,27,1180,11.480095865122477
3,0,27,1181,11.628726932779948
3,0,27,1182,11.701105125427246
3,0,27,1183,11.794725465393066
3,0,27,1184,11.70623720474243
3,0,27,1185,11.599985255432129
3,0,27,1186,11.570493738555909
3,0,27,1187,11.446616304016112
3,0,27,1188,11.456714284006754
3,0,27,1189,11.434266599527994
3,0,27,1190,11.484061194864909
3,0,27,1191,11.556418987528483
3,0,27,1192,11.592205023956298
3,0,27,1193,11.629011077626545
3,0,27,1194,11.695172253672283
3,0,27,1195,11.766487914530437
3,0,27,1196,11.852958930714925
3,0,27,1197,11.917404917653402
3,0,27,1198,11.936863325754802
3,0,27,1199,12.011522216542561
3,0,27,1200,11.649493051401775
3,0,27,1201,11.67039487177531
3,0,27,1202,11.681109717559815
3,0,27,1203,11.705436970520019
3,0,27,1204,11.670878345743816
3,0,27,1205,11.717166299184163
3,0,27,1206,11.750644603220621
3,0,27,1207,11.733228961435954
3,0,27,1208,11.779891898854574
3,0,27,1209,11.725355164337158
3,0,27,1210,11.707807350158692
3,0,27,1211,11.725422049713135
3,0,27,1212,11.710590781911215
3,0,27,1213,11.761370397694906
3,0,27,1214,11.655467988332113
3,0,27,1215,11.571806768035888
3,0,27,1216,11.476788872273763
3,0,27,1217,11.403750963338217
3,0,27,1218,11.364870648956298
3,0,27,1219,11.26335384496053
3,0,27,1220,11.158100215657552
3,0,27,1221,11.101599508666991
3,0,27,1222,11.038776558430989
3,0,27,1223,10.990301801045735
3,0,27,1224,10.875888820648193
3,0,27,1225,10.911166011047364
3,0,27,1226,10.972745621490478
3,0,27,1227,11.130773668670654
3,0,27,1228,11.093119237772624
3,0,27,1229,11.223494476826986
3,0,27,1230,11.309554660288493
3,0,27,1231,11.319692993927003
3,0,27,1232,11.468811694844565
3,0,27,1233,11.60295427500407
3,0,27,1234,11.677151620229086
3,0,27,1235,11.719778703308105
3,0,27,1236,11.726154885355632
3,0,27,1237,11.716189194742839
3,0,27,1238,11.79293021621704
3,0,27,1239,11.781146746571858
3,0,27,1240,11.744178122965495
3,0,27,1241,11.784817557017009
3,0,27,1242,11.765934541320801
3,0,27,1243,11.810956464640299
3,0,27,1244,11.833280606842042
3,0,27,1245,11.848362547302246
3,0,27,1246,11.836711323547362
3,0,27,1247,11.86504833170573
3,0,27,1248,11.824752984110514
3,0,27,1249,11.859789396413168
3,0,28,975,10.866094861602782
3,0,28,976,10.883985512797038
3,0,28,977,10.94037447128296
3,0,28,978,10.908073466491699
3,0,28,979,10.907468783569335
3,0,28,980,10.950233154551189
3,0,28,981,10.954819928487142
3,0,28,982,10.933142666625976
3,0,28,983,10.934251625569662
3,0,28,984,10.850040743764241
3,0,28,985,10.82860904973348
3,0,28,986,10.730594059753418
3,0,28,987,10.667208670043946
3,0,28,988,10.549819825236003
3,0,28,989,10.490507661692302
3,0,28,990,10.398595888519287
3,0,28,991,10.42007536392212
3,0,28,992,10.410470032501221
3,0,28,993,10.586671867370605
3,0,28,994,10.751240991719564
3,0,28,995,10.7512103612264
3,0,28,996,10.741038648986816
3,0,28,997,10.895327135721843
3,0,28,998,11.099013086191814
3,0,28,999,11.355817902882894
3,0,28,1000,11.597409940338135
3,0,28,1001,11.516809452819825
3,0,28,1002,11.422541956837971
3,0,28,1003,11.07099880549113
3,0,28,1004,10.777186317443848
3,0,28,1005,10.638288882954916
3,0,28,1006,10.68092409769694
3,0,28,1007,10.532432711283366
3,0,28,1008,10.44198110148112
3,0,28,1009,10.198549805704753
3,0,28,1010,10.13705522588094
3,0,28,1011,10.163205951182048
3,0,28,1012,10.195353789774577
3,0,28,1013,10.31145670115153
3,0,28,1014,10.502676306152344
3,0,28,1015,10.48538723526001
3,0,28,1016,10.61396113611857
3,0,28,1017,10.609879190063477
3,0,28,1018,10.681023648325603
3,0,28,1019,10.655732036844888
3,0,28,1020,10.68208671061198
3,0,28,1021,10.750927764638265
3,0,28,1022,10.864008371988932
3,0,28,1023,10.97713083190918
3,0,28,1024,11.007559225209555
3,0,28,1025,10.990124713134765
3,0,28,1026,11.0126937403361
3,0,28,1027,11.011793025716146
3,0,28,1028,11.058229912058513
3,0,28,1029,11.035343830617268
3,0,28,1030,11.003098368072509
3,0,28,1031,11.098160691070557
3,0,28,1032,11.067825838216146
3,0,28,1033,11.06797882563273
3,0,28,1034,11.00438004252116
3,0,28,1035,10.948607262674967
3,0,28,1036,10.852826239013671
3,0,28,1037,10.815181815846762
3,0,28,1038,10.726714345041911
3,0,28,1039,10.629759445444742
3,0,28,1040,10.60075826772054
3,0,28,1041,10.44007240524292
3,0,28,1042,10.568764965057373
3,0,28,1043,10.738431577809651
3,0,28,1044,10.938378791046143
3,0,28,1045,10.940982963816325
3,0,28,1046,10.941081723276774
3,0,28,1047,11.036246154785156
3,0,28,1048,11.26307559636434
3,0,28,1049,11.521176052602133
3,0,28,1050,11.750329274495442
3,0,28,1051,11.63244202931722
3,0,28,1052,11.473639608510336
3,0,28,1053,11.156761506398519
3,0,28,1054,10.968574560801189
3,0,28,1055,10.842552779642741
3,0,28,1056,10.802633386230468
3,0,28,1057,10.724788522084554
3,0,28,1058,10.637876542663575
3,0,28,1059,10.546677812194824
3,0,28,1060,10.43213853861491
3,0,28,1061,10.483243320973715
3,0,28,1062,10.49604291636149
3,0,28,1063,10.514467793528238
3,0,28,1064,10.651717506917318
3,0,28,1065,10.695670182291666
3,0,28,1066,10.747044971720378
3,0,28,1067,10.679192193857828
3,0,28,1068,10.767665312449138
3,0,28,1069,10.764534986877441
3,0,28,1070,10.80583323542277
3,0,28,1071,10.91159222539266
3,0,28,1072,10.936111421203613
3,0,28,1073,11.016101030476888
3,0,28,1074,11.069488804117839
3,0,28,1075,11.148374367014567
3,0,28,1076,11.10716439183553
3,0,28,1077,11.161022704060873
3,0,28,1078,11.18623465576172
3,0,28,1079,11.200057138315836
3,0,28,1080,11.204660204315186
3,0,28,1081,11.206409499613445
3,0,28,1082,11.222798256937663
3,0,28,1083,11.243160735575358
3,0,28,1084,11.103822671254475
3,0,28,1085,11.081828520202636
3,0,28,1086,10.981675667063396
3,0,28,1087,10.890435540008545
3,0,28,1088,10.79566000620524
3,0,28,1089,10.747418607076009
3,0,28,1090,10.785139778645833
3,0,28,1091,10.646699232991537
3,0,28,1092,10.826462076314291
3,0,28,1093,10.944589384714762
3,0,28,1094,11.159435494232177
3,0,28,1095,11.152444926961262
3,0,28,1096,11.175906130981446
3,0,28,1097,11.209618506622315
3,0,28,1098,11.377575283559164
3,0,28,1099,11.500958296966553
3,0,28,1100,11.793208158620198
3,0,28,1101,11.721787397003174
3,0,28,1102,11.508733552296956
3,0,28,1103,11.369865125274659
3,0,28,1104,11.240744898223877
3,0,28,1105,11.166954196421305
3,0,28,1106,11.08907843322754
3,0,28,1107,11.134136843617757
3,0,28,1108,11.128902128855387
3,0,28,1109,11.137250976308186
3,0,28,1110,11.175047180175781
3,0,28,1111,11.185849981943766
3,0,28,1112,11.155693916829428
3,0,28,1113,11.049219311777751
3,0,28,1114,10.990849006144206
3,0,28,1115,10.938097028859456
3,0,28,1116,11.072245220184326
3,0,28,1117,11.061630354817709
3,0,28,1118,11.12748719889323
3,0,28,1119,11.196883841959636
3,0,28,1120,11.202351591237386
3,0,28,1121,11.29419337158203
3,0,28,1122,11.302347973124187
3,0,28,1123,11.246867139180502
3,0,28,1124,11.246069686381022
3,0,28,1125,11.237280483754477
3,0,28,1126,11.259069678243002
3,0,28,1127,11.29713904876709
3,0,28,1128,11.423830097707112
3,0,28,1129,11.427516905466716
3,0,28,1130,11.441100512440999
3,0,28,1131,11.45251597595215
3,0,28,1132,11.472888614654542
3,0,28,1133,11.433022458902995
3,0,28,1134,11.452922743225098
3,0,28,1135,11.362153377787273
3,0,28,1136,11.266418778737386
3,0,28,1137,11.294931792704265
3,0,28,1138,11.23171201248169
3,0,28,1139,11.320177114359538
3,0,28,1140,11.255344060262045
3,0,28,1141,11.316876447550456
3,0,28,1142,11.38900094426473
3,0,28,1143,11.433903065490723
3,0,28,1144,11.500164054870606
3,0,28,1145,11.556286246999106
3,0,28,1146,11.603146924336752
3,0,28,1147,11.641138283793131
3,0,28,1148,11.637623276265462
3,0,28,1149,11.699152569580079
3,0,28,1150,11.798173431650797
3,0,28,1151,11.765874061584473
3,0,28,1152,11.690793397013346
3,0,28,1153,11.595138681793212
3,0,28,1154,11.574846425120036
3,0,28,1155,11.46820043818156
3,0,28,1156,11.39486444829305
3,0,28,1157,11.337285272979736
3,0,28,1158,11.380511194610596
3,0,28,1159,11.385031338246664
3,0,28,1160,11.399588674926758
3,0,28,1161,11.398710498301188
3,0,28,1162,11.392446647644043
3,0,28,1163,11.34855429356893
3,0,28,1164,11.387214356740316
3,0,28,1165,11.36315632425944
3,0,28,1166,11.444714949289958
3,0,28,1167,11.46999027150472
3,0,28,1168,11.526792620849609
3,0,28,1169,11.623185673777263
3,0,28,1170,11.663341253407797
3,0,28,1171,11.639740233866373
3,0,28,1172,11.546809606424967
3,0,28,1173,11.348891569519044
3,0,28,1174,11.121764645640056
3,0,28,1175,11.034465449269613
3,0,28,1176,10.930654703776042
3,0,28,1177,11.019781245422363
3,0,28,1178,11.019491327667236
3,0,28,1179,11.14569379272461
3,0,28,1180,11.40753610687256
3,0,28,1181,11.556167177327474
3,0,28,1182,11.628545416259765
3,0,28,1183,11.722165740203858
3,0,28,1184,11.633677389780681
3,0,28,1185,11.527425444285075
3,0,28,1186,11.497934058888752
3,0,28,1187,11.374056480662029
3,0,28,1188,11.384154380289713
3,0,28,1189,11.361706682840984
3,0,28,1190,11.411501292673746
3,0,28,1191,11.48385906829834
3,0,28,1192,11.51964515024821
3,0,28,1193,11.556451256815592
3,0,28,1194,11.622612523651123
3,0,28,1195,11.693928131866455
3,0,28,1196,11.780399433898927
3,0,28,1197,11.844845574188232
3,0,28,1198,11.864304144032797
3,0,28,1199,11.938963210296631
3,0,28,1200,11.576933514404297
3,0,28,1201,11.59783536453247
3,0,28,1202,11.60855020014445
3,0,28,1203,11.632877507781982
3,0,28,1204,11.598318864949544
3,0,28,1205,11.644606838989258
3,0,28,1206,11.678085154469809
3,0,28,1207,11.660669583638509
3,0,28,1208,11.707332513936361
3,0,28,1209,11.65279566523234
3,0,28,1210,11.635247771962483
3,0,28,1211,11.652862454223634
3,0,28,1212,11.638031094106038
3,0,28,1213,11.688810734558105
3,0,28,1214,11.582908304595946
3,0,28,1215,11.499246999613444
3,0,28,1216,11.404229163360595
3,0,28,1217,11.331191306559244
3,0,28,1218,11.292311040242513
3,0,28,1219,11.190794359842936
3,0,28,1220,11.085540747833251
3,0,28,1221,11.029040073140463
3,0,28,1222,10.96621712290446
3,0,28,1223,10.917742426554362
3,0,28,1224,10.803329563140869
3,0,28,1225,10.838606641896567
3,0,28,1226,10.900186198679606
3,0,28,1227,11.058214260355632
3,0,28,1228,11.020559814453126
3,0,28,1229,11.150935067240397
3,0,28,1230,11.236995205434164
3,0,28,1231,11.247133497365315
3,0,28,1232,11.39625229136149
3,0,28,1233,11.530394961293538
3,0,28,1234,11.604592335764567
3,0,28,1235,11.64721951675415
3,0,28,1236,11.653595720418295
3,0,28,1237,11.6436301167806
3,0,28,1238,11.720371197001139
3,0,28,1239,11.70858773651123
3,0,28,1240,11.671619081115722
3,0,28,1241,11.712258553059895
3,0,28,1242,11.69337554880778
3,0,28,1243,11.738397492218018
3,0,28,1244,11.760721692911783
3,0,28,1245,11.775803694915771
3,0,28,1246,11.764152428690592
3,0,28,1247,11.792489585113525
3,0,28,1248,11.752194131978353
3,0,28,1249,11.787230537668863
3,0,29,975,10.916917969004313
3,0,29,976,10.934808627319336
3,0,29,977,10.9911976852417
3,0,29,978,10.958896702829996
3,0,29,979,10.958292085520426
3,0,29,980,11.001056354777019
3,0,29,981,11.005643224843343
3,0,29,982,10.983965915171305
3,0,29,983,10.98507493311564
3,0,29,984,10.90086405843099
3,0,29,985,10.879432437642416
3,0,29,986,10.78141769358317
3,0,29,987,10.718032251993815
3,0,29,988,10.600643398793538
3,0,29,989,10.541331278991699
3,0,29,990,10.44941972732544
3,0,29,991,10.470899236297607
3,0,29,992,10.461293792470297
3,0,29,993,10.637495338439942
3,0,29,994,10.802064367675781
3,0,29,995,10.802033809916178
3,0,29,996,10.791862086486816
3,0,29,997,10.946150475819906
3,0,29,998,11.149836341603597
3,0,29,999,11.406640976715089
3,0,29,1000,11.648232892608643
3,0,29,1001,11.567632607523601
3,0,29,1002,11.473365124766032
3,0,29,1003,11.121822453308106
3,0,29,1004,10.828010120900473
3,0,29,1005,10.689112592061361
3,0,29,1006,10.73174768295288
3,0,29,1007,10.58325617980957
3,0,29,1008,10.492804744720459
3,0,29,1009,10.249373556264242
3,0,29,1010,10.187879223887126
3,0,29,1011,10.21403028945923
3,0,29,1012,10.246178069814047
3,0,29,1013,10.362281002044679
3,0,29,1014,10.553500301615397
3,0,29,1015,10.536211221313476
3,0,29,1016,10.664784911855062
3,0,29,1017,10.660702976735433
3,0,29,1018,10.731847286732991
3,0,29,1019,10.706555565134684
3,0,29,1020,10.732910158538818
3,0,29,1021,10.801751100413005
3,0,29,1022,10.914831627146404
3,0,29,1023,11.027953967285157
3,0,29,1024,11.05838233388265
3,0,29,1025,11.040947848002116
3,0,29,1026,11.063516951751708
3,0,29,1027,11.062616283162434
3,0,29,1028,11.109053232828776
3,0,29,1029,11.086167156982421
3,0,29,1030,11.053921621958414
3,0,29,1031,11.148983903757731
3,0,29,1032,11.118648991902669
3,0,29,1033,11.11880197982788
3,0,29,1034,11.05520317738851
3,0,29,1035,10.99943040084839
3,0,29,1036,10.90364946161906
3,0,29,1037,10.866005065409343
3,0,29,1038,10.777537695058188
3,0,29,1039,10.680582609303793
3,0,29,1040,10.651581624348958
3,0,29,1041,10.490895873260499
3,0,29,1042,10.619588292694091
3,0,29,1043,10.789254789479573
3,0,29,1044,10.989201791381836
3,0,29,1045,10.991805816141765
3,0,29,1046,10.991904745992025
3,0,29,1047,11.08706914545695
3,0,29,1048,11.313898502604166
3,0,29,1049,11.5719986328125
3,0,29,1050,11.801151913706462
3,0,29,1051,11.683264750671388
3,0,29,1052,11.52446247660319
3,0,29,1053,11.20758451461792
3,0,29,1054,11.019397591400146
3,0,29,1055,10.893375759379069
3,0,29,1056,10.85345659459432
3,0,29,1057,10.77561185429891
3,0,29,1058,10.688700159962972
3,0,29,1059,10.59750137761434
3,0,29,1060,10.482962289428711
3,0,29,1061,10.534067104085286
3,0,29,1062,10.546866813913981
3,0,29,1063,10.565291870371501
3,0,29,1064,10.702541536712646
3,0,29,1065,10.746493937683105
3,0,29,1066,10.797868788655599
3,0,29,1067,10.730015757497151
3,0,29,1068,10.818488767496746
3,0,29,1069,10.815358442942301
3,0,29,1070,10.85665654856364
3,0,29,1071,10.962415584818523
3,0,29,1072,10.986934920247396
3,0,29,1073,11.066924317677815
3,0,29,1074,11.120312159729004
3,0,29,1075,11.199197417958578
3,0,29,1076,11.157987494659423
3,0,29,1077,11.211845756022136
3,0,29,1078,11.237057832336426
3,0,29,1079,11.25088027674357
3,0,29,1080,11.25548337580363
3,0,29,1081,11.257232612101237
3,0,29,1082,11.273621429951985
3,0,29,1083,11.293983884175619
3,0,29,1084,11.154645812225342
3,0,29,1085,11.132651819610595
3,0,29,1086,11.032499052429198
3,0,29,1087,10.941258876291911
3,0,29,1088,10.846483317565918
3,0,29,1089,10.798241976165771
3,0,29,1090,10.835963229115803
3,0,29,1091,10.697522583007812
3,0,29,1092,10.877285229492188
3,0,29,1093,10.995412451171875
3,0,29,1094,11.210258267974854
3,0,29,1095,11.203267528279623
3,0,29,1096,11.226728753407796
3,0,29,1097,11.26044120534261
3,0,29,1098,11.428397964986166
3,0,29,1099,11.551780959065756
3,0,29,1100,11.844030503082275
3,0,29,1101,11.772609854888916
3,0,29,1102,11.55955592473348
3,0,29,1103,11.420687484741212
3,0,29,1104,11.291567308044433
3,0,29,1105,11.217776881154379
3,0,29,1106,11.139901011912029
3,0,29,1107,11.184959629821778
3,0,29,1108,11.179724949645996
3,0,29,1109,11.18807385152181
3,0,29,1110,11.22587006072998
3,0,29,1111,11.236673033396404
3,0,29,1112,11.206516799672444
3,0,29,1113,11.100042077128093
3,0,29,1114,11.041672282155355
3,0,29,1115,10.988920330556233
3,0,29,1116,11.123068362681071
3,0,29,1117,11.112453283437093
3,0,29,1118,11.1783101659139
3,0,29,1119,11.24770672938029
3,0,29,1120,11.253174466451009
3,0,29,1121,11.345016040802001
3,0,29,1122,11.353170672607423
3,0,29,1123,11.297689784495036
3,0,29,1124,11.2968921875
3,0,29,1125,11.288102883148193
3,0,29,1126,11.309892167917887
3,0,29,1127,11.347961480967204
3,0,29,1128,11.474652456410725
3,0,29,1129,11.478339209747315
3,0,29,1130,11.491922967274984
3,0,29,1131,11.503338509368897
3,0,29,1132,11.523711206817627
3,0,29,1133,11.483845096842447
3,0,29,1134,11.503745382690429
3,0,29,1135,11.41297601038615
3,0,29,1136,11.317241319020589
3,0,29,1137,11.345754303232829
3,0,29,1138,11.28253451461792
3,0,29,1139,11.3709995803833
3,0,29,1140,11.306166520945231
3,0,29,1141,11.36769902750651
3,0,29,1142,11.439823600260416
3,0,29,1143,11.484725718943277
3,0,29,1144,11.550986714426676
3,0,29,1145,11.607108688863118
3,0,29,1146,11.653969207255045
3,0,29,1147,11.691960386403402
3,0,29,1148,11.68844548441569
3,0,29,1149,11.749974657694498
3,0,29,1150,11.848995692952474
3,0,29,1151,11.8166963722229
3,0,29,1152,11.741615630086264
3,0,29,1153,11.645960959879558
3,0,29,1154,11.625668664805094
3,0,29,1155,11.519022754160563
3,0,29,1156,11.445686732991536
3,0,29,1157,11.38810737915039
3,0,29,1158,11.431333347066243
3,0,29,1159,11.43585353342692
3,0,29,1160,11.450410847727458
3,0,29,1161,11.44953265279134
3,0,29,1162,11.443268882751465
3,0,29,1163,11.399376511128743
3,0,29,1164,11.43803662185669
3,0,29,1165,11.413978642781576
3,0,29,1166,11.495537347157796
3,0,29,1167,11.520812652333577
3,0,29,1168,11.577615163930258
3,0,29,1169,11.674008039347331
3,0,29,1170,11.71416380589803
3,0,29,1171,11.690562762196858
3,0,29,1172,11.597632259877523
3,0,29,1173,11.399714325968425
3,0,29,1174,11.172587373097738
3,0,29,1175,11.085288374837239
3,0,29,1176,10.981477606709799
3,0,29,1177,11.070604086558024
3,0,29,1178,11.070314162445069
3,0,29,1179,11.196516548665365
3,0,29,1180,11.458358916982014
3,0,29,1181,11.606989973958333
3,0,29,1182,11.679368161265055
3,0,29,1183,11.772988218943278
3,0,29,1184,11.684499650319417
3,0,29,1185,11.578247633107503
3,0,29,1186,11.54875607325236
3,0,29,1187,11.424878604125977
3,0,29,1188,11.434976545715331
3,0,29,1189,11.412528759002685
3,0,29,1190,11.462323286183675
3,0,29,1191,11.534681149291993
3,0,29,1192,11.570467298126221
3,0,29,1193,11.607273404184976
3,0,29,1194,11.673434650421143
3,0,29,1195,11.744750434875488
3,0,29,1196,11.831221524810791
3,0,29,1197,11.895667738087973
3,0,29,1198,11.915126390329997
3,0,29,1199,11.98978547999064
3,0,29,1200,11.627756194814046
3,0,29,1201,11.64865799891154
3,0,29,1202,11.659372806040446
3,0,29,1203,11.6837000289917
3,0,29,1204,11.649141383107503
3,0,29,1205,11.69542939122518
3,0,29,1206,11.728907795715331
3,0,29,1207,11.711492131551108
3,0,29,1208,11.758155178070067
3,0,29,1209,11.703618401590983
3,0,29,1210,11.686070540364584
3,0,29,1211,11.703685206095377
3,0,29,1212,11.688853937276205
3,0,29,1213,11.73963361155192
3,0,29,1214,11.633731131490071
3,0,29,1215,11.550069942728678
3,0,29,1216,11.455052120463053
3,0,29,1217,11.382014237213134
3,0,29,1218,11.34313391647339
3,0,29,1219,11.241617190806071
3,0,29,1220,11.136363704681397
3,0,29,1221,11.079862953694661
3,0,29,1222,11.017040013631185
3,0,29,1223,10.968565308380127
3,0,29,1224,10.854152399190268
3,0,29,1225,10.889429590352377
3,0,29,1226,10.951009203338623
3,0,29,1227,11.10903724416097
3,0,29,1228,11.071382768249512
3,0,29,1229,11.201758011372885
3,0,29,1230,11.287818221028646
3,0,29,1231,11.297956627400715
3,0,29,1232,11.447075358072917
3,0,29,1233,11.581217982991536
3,0,29,1234,11.655415478006999
3,0,29,1235,11.698042611440023
3,0,29,1236,11.704418834431966
3,0,29,1237,11.6944531695048
3,0,29,1238,11.771194109598795
3,0,29,1239,11.759410610198975
3,0,29,1240,11.722441971588134
3,0,29,1241,11.763081372324626
3,0,29,1242,11.74419837773641
3,0,29,1243,11.789220237223308
3,0,29,1244,11.811544401041667
3,0,29,1245,11.826626452382406
3,0,29,1246,11.814975280761718
3,0,29,1247,11.843312279256185
3,0,29,1248,11.80301699142456
3,0,29,1249,11.838053441874186
3,0,600,0,6.3586207981109615
3,0,600,1,6.281985834884644
3,0,600,2,6.316507378514608
3,0,600,3,6.322533440971375
3,0,600,4,6.252984456253052
3,0,600,5,6.2653062101840975
3,0,600,6,6.223605116176605
3,0,600,7,6.211525888061524
3,0,600,8,6.185557776006063
3,0,600,9,6.1684569592952725
3,0,600,10,6.168165197086334
3,0,600,11,6.157488227335612
3,0,600,12,6.131774197832743
3,0,600,13,6.1369763289769494
3,0,600,14,6.124711359469096
3,0,600,15,6.123755786323548
3,0,600,16,6.14308045510451
3,0,600,17,6.1638481871287025
3,0,600,18,6.187234619426727
3,0,600,19,6.1631086490949
3,0,600,20,6.172050786781311
3,0,600,21,6.196852583789825
3,0,600,22,6.239690602048238
3,0,600,23,6.23447466875712
3,0,600,24,6.237931891377767
3,0,600,25,6.289258015378317
3,0,600,26,6.281123008918763
3,0,600,27,6.313126760609944
3,0,600,28,6.372097746594747
3,0,600,29,6.336256002489725
3,0,600,30,6.3715311657587685
3,0,600,31,6.37820279305776
3,0,600,32,6.477674328168233
3,0,600,33,6.451020106951396
3,0,600,34,6.450378712463379
3,0,600,35,6.476442542012532
3,0,600,36,6.480240520922343
3,0,600,37,6.530678610102336
3,0,600,38,6.544630841128032
3,0,600,39,6.569810578473409
3,0,600,40,6.608634033203125
3,0,600,41,6.619518643506368
3,0,600,42,6.6182251585642495
3,0,600,43,6.647837714513143
3,0,600,44,6.6224006577809655
3,0,600,45,6.66645070883433
3,0,600,46,6.643487204233805
3,0,600,47,6.620022939491272
3,0,600,48,6.61888207321167
3,0,600,49,6.588889617856344
3,0,600,50,6.471023220062256
3,0,600,51,6.3977180698394776
3,0,600,52,6.312192536989848
3,0,600,53,6.249454476229349
3,0,600,54,6.207769965585073
3,0,600,55,6.187413195292155
3,0,600,56,6.1556084437052405
3,0,600,57,6.118955807113648
3,0,600,58,6.032546323267619
3,0,600,59,6.0011518865585325
3,0,600,60,5.966018108812968
3,0,600,61,5.9316710800170895
3,0,600,62,5.856394372558594
3,0,600,63,5.905990524291992
3,0,600,64,5.852723998069763
3,0,600,65,5.822977340714137
3,0,600,66,5.869206089607874
3,0,600,67,5.852006394354502
3,0,600,68,5.938374507109324
3,0,600,69,5.974983127498627
3,0,600,70,6.011360904661815
3,0,600,71,6.074630598958334
3,0,600,72,6.069933311462402
3,0,600,73,6.161920328203837
3,0,600,74,6.198802085113526
3,0,600,75,6.329125901667277
3,0,600,76,6.397659945678711
3,0,600,77,6.520360150591532
3,0,600,78,6.524022020975749
3,0,600,79,6.6109753472010295
3,0,600,80,6.69346335029602
3,0,600,81,6.782140779240926
3,0,600,82,6.807753348477681
3,0,600,83,6.886602242851257
3,0,600,84,6.913432268587748
3,0,600,85,6.911640076891581
3,0,600,86,6.903863164170583
3,0,600,87,6.941673063913981
3,0,600,88,6.99554711523056
3,0,600,89,7.039325696182251
3,0,600,90,7.1101294564565025
3,0,600,91,7.106852477137248
3,0,600,92,7.194565119934082
3,0,600,93,7.192234536870321
3,0,600,94,7.1697618031819665
3,0,600,95,7.144879614639282
3,0,600,96,7.175364203389486
3,0,600,97,7.164930517959594
3,0,600,98,7.12200414536794
3,0,600,99,7.145679215749105
3,0,600,100,6.696316702397664
3,0,600,101,6.6264239734649655
3,0,600,102,6.484723455937703
3,0,600,103,6.41253519153595
3,0,600,104,6.334671866289774
3,0,600,105,6.182075926653544
3,0,600,106,6.089588780784607
3,0,600,107,6.050895474529266
3,0,600,108,5.952918563842774
3,0,600,109,5.905032344881693
3,0,600,110,5.821794661903382
3,0,600,111,5.782984277820587
3,0,600,112,5.744879428768158
3,0,600,113,5.696618457539876
3,0,600,114,5.709092808183034
3,0,600,115,5.720094355519612
3,0,600,116,5.709773897600174
3,0,600,117,5.741217030302684
3,0,600,118,5.749342579778036
3,0,600,119,5.800045643297831
3,0,600,120,5.86497592980067
3,0,600,121,5.8813076867103575
3,0,600,122,6.063527179590861
3,0,600,123,6.0553167493184406
3,0,600,124,6.205029022343953
3,0,600,125,6.349105255444845
3,0,600,126,6.450190747324625
3,0,600,127,6.540781054051717
3,0,600,128,6.684277737935384
3,0,600,129,6.781427880541483
3,0,600,130,6.857229872194926
3,0,600,131,6.9582947233835855
3,0,600,132,7.0447184963226315
3,0,600,133,7.023551512145996
3,0,600,134,7.123707440884908
3,0,600,135,7.186086443710328
3,0,600,136,7.215723508834839
3,0,600,137,7.2375331267674765
3,0,600,138,7.23237242940267
3,0,600,139,7.282760857200622
3,0,600,140,7.267870770136516
3,0,600,141,7.374689800898234
3,0,600,142,7.5073200087229415
3,0,600,143,7.522589085515341
3,0,600,144,7.502284640757243
3,0,600,145,7.536952443186442
3,0,600,146,7.475571687698364
3,0,600,147,7.458331650034586
3,0,600,148,7.41839166653951
3,0,600,149,7.475765503184
3,0,600,150,6.9690725141525265
3,0,600,151,6.773903782812754
3,0,600,152,6.666331722132365
3,0,600,153,6.556821731821696
3,0,600,154,6.456194487889608
3,0,600,155,6.260551363817851
3,0,600,156,6.194917891438802
3,0,600,157,6.0945657515207925
3,0,600,158,5.995691634146373
3,0,600,159,5.88035852877299
3,0,600,160,5.771952172247569
3,0,600,161,5.73434233118693
3,0,600,162,5.669085909938812
3,0,600,163,5.657737556362152
3,0,600,164,5.602340407268207
3,0,600,165,5.606289045206705
3,0,600,166,5.564046882470449
3,0,600,167,5.624537373924255
3,0,600,168,5.6360260321776074
3,0,600,169,5.70606296043396
3,0,600,170,5.750541839917501
3,0,600,171,5.811955715624491
3,0,600,172,5.900543810907999
3,0,600,173,6.007994077237447
3,0,600,174,6.112851404507955
3,0,600,175,6.278378436406453
3,0,600,176,6.430929237047831
3,0,600,177,6.600145460383097
3,0,600,178,6.718820888646444
3,0,600,179,6.853849153264363
3,0,600,180,7.056157901064555
3,0,600,181,7.194573699569702
3,0,600,182,7.302423682594299
3,0,600,183,7.428679771677653
3,0,600,184,7.518167976633707
3,0,600,185,7.613028354644776
3,0,600,186,7.645713928349813
3,0,600,187,7.637312392044067
3,0,600,188,7.6663186014811195
3,0,600,189,7.635668950780233
3,0,600,190,7.640030376942953
3,0,600,191,7.728746474202474
3,0,600,192,7.845731732177734
3,0,600,193,7.86726509475708
3,0,600,194,7.88995422261556
3,0,600,195,7.854495584615072
3,0,600,196,7.813194890848796
3,0,600,197,7.754367358271281
3,0,600,198,7.778267092641195
3,0,600,199,7.739324658075969
3,0,600,200,7.049642832565308
3,0,600,201,6.875496492449442
3,0,600,202,6.716842508188884
3,0,600,203,6.559562830924988
3,0,600,204,6.397899296379089
3,0,600,205,6.253936639531453
3,0,600,206,6.148779664675395
3,0,600,207,6.090907387797038
3,0,600,208,5.981337892913818
3,0,600,209,5.8770700423558555
3,0,600,210,5.72141711212794
3,0,600,211,5.683616454092662
3,0,600,212,5.593672045453389
3,0,600,213,5.526017639795939
3,0,600,214,5.516639650408427
3,0,600,215,5.503892958577474
3,0,600,216,5.559966736284892
3,0,600,217,5.555743617216746
3,0,600,218,5.598449004046122
3,0,600,219,5.658582357660929
3,0,600,220,5.725677578830719
3,0,600,221,5.810488038953145
3,0,600,222,6.009514194488525
3,0,600,223,5.975523978169759
3,0,600,224,6.1456483768781025
3,0,600,225,6.247073675823212
3,0,600,226,6.434284127362569
3,0,600,227,6.571428569285075
3,0,600,228,6.6553100387573245
3,0,600,229,6.857367672348023
3,0,600,230,6.9581980066935225
3,0,600,231,7.142199118423462
3,0,600,232,7.299004040400187
3,0,600,233,7.4098665805816655
3,0,600,234,7.506901105117798
3,0,600,235,7.563296383539836
3,0,600,236,7.6797804917653405
3,0,600,237,7.738676495615641
3,0,600,238,7.747060479990641
3,0,600,239,7.772920401763916
3,0,600,240,7.754933303578695
3,0,600,241,7.794579718653361
3,0,600,242,7.904928842671712
3,0,600,243,7.943047162119547
3,0,600,244,7.925287193552653
3,0,600,245,7.90901633644104
3,0,600,246,7.84898564008077
3,0,600,247,7.85472136739095
3,0,600,248,7.8214026816686
3,0,600,249,7.82910355199178
3,0,600,250,7.114940610376994
3,0,600,251,6.972403016408284
3,0,600,252,6.667688191095988
3,0,600,253,6.417008502197266
3,0,600,254,6.279030960400899
3,0,600,255,6.146627218405405
3,0,600,256,6.054642960294088
3,0,600,257,5.976138541380564
3,0,600,258,5.9011134368896485
3,0,600,259,5.769676867834727
3,0,600,260,5.62172250884374
3,0,600,261,5.5460783387502035
3,0,600,262,5.47615385389328
3,0,600,263,5.500430307102203
3,0,600,264,5.497220701026916
3,0,600,265,5.437488601684571
3,0,600,266,5.491365238984426
3,0,600,267,5.516292720286051
3,0,600,268,5.570764819606145
3,0,600,269,5.634438096745809
3,0,600,270,5.663627773427963
3,0,600,271,5.739862796211242
3,0,600,272,5.884937504736582
3,0,600,273,5.995173757346471
3,0,600,274,6.102862673250834
3,0,600,275,6.178969854036967
3,0,600,276,6.342875256220499
3,0,600,277,6.4959813459396365
3,0,600,278,6.622800475184123
3,0,600,279,6.7801838213602705
3,0,600,280,6.870096456400553
3,0,600,281,7.073063768259685
3,0,600,282,7.2547021608988445
3,0,600,283,7.364708261871338
3,0,600,284,7.481806917190552
3,0,600,285,7.5587009376525875
3,0,600,286,7.626226500066122
3,0,600,287,7.708574460347493
3,0,600,288,7.758007766342163
3,0,600,289,7.7615757704416914
3,0,600,290,7.739298731104533
3,0,600,291,7.828736363347371
3,0,600,292,7.959091667938233
3,0,600,293,7.980398774592082
3,0,600,294,8.015054363950094
3,0,600,295,7.955469086329142
3,0,600,296,7.822626559829712
3,0,600,297,7.781337630081177
3,0,600,298,7.715032795333863
3,0,600,299,7.700873133595785
3,0,600,300,7.357938880729676
3,0,600,301,7.18758032690684
3,0,600,302,6.914062830352783
3,0,600,303,6.645836019515992
3,0,600,304,6.42644862874349
3,0,600,305,6.308929217338562
3,0,600,306,6.202928485139211
3,0,600,307,6.084281861241658
3,0,600,308,5.981774850352605
3,0,600,309,5.816308698606491
3,0,600,310,5.687216231425603
3,0,600,311,5.607325077565511
3,0,600,312,5.541043014971415
3,0,600,313,5.521192405541738
3,0,600,314,5.495465264511108
3,0,600,315,5.548240542666117
3,0,600,316,5.554286286830902
3,0,600,317,5.5469207461357115
3,0,600,318,5.629087472995122
3,0,600,319,5.613563070217769
3,0,600,320,5.693123109165827
3,0,600,321,5.787697189553579
3,0,600,322,5.853973474566142
3,0,600,323,5.9432780337333675
3,0,600,324,6.098988614018758
3,0,600,325,6.226047697893779
3,0,600,326,6.366384038670858
3,0,600,327,6.520647933769226
3,0,600,328,6.671726889419555
3,0,600,329,6.833320153299968
3,0,600,330,7.001479223823547
3,0,600,331,7.11189712899526
3,0,600,332,7.283949525960287
3,0,600,333,7.369019875717163
3,0,600,334,7.466616147232056
3,0,600,335,7.584900403213501
3,0,600,336,7.668872211201986
3,0,600,337,7.781968376668294
3,0,600,338,7.797759431330363
3,0,600,339,7.743356934611002
3,0,600,340,7.806475502268473
3,0,600,341,7.866120632425944
3,0,600,342,8.00684791653951
3,0,600,343,8.04379539718628
3,0,600,344,7.979113204701742
3,0,600,345,7.855454100418091
3,0,600,346,7.76854434038798
3,0,600,347,7.7689808048884075
3,0,600,348,7.724613987350464
3,0,600,349,7.758690322621663
3,0,600,350,7.674722788619995
3,0,600,351,7.455116939163208
3,0,600,352,7.079297936248779
3,0,600,353,6.762728820164998
3,0,600,354,6.530598134740194
3,0,600,355,6.449377502568563
3,0,600,356,6.473291857274373
3,0,600,357,6.320602423795064
3,0,600,358,6.1371540945688885
3,0,600,359,6.0198091660181685
3,0,600,360,5.865880832068125
3,0,600,361,5.742595464118322
3,0,600,362,5.625420290533701
3,0,600,363,5.584956652641297
3,0,600,364,5.535056564442317
3,0,600,365,5.5235421496391295
3,0,600,366,5.562634227466583
3,0,600,367,5.5690889173348745
3,0,600,368,5.6975529616038
3,0,600,369,5.721325958108902
3,0,600,370,5.785664531517029
3,0,600,371,5.823444013881684
3,0,600,372,5.893962091445923
3,0,600,373,5.993882758967081
3,0,600,374,6.12014338944753
3,0,600,375,6.247558471171061
3,0,600,376,6.3789520346323645
3,0,600,377,6.4639233819325765
3,0,600,378,6.661458115259807
3,0,600,379,6.743123357899984
3,0,600,380,6.909098656082153
3,0,600,381,6.9454641565958655
3,0,600,382,7.13208344856898
3,0,600,383,7.295185653432211
3,0,600,384,7.437453481165568
3,0,600,385,7.511502975845337
3,0,600,386,7.619943289057414
3,0,600,387,7.7452512535095215
3,0,600,388,7.7586060213724775
3,0,600,389,7.762161056009928
3,0,600,390,7.762795179621379
3,0,600,391,7.83937898610433
3,0,600,392,7.95246422068278
3,0,600,393,7.880007645161947
3,0,600,394,7.989372894414266
3,0,600,395,7.8014066687901815
3,0,600,396,7.704192789713542
3,0,600,397,7.646700091679891
3,0,600,398,7.663227055486043
3,0,600,399,7.835798359298706
3,0,600,400,7.786445965830485
3,0,600,401,7.636825931104024
3,0,600,402,7.223689251073202
3,0,600,403,6.9786284653981525
3,0,600,404,6.773510991541545
3,0,600,405,6.662917052459717
3,0,600,406,6.641547405624389
3,0,600,407,6.541880545393626
3,0,600,408,6.368932989819845
3,0,600,409,6.1508398313681285
3,0,600,410,6.042015074205398
3,0,600,411,5.9134333110173545
3,0,600,412,5.818874548657735
3,0,600,413,5.74710114177068
3,0,600,414,5.65318637957573
3,0,600,415,5.657042133585612
3,0,600,416,5.657119741916657
3,0,600,417,5.670263238970438
3,0,600,418,5.70313814163208
3,0,600,419,5.745603759765625
3,0,600,420,5.771536555719376
3,0,600,421,5.864003882726034
3,0,600,422,5.877015377362569
3,0,600,423,6.005642573420206
3,0,600,424,6.076461173184713
3,0,600,425,6.251023591327667
3,0,600,426,6.332789311726888
3,0,600,427,6.43976032892863
3,0,600,428,6.491415989462535
3,0,600,429,6.636179050954183
3,0,600,430,6.756061956914266
3,0,600,431,6.991438803037008
3,0,600,432,7.088447699928284
3,0,600,433,7.2736545627594
3,0,600,434,7.457276323191325
3,0,600,435,7.569989719899495
3,0,600,436,7.659522081883749
3,0,600,437,7.757878004582723
3,0,600,438,7.825158094151814
3,0,600,439,7.753279083633423
3,0,600,440,7.8332265153249105
3,0,600,441,7.897496577326456
3,0,600,442,7.943808068847656
3,0,600,443,7.962027748235067
3,0,600,444,7.891262818018595
3,0,600,445,7.739538251241048
3,0,600,446,7.632756039174398
3,0,600,447,7.6436503256479895
3,0,600,448,7.741102378209432
3,0,600,449,7.9438448396046955
3,0,600,450,8.06377224744161
3,0,600,451,7.865086380513509
3,0,600,452,7.334409831237793
3,0,600,453,6.9785141881306965
3,0,600,454,6.882931656773885
3,0,600,455,6.8806248386383055
3,0,600,456,6.747670783742269
3,0,600,457,6.682267263031006
3,0,600,458,6.456691947364807
3,0,600,459,6.352182581520081
3,0,600,460,6.172814021237691
3,0,600,461,6.124277618408203
3,0,600,462,6.0032644824663794
3,0,600,463,5.969052038637797
3,0,600,464,5.87093490263621
3,0,600,465,5.872268157641093
3,0,600,466,5.846507212575276
3,0,600,467,5.845504281107584
3,0,600,468,5.897472996377945
3,0,600,469,5.979677797476451
3,0,600,470,5.988347359244028
3,0,600,471,6.076399481232961
3,0,600,472,6.15135419699351
3,0,600,473,6.220430556138356
3,0,600,474,6.348263184674581
3,0,600,475,6.47566356941859
3,0,600,476,6.604580938720703
3,0,600,477,6.6399213990529375
3,0,600,478,6.660840722592671
3,0,600,479,6.841182602628072
3,0,600,480,6.954203422864278
3,0,600,481,7.047373954137166
3,0,600,482,7.144149966303507
3,0,600,483,7.256339720662435
3,0,600,484,7.411195735677083
3,0,600,485,7.456811097208659
3,0,600,486,7.600747033437093
3,0,600,487,7.651882931264241
3,0,600,488,7.774756865310669
3,0,600,489,7.785355130386352
3,0,600,490,7.810484221394857
3,0,600,491,7.786702428309122
3,0,600,492,7.849845525360108
3,0,600,493,7.9473878202438355
3,0,600,494,7.890983252843221
3,0,600,495,7.667727031707764
3,0,600,496,7.598160822677612
3,0,600,497,7.613645515759786
3,0,600,498,7.78052259165446
3,0,600,499,8.037015501530965
3,0,600,500,8.225661896642048
3,0,600,501,8.013792539342244
3,0,600,502,7.490978724606832
3,0,600,503,7.1455491952260335
3,0,600,504,7.025905400212606
3,0,600,505,6.979568704859416
3,0,600,506,6.843499472045899
3,0,600,507,6.711595653788248
3,0,600,508,6.638546102968852
3,0,600,509,6.465588162946701
3,0,600,510,6.322220747184754
3,0,600,511,6.25137598807017
3,0,600,512,6.158949543984731
3,0,600,513,6.1444603334108985
3,0,600,514,6.117522599093119
3,0,600,515,6.083660596783956
3,0,600,516,6.080356586519877
3,0,600,517,6.102053210004171
3,0,600,518,6.126912220446269
3,0,600,519,6.167935570176443
3,0,600,520,6.208899927139282
3,0,600,521,6.2699284178415935
3,0,600,522,6.360028582318624
3,0,600,523,6.481685211245219
3,0,600,524,6.546291912206014
3,0,600,525,6.5985123170216875
3,0,600,526,6.644364714940389
3,0,600,527,6.761707873980204
3,0,600,528,6.824388891474406
3,0,600,529,6.9321305920918785
3,0,600,530,6.992641100438436
3,0,600,531,7.0602671875
3,0,600,532,7.193209685007731
3,0,600,533,7.285557888921102
3,0,600,534,7.426355753835042
3,0,600,535,7.559845465723673
3,0,600,536,7.536307268460591
3,0,600,537,7.631144532267252
3,0,600,538,7.657020125007629
3,0,600,539,7.695322416178385
3,0,600,540,7.647316798909505
3,0,600,541,7.691616015879313
3,0,600,542,7.731008615875244
3,0,600,543,7.723431896972656
3,0,600,544,7.682148501205444
3,0,600,545,7.5273983194986975
3,0,600,546,7.4978782758076985
3,0,600,547,7.629300969187419
3,0,600,548,7.949066589991252
3,0,600,549,8.244362046432496
3,0,600,550,8.340618119303386
3,0,600,551,8.091967022959391
3,0,600,552,7.686453121948242
3,0,600,553,7.331823008728027
3,0,600,554,7.314255558649699
3,0,600,555,7.268467557652792
3,0,600,556,7.0813119406382246
3,0,600,557,6.916423196411133
3,0,600,558,6.748183032353719
3,0,600,559,6.5275045010248816
3,0,1200,0,4.851210827239354
3,0,1200,1,4.774629278818766
3,0,1200,2,4.808952078509331
3,0,1200,3,4.815190715646744
3,0,1200,4,4.7459354344844815
3,0,1200,5,4.75805111413002
3,0,1200,6,4.71703376241525
3,0,1200,7,4.703597850147883
3,0,1200,8,4.676633256705602
3,0,1200,9,4.662615090354284
3,0,1200,10,4.660608340946833
3,0,1200,11,4.6509906368096665
3,0,1200,12,4.624244777393341
3,0,1200,13,4.630272601612409
3,0,1200,14,4.61826583035787
3,0,1200,15,4.6149112311840055
3,0,1200,16,4.635561502520243
3,0,1200,17,4.656335729265213
3,0,1200,18,4.681630668910344
3,0,1200,19,4.65499281244278
3,0,1200,20,4.664718577607473
3,0,1200,21,4.690822164797783
3,0,1200,22,4.732656694396337
3,0,1200,23,4.7271795554002125
3,0,1200,24,4.7303707083702085
3,0,1200,25,4.781363334417343
3,0,1200,26,4.774468269650141
3,0,1200,27,4.806057500012716
3,0,1200,28,4.865096047274272
3,0,1200,29,4.829979335912069
3,0,1200,30,4.864592238934835
3,0,1200,31,4.870665862035751
3,0,1200,32,4.970329595216115
3,0,1200,33,4.943303757222494
3,0,1200,34,4.944597376139959
3,0,1200,35,4.969122399965922
3,0,1200,36,4.974450217437744
3,0,1200,37,5.0237404268105825
3,0,1200,38,5.037617160813014
3,0,1200,39,5.063273032188415
3,0,1200,40,5.101420136769613
3,0,1200,41,5.112189426167806
3,0,1200,42,5.112181072584788
3,0,1200,43,5.14100614622434
3,0,1200,44,5.11710854956309
3,0,1200,45,5.159381001377105
3,0,1200,46,5.135436385885875
3,0,1200,47,5.113244070831935
3,0,1200,48,5.110593393556277
3,0,1200,49,5.081193872777621
3,0,1200,50,4.962319042897224
3,0,1200,51,4.8878441606203715
3,0,1200,52,4.802364452171326
3,0,1200,53,4.739611607305209
3,0,1200,54,4.6970368561506275
3,0,1200,55,4.6779212124824525
3,0,1200,56,4.644929842503865
3,0,1200,57,4.608963213523229
3,0,1200,58,4.522587045256297
3,0,1200,59,4.491337950666746
3,0,1200,60,4.456220356369019
3,0,1200,61,4.422924642880758
3,0,1200,62,4.3489013113021855
3,0,1200,63,4.396451657327016
3,0,1200,64,4.342689238770803
3,0,1200,65,4.313890003093084
3,0,1200,66,4.360318740987777
3,0,1200,67,4.342949214903514
3,0,1200,68,4.43026833187739
3,0,1200,69,4.466434300525983
3,0,1200,70,4.502201259271303
3,0,1200,71,4.567264470911026
3,0,1200,72,4.561599051229159
3,0,1200,73,4.6513201243400575
3,0,1200,74,4.689335185162227
3,0,1200,75,4.821021727546056
3,0,1200,76,4.88833849641482
3,0,1200,77,5.012269786818822
3,0,1200,78,5.015953578742345
3,0,1200,79,5.10262992216746
3,0,1200,80,5.184354336357116
3,0,1200,81,5.273515103117625
3,0,1200,82,5.30004102212588
3,0,1200,83,5.377800696833928
3,0,1200,84,5.405384052403768
3,0,1200,85,5.402220129044851
3,0,1200,86,5.394274162832896
3,0,1200,87,5.433122229925791
3,0,1200,88,5.487039781395595
3,0,1200,89,5.531391740004222
3,0,1200,90,5.6023263550122575
3,0,1200,91,5.599031521256765
3,0,1200,92,5.686371700604757
3,0,1200,93,5.6835930525461835
3,0,1200,94,5.662197019004822
3,0,1200,95,5.636413093884786
3,0,1200,96,5.667796709156036
3,0,1200,97,5.656393531576793
3,0,1200,98,5.6127340372403465
3,0,1200,99,5.637359413433075
3,0,1200,100,5.188877318223318
3,0,1200,101,5.118924061663946
3,0,1200,102,4.97604731985728
3,0,1200,103,4.903110213597616
3,0,1200,104,4.826736940193176
3,0,1200,105,4.6731745216369625
3,0,1200,106,4.581610560512543
3,0,1200,107,4.542859928099315
3,0,1200,108,4.445032987340292
3,0,1200,109,4.396547809123993
3,0,1200,110,4.311768472623825
3,0,1200,111,4.273545245607694
3,0,1200,112,4.237089153718949
3,0,1200,113,4.1886167764027915
3,0,1200,114,4.199728249144554
3,0,1200,115,4.209944777297974
3,0,1200,116,4.200009811290105
3,0,1200,117,4.231774292961757
3,0,1200,118,4.241523521073659
3,0,1200,119,4.291907095241546
3,0,1200,120,4.357346459531784
3,0,1200,121,4.372303129291534
3,0,1200,122,4.554256639814377
3,0,1200,123,4.546483622678121
3,0,1200,124,4.696990066130956
3,0,1200,125,4.841161218802134
3,0,1200,126,4.9427841210126875
3,0,1200,127,5.033517781869571
3,0,1200,128,5.175817885907491
3,0,1200,129,5.274186165746053
3,0,1200,130,5.348696658325196
3,0,1200,131,5.449745831044515
3,0,1200,132,5.536530876954396
3,0,1200,133,5.515098272609711
3,0,1200,134,5.615138705412547
3,0,1200,135,5.676545583248139
3,0,1200,136,5.706409170309702
3,0,1200,137,5.728615825764338
3,0,1200,138,5.723405922635396
3,0,1200,139,5.773307734107971
3,0,1200,140,5.7600069015820825
3,0,1200,141,5.866292657152812
3,0,1200,142,6.000237166404724
3,0,1200,143,6.015155554421742
3,0,1200,144,5.994391138331095
3,0,1200,145,6.028813014157613
3,0,1200,146,5.968971603870392
3,0,1200,147,5.952054909388225
3,0,1200,148,5.910245195134481
3,0,1200,149,5.969280169487
3,0,1200,150,5.460978237469991
3,0,1200,151,5.265160067844391
3,0,1200,152,5.159726085980734
3,0,1200,153,5.048871041870117
3,0,1200,154,4.948338252417247
3,0,1200,155,4.752661266072591
3,0,1200,156,4.687865438779196
3,0,1200,157,4.587659370883306
3,0,1200,158,4.487060455306371
3,0,1200,159,4.371337912869453
3,0,1200,160,4.2638430336793265
3,0,1200,161,4.2267646631558735
3,0,1200,162,4.162045232597987
3,0,1200,163,4.151803682724635
3,0,1200,164,4.094484482161204
3,0,1200,165,4.099528801123301
3,0,1200,166,4.056946569156647
3,0,1200,167,4.117154043539365
3,0,1200,168,4.128512389230728
3,0,1200,169,4.197978456870715
3,0,1200,170,4.244507910609245
3,0,1200,171,4.305270268861452
3,0,1200,172,4.3938787510077155
3,0,1200,173,4.500956015872955
3,0,1200,174,4.605366864013672
3,0,1200,175,4.77097061363856
3,0,1200,176,4.924259421475728
3,0,1200,177,5.093002928129832
3,0,1200,178,5.210969745063782
3,0,1200,179,5.3472222398598985
3,0,1200,180,5.548856811841329
3,0,1200,181,5.686921493752798
3,0,1200,182,5.79527084236145
3,0,1200,183,5.921335020605723
3,0,1200,184,6.011209245681763
3,0,1200,185,6.104855480003357
3,0,1200,186,6.138098753674825
3,0,1200,187,6.1290125795682275
3,0,1200,188,6.1582549326578775
3,0,1200,189,6.127252709801992
3,0,1200,190,6.13088189309438
3,0,1200,191,6.221542980416616
3,0,1200,192,6.337789481480916
3,0,1200,193,6.358927873357137
3,0,1200,194,6.380834087371826
3,0,1200,195,6.3475064311345415
3,0,1200,196,6.30616654958725
3,0,1200,197,6.246863211663564
3,0,1200,198,6.271220689582825
3,0,1200,199,6.231319135665894
3,0,1200,200,5.542678865877788
3,0,1200,201,5.3688107426007585
3,0,1200,202,5.208678554630279
3,0,1200,203,5.051464846229553
3,0,1200,204,4.89126529045105
3,0,1200,205,4.746550305684408
3,0,1200,206,4.6426926650365195
3,0,1200,207,4.5831244455655415
3,0,1200,208,4.473270085382461
3,0,1200,209,4.368521900256475
3,0,1200,210,4.2131285560448966
3,0,1200,211,4.176948833878835
3,0,1200,212,4.08678117424647
3,0,1200,213,4.018897072593371
3,0,1200,214,4.008301896286011
3,0,1200,215,3.9966063732941945
3,0,1200,216,4.052903431789081
3,0,1200,217,4.047709863678614
3,0,1200,218,4.090074192110698
3,0,1200,219,4.150859164285659
3,0,1200,220,4.218589374081294
3,0,1200,221,4.303229245392481
3,0,1200,222,4.502526818855603
3,0,1200,223,4.467400741449992
3,0,1200,224,4.638325383631388
3,0,1200,225,4.740558672269185
3,0,1200,226,4.926702620331446
3,0,1200,227,5.06455171995163
3,0,1200,228,5.148018328984579
3,0,1200,229,5.349851691071192
3,0,1200,230,5.451229982932409
3,0,1200,231,5.635365283139547
3,0,1200,232,5.791554365348816
3,0,1200,233,5.903030033747355
3,0,1200,234,5.999772859382629
3,0,1200,235,6.0559113951365156
3,0,1200,236,6.17131461429596
3,0,1200,237,6.231319400723775
3,0,1200,238,6.239757587814331
3,0,1200,239,6.265119183031718
3,0,1200,240,6.246656533050537
3,0,1200,241,6.286797895558675
3,0,1200,242,6.396355475680033
3,0,1200,243,6.435771151351929
3,0,1200,244,6.417595441118876
3,0,1200,245,6.400170447222392
3,0,1200,246,6.342289153544108
3,0,1200,247,6.34624697488149
3,0,1200,248,6.313542492675781
3,0,1200,249,6.3230914171854655
3,0,1200,250,5.6092787659645085
3,0,1200,251,5.46640741669337
3,0,1200,252,5.1632686947186786
3,0,1200,253,4.911997682857513
3,0,1200,254,4.775528957637151
3,0,1200,255,4.642024932607015
3,0,1200,256,4.547773763513565
3,0,1200,257,4.46962915922006
3,0,1200,258,4.395009126583735
3,0,1200,259,4.263400186538696
3,0,1200,260,4.114426154168447
3,0,1200,261,4.040290939108531
3,0,1200,262,3.9701825726032256
3,0,1200,263,3.9933875435829163
3,0,1200,264,3.989485824855169
3,0,1200,265,3.9301756789366404
3,0,1200,266,3.9861072774092356
3,0,1200,267,4.009845740747452
3,0,1200,268,4.064294629379114
3,0,1200,269,4.12655885532697
3,0,1200,270,4.157452196788788
3,0,1200,271,4.233700202226639
3,0,1200,272,4.379737026723226
3,0,1200,273,4.488188273954392
3,0,1200,274,4.596209750048319
3,0,1200,275,4.672420556163788
3,0,1200,276,4.837221912693978
3,0,1200,277,4.989768645048142
3,0,1200,278,5.1165474273840585
3,0,1200,279,5.2735460041681925
3,0,1200,280,5.363460218715668
3,0,1200,281,5.566736114025116
3,0,1200,282,5.748231719748179
3,0,1200,283,5.8586934431076045
3,0,1200,284,5.975272516123454
3,0,1200,285,6.052305278905233
3,0,1200,286,6.119484397443135
3,0,1200,287,6.201653280448913
3,0,1200,288,6.251880390834808
3,0,1200,289,6.2553295831044515
3,0,1200,290,6.233032587401072
3,0,1200,291,6.321652466265361
3,0,1200,292,6.451885917409261
3,0,1200,293,6.4733253150939944
3,0,1200,294,6.509074407768249
3,0,1200,295,6.448247050412496
3,0,1200,296,6.315593834050496
3,0,1200,297,6.274479811414083
3,0,1200,298,6.207973042519887
3,0,1200,299,6.1941798011144
3,0,1200,300,5.849744528388977
3,0,1200,301,5.680511595948537
3,0,1200,302,5.4056443257967635
3,0,1200,303,5.138528683789571
3,0,1200,304,4.919340146795909
3,0,1200,305,4.800974535894394
3,0,1200,306,4.695552637195587
3,0,1200,307,4.577141762288411
3,0,1200,308,4.473346814362208
3,0,1200,309,4.3101241400480275
3,0,1200,310,4.18173233341376
3,0,1200,311,4.100927158300082
3,0,1200,312,4.034968412367503
3,0,1200,313,4.014915577046076
3,0,1200,314,3.989545551967621
3,0,1200,315,4.041864812556903
3,0,1200,316,4.048384969425201
3,0,1200,317,4.040091181198756
3,0,1200,318,4.122741852704684
3,0,1200,319,4.1064598537127175
3,0,1200,320,4.185170820967357
3,0,1200,321,4.2796274227778115
3,0,1200,322,4.346927797651291
3,0,1200,323,4.436582434829076
3,0,1200,324,4.5919797719478606
3,0,1200,325,4.718881128470103
3,0,1200,326,4.859426881257693
3,0,1200,327,5.014303909778595
3,0,1200,328,5.164823978360494
3,0,1200,329,5.326564156405131
3,0,1200,330,5.4947950143019355
3,0,1200,331,5.605182607221604
3,0,1200,332,5.777930700333913
3,0,1200,333,5.862538817596436
3,0,1200,334,5.959997024091085
3,0,1200,335,6.078158044497172
3,0,1200,336,6.162558792432149
3,0,1200,337,6.275323603312175
3,0,1200,338,6.291028489049276
3,0,1200,339,6.23715911026001
3,0,1200,340,6.300490925153096
3,0,1200,341,6.360127326774597
3,0,1200,342,6.50077201538086
3,0,1200,343,6.537087809117635
3,0,1200,344,6.471960254891713
3,0,1200,345,6.348841621144612
3,0,1200,346,6.260794608751933
3,0,1200,347,6.262045230547587
3,0,1200,348,6.21749412428538
3,0,1200,349,6.251919558779399
3,0,1200,350,6.1690556298573815
3,0,1200,351,5.947453262678782
3,0,1200,352,5.572504279820125
3,0,1200,353,5.255677765528361
3,0,1200,354,5.0235270874341325
3,0,1200,355,4.941815951649348
3,0,1200,356,4.964553690576554
3,0,1200,357,4.812886129681269
3,0,1200,358,4.628077712059021
3,0,1200,359,4.51195213824908
3,0,1200,360,4.3595357103824615
3,0,1200,361,4.234592666689555
3,0,1200,362,4.119680631117026
3,0,1200,363,4.078059620634715
3,0,1200,364,4.028220523611704
3,0,1200,365,4.016936986804009
3,0,1200,366,4.056585427292188
3,0,1200,367,4.062428268416722
3,0,1200,368,4.191042807356516
3,0,1200,369,4.215591244475047
3,0,1200,370,4.27948129825592
3,0,1200,371,4.316602095762889
3,0,1200,372,4.3869034740686415
3,0,1200,373,4.487340764188766
3,0,1200,374,4.612444943141937
3,0,1200,375,4.740345811621348
3,0,1200,376,4.872365593973796
3,0,1200,377,4.95703895389239
3,0,1200,378,5.15392358806928
3,0,1200,379,5.235994588947296
3,0,1200,380,5.402117154200872
3,0,1200,381,5.439048000717163
3,0,1200,382,5.624935893217723
3,0,1200,383,5.788459098052979
3,0,1200,384,5.930395728588104
3,0,1200,385,6.004790532684326
3,0,1200,386,6.112221841748555
3,0,1200,387,6.238575911903381
3,0,1200,388,6.251297339375814
3,0,1200,389,6.2547279605229695
3,0,1200,390,6.255353260962169
3,0,1200,391,6.332673036638895
3,0,1200,392,6.445380877876282
3,0,1200,393,6.373401442464193
3,0,1200,394,6.4824087598164875
3,0,1200,395,6.294340859921773
3,0,1200,396,6.197221758143107
3,0,1200,397,6.1406744510332745
3,0,1200,398,6.156098675727844
3,0,1200,399,6.328904939397176
3,0,1200,400,6.279393059603374
3,0,1200,401,6.1304503314336145
3,0,1200,402,5.715967801856995
3,0,1200,403,5.472086533514658
3,0,1200,404,5.2677535956382755
3,0,1200,405,5.156624286969503
3,0,1200,406,5.136835151926676
3,0,1200,407,5.0360904858271285
3,0,1200,408,4.863400858418147
3,0,1200,409,4.644952043501536
3,0,1200,410,4.534515800984701
3,0,1200,411,4.406734278090795
3,0,1200,412,4.312710062694549
3,0,1200,413,4.240513158098857
3,0,1200,414,4.144769249296188
3,0,1200,415,4.149888393847148
3,0,1200,416,4.150125727033615
3,0,1200,417,4.164367405621211
3,0,1200,418,4.1960587510347365
3,0,1200,419,4.238302802197138
3,0,1200,420,4.264765089917183
3,0,1200,421,4.357529275735219
3,0,1200,422,4.369755480511984
3,0,1200,423,4.498908694028854
3,0,1200,424,4.569621390660604
3,0,1200,425,4.743780270028115
3,0,1200,426,4.825232047684987
3,0,1200,427,4.933351710017522
3,0,1200,428,4.9834387646993
3,0,1200,429,5.128464978504181
3,0,1200,430,5.248615476067861
3,0,1200,431,5.483975557772318
3,0,1200,432,5.581157295846939
3,0,1200,433,5.766153460947672
3,0,1200,434,5.949133686288198
3,0,1200,435,6.062785098393758
3,0,1200,436,6.152155549558004
3,0,1200,437,6.250348554929097
3,0,1200,438,6.3172477461496985
3,0,1200,439,6.2455067840894065
3,0,1200,440,6.3249320201873775
3,0,1200,441,6.388756671524048
3,0,1200,442,6.436760220146179
3,0,1200,443,6.454555610847473
3,0,1200,444,6.383281098810832
3,0,1200,445,6.231981528504689
3,0,1200,446,6.126467799758911
3,0,1200,447,6.135722868347168
3,0,1200,448,6.233776691055298
3,0,1200,449,6.4368981859207155
3,0,1200,450,6.555348797925313
3,0,1200,451,6.358066971969604
3,0,1200,452,5.825934777959188
3,0,1200,453,5.469405247529347
3,0,1200,454,5.375776612345377
3,0,1200,455,5.372620215193431
3,0,1200,456,5.239606017621358
3,0,1200,457,5.174675836531321
3,0,1200,458,4.949301113414764
3,0,1200,459,4.843941575622559
3,0,1200,460,4.666586912155151
3,0,1200,461,4.617746572287877
3,0,1200,462,4.496225016697248
3,0,1200,463,4.462808223613103
3,0,1200,464,4.364154039462408
3,0,1200,465,4.365248300027847
3,0,1200,466,4.3402838326931
3,0,1200,467,4.338761588517825
3,0,1200,468,4.3901748228867845
3,0,1200,469,4.4722043065706885
3,0,1200,470,4.481755442523956
3,0,1200,471,4.56861498594284
3,0,1200,472,4.644026699256897
3,0,1200,473,4.713866380484899
3,0,1200,474,4.841216882371903
3,0,1200,475,4.968369516309102
3,0,1200,476,5.096763689057032
3,0,1200,477,5.132005123813947
3,0,1200,478,5.153635389264425
3,0,1200,479,5.33321257575353
3,0,1200,480,5.447311977895101
3,0,1200,481,5.539906709416707
3,0,1200,482,5.637857979138692
3,0,1200,483,5.749362966601054
3,0,1200,484,5.904610819594065
3,0,1200,485,5.950094119644165
3,0,1200,486,6.093881830914815
3,0,1200,487,6.145280412896474
3,0,1200,488,6.268115848477682
3,0,1200,489,6.278859049161275
3,0,1200,490,6.304197720718384
3,0,1200,491,6.2799907424290975
3,0,1200,492,6.343397139294942
3,0,1200,493,6.440261756769816
3,0,1200,494,6.384054011535644
3,0,1200,495,6.1616688130060835
3,0,1200,496,6.092185404205322
3,0,1200,497,6.106901360448202
3,0,1200,498,6.274046585083008
3,0,1200,499,6.529870741335551
3,0,1200,500,6.718526052602132
3,0,1200,501,6.505998861821492
3,0,1200,502,5.982218066851298
3,0,1200,503,5.637185478591919
3,0,1200,504,5.51819050877889
3,0,1200,505,5.4709638701438905
3,0,1200,506,5.335149949900309
3,0,1200,507,5.202776371717453
3,0,1200,508,5.130215103149414
3,0,1200,509,4.958705791314443
3,0,1200,510,4.815602113374075
3,0,1200,511,4.743622331666947
3,0,1200,512,4.651344010257721
3,0,1200,513,4.636734728129705
3,0,1200,514,4.6108162433544795
3,0,1200,515,4.577295435921351
3,0,1200,516,4.5725281264305115
3,0,1200,517,4.594351020208994
3,0,1200,518,4.619026768358548
3,0,1200,519,4.659921055809657
3,0,1200,520,4.70103587530454
3,0,1200,521,4.762339579486847
3,0,1200,522,4.852393767436346
3,0,1200,523,4.973478007189433
3,0,1200,524,5.038283942000072
3,0,1200,525,5.091364870770772
3,0,1200,526,5.136359490156174
3,0,1200,527,5.254241102759043
3,0,1200,528,5.316732540893555
3,0,1200,529,5.42453665746053
3,0,1200,530,5.485352116680145
3,0,1200,531,5.5531897780418396
3,0,1200,532,5.68610629418691
3,0,1200,533,5.778698008124033
3,0,1200,534,5.919470725059509
3,0,1200,535,6.053189881006877
3,0,1200,536,6.029544651285807
3,0,1200,537,6.124228908697764
3,0,1200,538,6.149749539661407
3,0,1200,539,6.188108319282532
3,0,1200,540,6.140049744351705
3,0,1200,541,6.184937564659118
3,0,1200,542,6.2242010365804035
3,0,1200,543,6.216415337753296
3,0,1200,544,6.17480225461324
3,0,1200,545,6.020643767229716
3,0,1200,546,5.990591750423113
3,0,1200,547,6.121672253131867
3,0,1200,548,6.441424278004964
3,0,1200,549,6.737469559224446
3,0,1200,550,6.833876290257772
3,0,1200,551,6.585684274673462
3,0,1200,552,6.179114933681488
3,0,1200,553,5.826411986923218
3,0,1200,554,5.807442032814026
3,0,1200,555,5.761832274627686
3,0,1200,556,5.573808773136139
3,0,1200,557,5.408995206435521
3,0,1200,558,5.2408215366522475
3,0,1200,559,5.020047336244583
3,0,1200,600,6.91289311243693
3,0,1200,601,6.562221356137593
3,0,1200,602,6.375243060493469
3,0,1200,603,6.0403083581606545
3,0,1200,604,6.0140092980384825
3,0,1200,605,5.962851724370321
3,0,1200,606,5.838851125717163
3,0,1200,607,5.605933457501729
3,0,1200,608,5.356896939166387
3,0,1200,609,5.229743582216899
3,0,1200,610,5.10502328526179
3,0,1200,611,5.087577661800385
3,0,1200,612,5.171682017262777
3,0,1200,613,5.182957789452871
3,0,1200,614,5.1781238233566285
3,0,1200,615,5.117712990013758
3,0,1200,616,5.0439086351394655
3,0,1200,617,5.009035295502345
3,0,1200,618,5.014810826873779
3,0,1200,619,5.001290207417806
3,0,1200,620,5.044976565027237
3,0,1200,621,5.101062086963654
3,0,1200,622,5.15899885020256
3,0,1200,623,5.3155034453392025
3,0,1200,624,5.316873636182149
3,0,1200,625,5.483084573554993
3,0,1200,626,5.576271803379059
3,0,1200,627,5.63969681708018
3,0,1200,628,5.766713919766744
3,0,1200,629,5.829448844273885
3,0,1200,630,5.846575937080384
3,0,1200,631,5.899308847999572
3,0,1200,632,5.891528824806214
3,0,1200,633,5.983536776208878
3,0,1200,634,6.116207183043162
3,0,1200,635,6.032163923199971
3,0,1200,636,6.173564669291179
3,0,1200,637,6.217827917289734
3,0,1200,638,6.269286034011841
3,0,1200,639,6.205793428166707
3,0,1200,640,6.201216219965617
3,0,1200,641,6.151726360352834
3,0,1200,642,6.149392871411641
3,0,1200,643,6.180227405802409
3,0,1200,644,6.1117485876083375
3,0,1200,645,6.053240738964081
3,0,1200,646,6.047331213378906
3,0,1200,647,6.373109551620483
3,0,1200,648,6.719297527503968
3,0,1200,649,7.1203315130869544
3,0,1200,650,7.036130789438883
3,0,1200,651,6.534592490386963
3,0,1200,652,6.474783043670654
3,0,1200,653,6.2148709383646645
3,0,1200,654,6.148478428777059
3,0,1200,655,6.120737487538656
3,0,1200,656,5.949020845985412
3,0,1200,657,5.738977296574911
3,0,1200,658,5.498586181036631
3,0,1200,659,5.309541000334422
3,0,1200,660,5.178896977106731
3,0,1200,661,5.190387083816528
3,0,1200,662,5.223815633678436
3,0,1200,663,5.276567777411143
3,0,1200,664,5.344594899686178
3,0,1200,665,5.382282930628459
3,0,1200,666,5.37298673637708
3,0,1200,667,5.292637589995066
3,0,1200,668,5.316731110541026
3,0,1200,669,5.25400330880483
3,0,1200,670,5.319396790329615
3,0,1200,671,5.313726457436879
3,0,1200,672,5.368943806902568
3,0,1200,673,5.452193757152557
3,0,1200,674,5.494293434429169
3,0,1200,675,5.648127536074321
3,0,1200,676,5.701740617116292
3,0,1200,677,5.72754513909022
3,0,1200,678,5.773030349254608
3,0,1200,679,5.900960878435771
3,0,1200,680,6.003055591138204
3,0,1200,681,6.044611509641012
3,0,1200,682,6.080930777422587
3,0,1200,683,6.14765375436147
3,0,1200,684,6.216158559036255
3,0,1200,685,6.273275248209635
3,0,1200,686,6.294074794324239
3,0,1200,687,6.320854480107625
3,0,1200,688,6.299787707773844
3,0,1200,689,6.265812077267965
3,0,1200,690,6.166341642443339
3,0,1200,691,6.207932946364084
3,0,1200,692,6.261709786923727
3,0,1200,693,6.274649705982208
3,0,1200,694,6.094710872014364
3,0,1200,695,6.094539830970764
3,0,1200,696,6.25838602027893
3,0,1200,697,6.562887675094604
3,0,1200,698,6.941993389701843
3,0,1200,699,7.315505806986491
3,0,1200,700,7.193276461664835
3,0,1200,701,6.6277485651334125
3,0,1200,702,6.548987795448303
3,0,1200,703,6.345915351613363
3,0,1200,704,6.3227660179138185
3,0,1200,705,6.1281887685775756
3,0,1200,706,5.948945120366415
3,0,1200,707,5.70841298418045
3,0,1200,708,5.426271130863825
3,0,1200,709,5.286565375582377
3,0,1200,710,5.338127870337169
3,0,1200,711,5.302434819714228
3,0,1200,712,5.295464464410146
3,0,1200,713,5.465636756269137
3,0,1200,714,5.481001263904571
3,0,1200,715,5.547451878706614
3,0,1200,716,5.536444838047028
3,0,1200,717,5.480474086872737
3,0,1200,718,5.473697945435842
3,0,1200,719,5.465572472302119
3,0,1200,720,5.489217565472921
3,0,1200,721,5.548054137547811
3,0,1200,722,5.678128977934519
3,0,1200,723,5.679396171633402
3,0,1200,724,5.810397312577566
3,0,1200,725,5.907324866040548
3,0,1200,726,5.95308113044103
3,0,1200,727,6.130239149983724
3,0,1200,728,6.060322786712646
3,0,1200,729,6.103680375734965
3,0,1200,730,6.158343377876282
3,0,1200,731,6.233839691988627
3,0,1200,732,6.231086525599162
3,0,1200,733,6.257710152435303
3,0,1200,734,6.265476513115565
3,0,1200,735,6.333535476843516
3,0,1200,736,6.362474138005575
3,0,1200,737,6.364923155466715
3,0,1200,738,6.343441421254476
3,0,1200,739,6.346134218088785
3,0,1200,740,6.299164235687256
3,0,1200,741,6.265531637318929
3,0,1200,742,6.25237747370402
3,0,1200,743,6.232341580327352
3,0,1200,744,6.191352791150411
3,0,1200,745,6.176157426770528
3,0,1200,746,6.275718669509888
3,0,1200,747,6.59074021657308
3,0,1200,748,6.970291432380677
3,0,1200,749,7.435486575190226
3,0,1200,750,7.112372224553426
3,0,1200,751,6.822807540384928
3,0,1200,752,6.593130192756653
3,0,1200,753,6.408438135464986
3,0,1200,754,6.258851377487183
3,0,1200,755,6.167418690109253
3,0,1200,756,5.907888874308268
3,0,1200,757,5.610645921770732
3,0,1200,758,5.323507901350657
3,0,1200,759,5.219890366109213
3,0,1200,760,5.232134107383092
3,0,1200,761,5.213643254073461
3,0,1200,762,5.285075917339325
3,0,1200,763,5.44285183989207
3,0,1200,764,5.551621448103587
3,0,1200,765,5.6521737043380735
3,0,1200,766,5.753482296435038
3,0,1200,767,5.709296420828501
3,0,1200,768,5.698584672768911
3,0,1200,769,5.665842812951406
3,0,1200,770,5.739284514745076
3,0,1200,771,5.790503635787964
3,0,1200,772,5.762272790670395
3,0,1200,773,5.95455015613238
3,0,1200,774,6.020663094774882
3,0,1200,775,6.0334517183939615
3,0,1200,776,6.1471721539815265
3,0,1200,777,6.196446560796102
3,0,1200,778,6.294009931405386
3,0,1200,779,6.311651255226136
3,0,1200,780,6.352724912325542
3,0,1200,781,6.495104861831665
3,0,1200,782,6.368784726524353
3,0,1200,783,6.333831825892131
3,0,1200,784,6.336996540896098
3,0,1200,785,6.331276943016052
3,0,1200,786,6.307946657498678
3,0,1200,787,6.333906236966451
3,0,1200,788,6.30018410282135
3,0,1200,789,6.169584505780538
3,0,1200,790,6.140385804144541
3,0,1200,791,6.046743230056762
3,0,1200,792,6.0311100980758665
3,0,1200,793,6.140713036219279
3,0,1200,794,6.155730184936523
3,0,1200,795,6.190987586688995
3,0,1200,796,6.2860327749888105
3,0,1200,797,6.59495201104482
3,0,1200,798,7.097770834859213
3,0,1200,799,7.440303057479858
3,0,1200,800,7.174903448104859
3,0,1200,801,7.04514920609792
3,0,1200,802,6.855884946600596
3,0,1200,803,6.702757069905599
3,0,1200,804,6.547973740450542
3,0,1200,805,6.422821818351745
3,0,1200,806,6.232744113095602
3,0,1200,807,5.901943544483185
3,0,1200,808,5.632905671977997
3,0,1200,809,5.454616284720103
3,0,1200,810,5.426074057706197
3,0,1200,811,5.392730362590154
3,0,1200,812,5.5100063219706215
3,0,1200,813,5.552356606928507
3,0,1200,814,5.74937066921393
3,0,1200,815,5.825360489638647
3,0,1200,816,5.900401429716746
3,0,1200,817,5.885996042124431
3,0,1200,818,5.867802583344777
3,0,1200,819,5.930478479480743
3,0,1200,820,5.941718674405416
3,0,1200,821,6.034031750520071
3,0,1200,822,6.126874410629273
3,0,1200,823,6.187523623275757
3,0,1200,824,6.288164491049448
3,0,1200,825,6.356515024312337
3,0,1200,826,6.401430307070414
3,0,1200,827,6.52895217534701
3,0,1200,828,6.513239861488342
3,0,1200,829,6.504868901443482
3,0,1200,830,6.587329920578003
3,0,1200,831,6.4900666539510095
3,0,1200,832,6.601390937296549
3,0,1200,833,6.596988563156128
3,0,1200,834,6.589010467847189
3,0,1200,835,6.569911861292521
3,0,1200,836,6.601756091372172
3,0,1200,837,6.499279913838705
3,0,1200,838,6.373009527015686
3,0,1200,839,6.24979157371521
3,0,1200,840,6.132366486326854
3,0,1200,841,6.109469295597076
3,0,1200,842,6.158155366961162
3,0,1200,843,6.243931208229065
3,0,1200,844,6.204159885851542
3,0,1200,845,6.355231217161815
3,0,1200,846,6.584870068359375
3,0,1200,847,6.9277860500335695
3,0,1200,848,7.312708140691122
3,0,1200,849,7.6356209297180175
3,0,1200,850,7.242684890238444
3,0,1200,851,7.362853595352173
3,0,1200,852,7.243931104278564
3,0,1200,853,6.9139497835795085
3,0,1200,854,6.660718543116252
3,0,1200,855,6.584630695088705
3,0,1200,856,6.437048086357117
3,0,1200,857,6.206639656448364
3,0,1200,858,5.9596494337558745
3,0,1200,859,5.755028295707703
3,0,1200,860,5.715523133500417
3,0,1200,861,5.70514613682429
3,0,1200,862,5.750104800224304
3,0,1200,863,5.8969691395441695
3,0,1200,864,5.863520228640239
3,0,1200,865,5.9762820124308265
3,0,1200,866,6.08062115243276
3,0,1200,867,6.195959145863851
3,0,1200,868,6.243404179382324
3,0,1200,869,6.293043492889404
3,0,1200,870,6.279028859965006
3,0,1200,871,6.351864167912801
3,0,1200,872,6.447082512791951
3,0,1200,873,6.541554123242696
3,0,1200,874,6.666546684201559
3,0,1200,875,6.686824539120992
3,0,1200,876,6.684294071515401
3,0,1200,877,6.791563022740682
3,0,1200,878,6.784692285728455
3,0,1200,879,6.85370295715332
3,0,1200,880,6.838625723139445
3,0,1200,881,6.863652123387655
3,0,1200,882,6.8282971195220945
3,0,1200,883,6.841941493733724
3,0,1200,884,6.77871860815684
3,0,1200,885,6.807576386260986
3,0,1200,886,6.760686438751221
3,0,1200,887,6.7008731709798175
3,0,1200,888,6.543833948961893
3,0,1200,889,6.512767900212606
3,0,1200,890,6.427075312105814
3,0,1200,891,6.245851312685013
3,0,1200,892,6.29630254650116
3,0,1200,893,6.53300876121521
3,0,1200,894,6.54396896533966
3,0,1200,895,6.567932410812378
3,0,1200,896,6.758589531294505
3,0,1200,897,7.021020308621725
3,0,1200,898,7.261140642166137
3,0,1200,899,7.639086475626628
3,0,1200,900,7.5679774091084795
3,0,1200,901,7.521859230677287
3,0,1200,902,7.510367976125082
3,0,1200,903,7.1410408066431685
3,0,1200,904,6.865270543289185
3,0,1200,905,6.674709501012166
3,0,1200,906,6.610607686042786
3,0,1200,907,6.443696181678772
3,0,1200,908,6.146154306348165
3,0,1200,909,5.978616900444031
3,0,1200,910,5.997831236521403
3,0,1200,911,5.887270526917775
3,0,1200,912,5.971191091982524
3,0,1200,913,6.01811319732666
3,0,1200,914,6.126397007052104
3,0,1200,915,6.280538881238302
3,0,1200,916,6.388088903872172
3,0,1200,917,6.348861556275685
3,0,1200,918,6.46688476339976
3,0,1200,919,6.518550055821737
3,0,1200,920,6.50114257291158
3,0,1200,921,6.595400334707896
3,0,1200,922,6.682526923688253
3,0,1200,923,6.74209310836792
3,0,1200,924,6.857841783968608
3,0,1200,925,6.907257806015014
3,0,1200,926,6.926086693572998
3,0,1200,927,6.92217135403951
3,0,1200,928,6.922749342600505
3,0,1200,929,7.019909346580506
3,0,1200,930,7.05656311340332
3,0,1200,931,7.0486386850992835
3,0,1200,932,6.954069068908692
3,0,1200,933,7.017165696334839
3,0,1200,934,6.965938406626384
3,0,1200,935,6.945381577936808
3,0,1200,936,6.867138420995077
3,0,1200,937,6.755605419095358
3,0,1200,938,6.67184207127889
3,0,1200,939,6.613099514897664
3,0,1200,940,6.548671040980021
3,0,1200,941,6.436666449737549
3,0,1200,942,6.574740145142873
3,0,1200,943,6.6742159392674765
3,0,1200,944,6.786712170155843
3,0,1200,945,6.762670765749613
3,0,1200,946,6.909676820309957
3,0,1200,947,7.101983287302653
3,0,1200,948,7.392361019007365
3,0,1200,949,7.673662202707926
3,0,1200,950,7.691285708999634
3,0,1200,951,7.729329345067342
3,0,1200,952,7.619434267807007
3,0,1200,953,7.2827475549062095
3,0,1200,954,6.942125775845845
3,0,1200,955,6.802289816856384
3,0,1200,956,6.689049704488118
3,0,1200,957,6.581713919130961
3,0,1200,958,6.420025718752544
3,0,1200,959,6.273503546714783
3,0,1200,960,6.247423288790385
3,0,1200,961,6.197109158611298
3,0,1200,962,6.268940271822611
3,0,1200,963,6.326297576204936
3,0,1200,964,6.514605921681722
3,0,1200,965,6.514976076062521
3,0,1200,966,6.6040335454940795
3,0,1200,967,6.669774606704712
3,0,1200,968,6.6652808891296385
3,0,1200,969,6.676149311765035
3,0,1200,970,6.740270708465576
3,0,1200,971,6.825968439356486
3,0,1200,972,6.864419046783447
3,0,1200,973,7.042352860641479
3,0,1200,974,7.055923328145345
3,0,1200,975,7.118691435368856
3,0,1200,976,7.1365694811503095
3,0,1200,977,7.193057923634847
3,0,1200,978,7.160703888066609
3,0,1200,979,7.160173984909058
3,0,1200,980,7.202786716079712
3,0,1200,981,7.207501451873779
3,0,1200,982,7.185785700734456
3,0,1200,983,7.1864595720926925
3,0,1200,984,7.102463621266683
3,0,1200,985,7.080971581904094
3,0,1200,986,6.983531462605794
3,0,1200,987,6.919572853597005
3,0,1200,988,6.80232314860026
3,0,1200,989,6.7429712348937985
3,0,1200,990,6.650985914548238
3,0,1200,991,6.6726312198638915
3,0,1200,992,6.6630833592732746
3,0,1200,993,6.839426419576009
3,0,1200,994,7.0042996401468915
3,0,1200,995,7.00411338113149
3,0,1200,996,6.993819409306844
3,0,1200,997,7.148000488917033
3,0,1200,998,7.351950040562947
3,0,1200,999,7.608663129425048
3,0,1200,1000,7.850348329035441
3,0,1200,1001,7.769819966506958
3,0,1200,1002,7.675421288935343
3,0,1200,1003,7.323789148457845
3,0,1200,1004,7.029883077367147
3,0,1200,1005,6.89097535349528
3,0,1200,1006,6.933519384892781
3,0,1200,1007,6.784530440394084
3,0,1200,1008,6.694043555196126
3,0,1200,1009,6.450725624910991
3,0,1200,1010,6.389520360946655
3,0,1200,1011,6.416095734151204
3,0,1200,1012,6.4481015293757125
3,0,1200,1013,6.5639868265151975
3,0,1200,1014,6.755253775342306
3,0,1200,1015,6.738085505739848
3,0,1200,1016,6.866399170049031
3,0,1200,1017,6.862425986146927
3,0,1200,1018,6.933464442952474
3,0,1200,1019,6.908480115890503
3,0,1200,1020,6.934943445587158
3,0,1200,1021,7.003705242220561
3,0,1200,1022,7.116892166392009
3,0,1200,1023,7.2297726833343505
3,0,1200,1024,7.260502533976237
3,0,1200,1025,7.243061955006917
3,0,1200,1026,7.265553487904866
3,0,1200,1027,7.2647624079386395
3,0,1200,1028,7.311078505198161
3,0,1200,1029,7.28822469291687
3,0,1200,1030,7.255897565078735
3,0,1200,1031,7.351016151682535
3,0,1200,1032,7.3205793481191
3,0,1200,1033,7.320841451517741
3,0,1200,1034,7.256952426656087
3,0,1200,1035,7.201541204706828
3,0,1200,1036,7.105923772303264
3,0,1200,1037,7.06794307607015
3,0,1200,1038,6.979584123357137
3,0,1200,1039,6.882584514363606
3,0,1200,1040,6.853461664009094
3,0,1200,1041,6.692621411641439
3,0,1200,1042,6.821000944328308
3,0,1200,1043,6.990995306905111
3,0,1200,1044,7.1910439826965336
3,0,1200,1045,7.193860622342427
3,0,1200,1046,7.193455079015096
3,0,1200,1047,7.288848322296142
3,0,1200,1048,7.515991710281372
3,0,1200,1049,7.773903783543904
3,0,1200,1050,8.002907658513386
3,0,1200,1051,7.885291908518473
3,0,1200,1052,7.726353503290812
3,0,1200,1053,7.409575692494711
3,0,1200,1054,7.221283791605631
3,0,1200,1055,7.095328907775879
3,0,1200,1056,7.055093736648559
3,0,1200,1057,6.977293748601277
3,0,1200,1058,6.890491904449463
3,0,1200,1059,6.798985810724894
3,0,1200,1060,6.684443806266785
3,0,1200,1061,6.735765434837341
3,0,1200,1062,6.74833503742218
3,0,1200,1063,6.766968223985036
3,0,1200,1064,6.904394048309326
3,0,1200,1065,6.9484981908162435
3,0,1200,1066,6.999451243654887
3,0,1200,1067,6.931884758758545
3,0,1200,1068,7.020239857419332
3,0,1200,1069,7.017241585159302
3,0,1200,1070,7.058797456614176
3,0,1200,1071,7.164626939964294
3,0,1200,1072,7.189282052230835
3,0,1200,1073,7.268971292813619
3,0,1200,1074,7.322406686274211
3,0,1200,1075,7.401398672612508
3,0,1200,1076,7.359918770345052
3,0,1200,1077,7.413733767064413
3,0,1200,1078,7.4391616449356075
3,0,1200,1079,7.452577356211345
3,0,1200,1080,7.457321970367432
3,0,1200,1081,7.459204646301269
3,0,1200,1082,7.475569688351949
3,0,1200,1083,7.49597886428833
3,0,1200,1084,7.356529714584351
3,0,1200,1085,7.33475511080424
3,0,1200,1086,7.234447941335042
3,0,1200,1087,7.143492192840577
3,0,1200,1088,7.048472127278646
3,0,1200,1089,7.000061997477213
3,0,1200,1090,7.038204453086853
3,0,1200,1091,6.899709042231242
3,0,1200,1092,7.079614759190878
3,0,1200,1093,7.197366571680705
3,0,1200,1094,7.4120368447621665
3,0,1200,1095,7.405263018417358
3,0,1200,1096,7.428282596969605
3,0,1200,1097,7.462275521977743
3,0,1200,1098,7.630219748433431
3,0,1200,1099,7.7537008576711015
3,0,1200,1100,8.046066625976563
3,0,1200,1101,7.9746547791798905
3,0,1200,1102,7.761653518803914
3,0,1200,1103,7.622579585520427
3,0,1200,1104,7.4934404168446855
3,0,1200,1105,7.4195586162567135
3,0,1200,1106,7.34175805015564
3,0,1200,1107,7.386790131378174
3,0,1200,1108,7.382012059656779
3,0,1200,1109,7.390183266703287
3,0,1200,1110,7.427908246866862
3,0,1200,1111,7.438618394470215
3,0,1200,1112,7.40847355893453
3,0,1200,1113,7.302050967025757
3,0,1200,1114,7.24378769900004
3,0,1200,1115,7.191188050778707
3,0,1200,1116,7.324950525093079
3,0,1200,1117,7.314479909261068
3,0,1200,1118,7.380343970108032
3,0,1200,1119,7.449729448254903
3,0,1200,1120,7.455045446014404
3,0,1200,1121,7.54718095296224
3,0,1200,1122,7.555330109278361
3,0,1200,1123,7.499661873753865
3,0,1200,1124,7.499090424601237
3,0,1200,1125,7.490221988932292
3,0,1200,1126,7.51201409479777
3,0,1200,1127,7.5504086942036945
3,0,1200,1128,7.676789949544271
3,0,1200,1129,7.680646214675903
3,0,1200,1130,7.694208198928833
3,0,1200,1131,7.705219111506144
3,0,1200,1132,7.72590331548055
3,0,1200,1133,7.685826879374186
3,0,1200,1134,7.705811042658488
3,0,1200,1135,7.614884657414755
3,0,1200,1136,7.519263074747721
3,0,1200,1137,7.547976946512858
3,0,1200,1138,7.484446115366618
3,0,1200,1139,7.57296348063151
3,0,1200,1140,7.508038630549113
3,0,1200,1141,7.5696853745778405
3,0,1200,1142,7.641899304072062
3,0,1200,1143,7.686807945632935
3,0,1200,1144,7.752949490610758
3,0,1200,1145,7.80909425315857
3,0,1200,1146,7.855937597401937
3,0,1200,1147,7.894054554748535
3,0,1200,1148,7.890279939015707
3,0,1200,1149,7.951952398300171
3,0,1200,1150,8.051085584513347
3,0,1200,1151,8.018667150878906
3,0,1200,1152,7.943602280298869
3,0,1200,1153,7.848027891159058
3,0,1200,1154,7.827561507288615
3,0,1200,1155,7.7210446495056155
3,0,1200,1156,7.647584936523438
3,0,1200,1157,7.590160067367553
3,0,1200,1158,7.633292624791463
3,0,1200,1159,7.6378361646016435
3,0,1200,1160,7.652173956680298
3,0,1200,1161,7.651358044687907
3,0,1200,1162,7.64517717405955
3,0,1200,1163,7.601270338058471
3,0,1200,1164,7.640011040878296
3,0,1200,1165,7.615977853139242
3,0,1200,1166,7.697501387023926
3,0,1200,1167,7.7226226599375405
3,0,1200,1168,7.779471302922567
3,0,1200,1169,7.876041230901082
3,0,1200,1170,7.9161306022644045
3,0,1200,1171,7.892730202992757
3,0,1200,1172,7.799843404897054
3,0,1200,1173,7.601681134414672
3,0,1200,1174,7.374801235580445
3,0,1200,1175,7.2873785123825074
3,0,1200,1176,7.183731009419759
3,0,1200,1177,7.272534249941508
3,0,1200,1178,7.272278188196818
3,0,1200,1179,7.398603066889445
3,0,1200,1180,7.660523869450887
3,0,1200,1181,7.809144003804525
3,0,1200,1182,7.881381916046142
3,0,1200,1183,7.97512582842509
3,0,1200,1184,7.886533340581258
3,0,1200,1185,7.780382560602824
3,0,1200,1186,7.750747549057007
3,0,1200,1187,7.6269599714914955
3,0,1200,1188,7.637120848719279
3,0,1200,1189,7.6141723466237385
3,0,1200,1190,7.664277171961467
3,0,1200,1191,7.736550665664673
3,0,1200,1192,7.772378302510579
3,0,1200,1193,7.8092580457051595
3,0,1200,1194,7.8753972920735675
3,0,1200,1195,7.946678852971395
3,0,1200,1196,8.033205707168579
3,0,1200,1197,8.097630637995403
3,0,1200,1198,8.117012303161621
3,0,1200,1199,8.191771992492676
3,0,1200,1200,7.829857004419963
3,0,1200,1201,7.850791665649414
3,0,1200,1202,7.861399994786581
3,0,1200,1203,7.885622744878133
3,0,1200,1204,7.851372679583232
3,0,1200,1205,7.897729117838542
3,0,1200,1206,7.930775169245402
3,0,1200,1207,7.913603117243449
3,0,1200,1208,7.960212714004516
3,0,1200,1209,7.905920050684611
3,0,1200,1210,7.888294285329183
3,0,1200,1211,7.905776004282633
3,0,1200,1212,7.890998646418254
3,0,1200,1213,7.941799858347575
3,0,1200,1214,7.8358024388631184
3,0,1200,1215,7.752017649078369
3,0,1200,1216,7.656968937428792
3,0,1200,1217,7.5841978150685625
3,0,1200,1218,7.5453118214289345
3,0,1200,1219,7.443885081100464
3,0,1200,1220,7.338474740982056
3,0,1200,1221,7.281787736670176
3,0,1200,1222,7.218837062835694
3,0,1200,1223,7.170468811925252
3,0,1200,1224,7.0557629629770915
3,0,1200,1225,7.0913847628275555
3,0,1200,1226,7.152861438751221
3,0,1200,1227,7.311116883214315
3,0,1200,1228,7.273414344278971
3,0,1200,1229,7.403627712758382
3,0,1200,1230,7.489500601704916
3,0,1200,1231,7.499993359629313
3,0,1200,1232,7.648858242670695
3,0,1200,1233,7.783268509801228
3,0,1200,1234,7.8575505429585775
3,0,1200,1235,7.900077113215128
3,0,1200,1236,7.9065603907267255
3,0,1200,1237,7.896517756652832
3,0,1200,1238,7.973400450642903
3,0,1200,1239,7.961444504801432
3,0,1200,1240,7.924604135386149
3,0,1200,1241,7.965145399983724
3,0,1200,1242,7.946163904444377
3,0,1200,1243,7.991371643193562
3,0,1200,1244,8.013449012883504
3,0,1200,1245,8.028601768747965
3,0,1200,1246,8.017066330591838
3,0,1200,1247,8.045277621332804
3,0,1200,1248,8.005046737289428
3,0,1200,1249,8.040132537587484
3,0,1201,0,4.7903712231477105
3,0,1201,1,4.713789878082276
3,0,1201,2,4.74811237517198
3,0,1201,3,4.754350857257843
3,0,1201,4,4.685095725202561
3,0,1201,5,4.6972113715489705
3,0,1201,6,4.656194075425466
3,0,1201,7,4.642758108218511
3,0,1201,8,4.615793390226364
3,0,1201,9,4.601775258715947
3,0,1201,10,4.599768276135126
3,0,1201,11,4.590150437180201
3,0,1201,12,4.563404595724742
3,0,1201,13,4.569432406187057
3,0,1201,14,4.557425597985586
3,0,1201,15,4.554071054204305
3,0,1201,16,4.574721194314956
3,0,1201,17,4.595495368003845
3,0,1201,18,4.620790278609594
3,0,1201,19,4.594152521705627
3,0,1201,20,4.603878284613291
3,0,1201,21,4.629981857315699
3,0,1201,22,4.671816348950069
3,0,1201,23,4.666339214324951
3,0,1201,24,4.669530207490921
3,0,1201,25,4.720522776047389
3,0,1201,26,4.713627831427257
3,0,1201,27,4.745217017364502
3,0,1201,28,4.804255484437943
3,0,1201,29,4.76913880742391
3,0,1201,30,4.8037517663955684
3,0,1201,31,4.809825228563945
3,0,1201,32,4.9094888950546585
3,0,1201,33,4.882463176107406
3,0,1201,34,4.883756697893142
3,0,1201,35,4.908281605148315
3,0,1201,36,4.913609468523661
3,0,1201,37,4.962899782911936
3,0,1201,38,4.97677645491759
3,0,1201,39,5.002432525348663
3,0,1201,40,5.04057952187856
3,0,1201,41,5.0513489693959555
3,0,1201,42,5.05134070742925
3,0,1201,43,5.080165913105011
3,0,1201,44,5.0562685204029085
3,0,1201,45,5.098540865500768
3,0,1201,46,5.074596313269933
3,0,1201,47,5.052404180812836
3,0,1201,48,5.049753637282054
3,0,1201,49,5.020354188315074
3,0,1201,50,4.901480303700765
3,0,1201,51,4.8270053484439845
3,0,1201,52,4.741525652074814
3,0,1201,53,4.678772558879852
3,0,1201,54,4.636197783056895
3,0,1201,55,4.617082160949707
3,0,1201,56,4.58409083978335
3,0,1201,57,4.548124156435331
3,0,1201,58,4.461748028596242
3,0,1201,59,4.430498741793633
3,0,1201,60,4.395381118901571
3,0,1201,61,4.362085497172673
3,0,1201,62,4.2880620503425595
3,0,1201,63,4.3356124512434
3,0,1201,64,4.281849782752991
3,0,1201,65,4.253050515556335
3,0,1201,66,4.299479047695796
3,0,1201,67,4.282109691866239
3,0,1201,68,4.369428448327382
3,0,1201,69,4.405594457530976
3,0,1201,70,4.441361474545797
3,0,1201,71,4.506424547719956
3,0,1201,72,4.500759468714397
3,0,1201,73,4.590480312681198
3,0,1201,74,4.628495384120941
3,0,1201,75,4.7601818762461345
3,0,1201,76,4.827498717244466
3,0,1201,77,4.951429925187429
3,0,1201,78,4.955113581355413
3,0,1201,79,5.041789888922374
3,0,1201,80,5.123514190737406
3,0,1201,81,5.212674840482076
3,0,1201,82,5.239200928529104
3,0,1201,83,5.316960775264104
3,0,1201,84,5.344544352213542
3,0,1201,85,5.341380678399404
3,0,1201,86,5.3334348183314
3,0,1201,87,5.372283188962936
3,0,1201,88,5.426200518290202
3,0,1201,89,5.470552410840988
3,0,1201,90,5.541486922105153
3,0,1201,91,5.538192171001434
3,0,1201,92,5.625532466189067
3,0,1201,93,5.6227538531382875
3,0,1201,94,5.601358008098602
3,0,1201,95,5.575574359679222
3,0,1201,96,5.606958028793335
3,0,1201,97,5.595555034796397
3,0,1201,98,5.551895680586497
3,0,1201,99,5.576521067921321
3,0,1201,100,5.12803892938296
3,0,1201,101,5.0580854335784915
3,0,1201,102,4.915208836428325
3,0,1201,103,4.842271587928137
3,0,1201,104,4.76589812523524
3,0,1201,105,4.612335838921865
3,0,1201,106,4.520771913496653
3,0,1201,107,4.482021187432607
3,0,1201,108,4.384194407447179
3,0,1201,109,4.335709165302912
3,0,1201,110,4.250929880142212
3,0,1201,111,4.212706511656443
3,0,1201,112,4.176250320164362
3,0,1201,113,4.127777705303828
3,0,1201,114,4.138889265783628
3,0,1201,115,4.1491056842803955
3,0,1201,116,4.139170931990941
3,0,1201,117,4.170935239028931
3,0,1201,118,4.180684766379992
3,0,1201,119,4.231068379537264
3,0,1201,120,4.296507760111491
3,0,1201,121,4.3114646210591
3,0,1201,122,4.493417976506551
3,0,1201,123,4.485645072650909
3,0,1201,124,4.636151488431294
3,0,1201,125,4.780322604958216
3,0,1201,126,4.881945439211528
3,0,1201,127,4.972679228115082
3,0,1201,128,5.114979128789901
3,0,1201,129,5.213347425158819
3,0,1201,130,5.287857914034525
3,0,1201,131,5.38890692354838
3,0,1201,132,5.475691858291626
3,0,1201,133,5.454259266853333
3,0,1201,134,5.554299595355988
3,0,1201,135,5.615706453259786
3,0,1201,136,5.645570281283061
3,0,1201,137,5.667777291456859
3,0,1201,138,5.662567559750875
3,0,1201,139,5.712469284788767
3,0,1201,140,5.699168609301249
3,0,1201,141,5.805454441515605
3,0,1201,142,5.93939893245697
3,0,1201,143,5.954317432975769
3,0,1201,144,5.933553059132894
3,0,1201,145,5.967974833329519
3,0,1201,146,5.908133694458008
3,0,1201,147,5.8912171387354535
3,0,1201,148,5.849407451629639
3,0,1201,149,5.908442265049617
3,0,1201,150,5.400139191436768
3,0,1201,151,5.204321164480845
3,0,1201,152,5.098886947949727
3,0,1201,153,4.988031941636404
3,0,1201,154,4.887498968712489
3,0,1201,155,4.69182210890452
3,0,1201,156,4.627026244958242
3,0,1201,157,4.5268201645692185
3,0,1201,158,4.42622131617864
3,0,1201,159,4.3104986997127535
3,0,1201,160,4.203003662745158
3,0,1201,161,4.16592500257492
3,0,1201,162,4.101205717555682
3,0,1201,163,4.090963988979658
3,0,1201,164,4.033644774524371
3,0,1201,165,4.038688936066627
3,0,1201,166,3.996107046643893
3,0,1201,167,4.056314386399587
3,0,1201,168,4.0676728008190794
3,0,1201,169,4.137138918574651
3,0,1201,170,4.183668167002995
3,0,1201,171,4.24443079867363
3,0,1201,172,4.333039465586344
3,0,1201,173,4.440116682044665
3,0,1201,174,4.5445276069959
3,0,1201,175,4.710131289259593
3,0,1201,176,4.863420081742604
3,0,1201,177,5.032163455915451
3,0,1201,178,5.1501303173383075
3,0,1201,179,5.286382883882522
3,0,1201,180,5.488017664623261
3,0,1201,181,5.626082459863027
3,0,1201,182,5.7344320192337035
3,0,1201,183,5.860496279430389
3,0,1201,184,5.950370526949564
3,0,1201,185,6.044016788291931
3,0,1201,186,6.077259856605529
3,0,1201,187,6.068173407649994
3,0,1201,188,6.097415743350982
3,0,1201,189,6.06641366297404
3,0,1201,190,6.07004313697815
3,0,1201,191,6.160704412587484
3,0,1201,192,6.276950729688009
3,0,1201,193,6.298088954416911
3,0,1201,194,6.319994977760315
3,0,1201,195,6.286667262903849
3,0,1201,196,6.245327553749084
3,0,1201,197,6.186024437014262
3,0,1201,198,6.210381803719203
3,0,1201,199,6.170480190149943
3,0,1201,200,5.481840248870849
3,0,1201,201,5.307971793429057
3,0,1201,202,5.147839482680957
3,0,1201,203,4.990625620301564
3,0,1201,204,4.830426044599215
3,0,1201,205,4.685711038176219
3,0,1201,206,4.581853435293834
3,0,1201,207,4.522285121027629
3,0,1201,208,4.412430781753858
3,0,1201,209,4.307682168912888
3,0,1201,210,4.152288884830475
3,0,1201,211,4.116109190877278
3,0,1201,212,4.025941640694936
3,0,1201,213,3.9580575691302617
3,0,1201,214,3.9474620931307474
3,0,1201,215,3.935766636912028
3,0,1201,216,3.992063729651769
3,0,1201,217,3.9868701875050863
3,0,1201,218,4.029234537728628
3,0,1201,219,4.090019371366501
3,0,1201,220,4.157749811585744
3,0,1201,221,4.242389837066333
3,0,1201,222,4.4416869957606
3,0,1201,223,4.406561537686984
3,0,1201,224,4.577486206833521
3,0,1201,225,4.679719459438324
3,0,1201,226,4.8658633461316425
3,0,1201,227,5.003712424182892
3,0,1201,228,5.08717898534139
3,0,1201,229,5.289012442350388
3,0,1201,230,5.390390923372904
3,0,1201,231,5.574526305262248
3,0,1201,232,5.73071557393074
3,0,1201,233,5.842191361618042
3,0,1201,234,5.938934357325236
3,0,1201,235,5.995072933419546
3,0,1201,236,6.110476098696391
3,0,1201,237,6.170480715370179
3,0,1201,238,6.178918537998199
3,0,1201,239,6.204280102984111
3,0,1201,240,6.185817835013071
3,0,1201,241,6.22595937760671
3,0,1201,242,6.335516757074992
3,0,1201,243,6.3749323128382365
3,0,1201,244,6.356756436157227
3,0,1201,245,6.339331433169047
3,0,1201,246,6.281450138791402
3,0,1201,247,6.285408048121134
3,0,1201,248,6.252703603490193
3,0,1201,249,6.2622524929682415
3,0,1201,250,5.548439970779419
3,0,1201,251,5.405568212842941
3,0,1201,252,5.102429686482747
3,0,1201,253,4.8511585683743155
3,0,1201,254,4.714689805157979
3,0,1201,255,4.581185549815496
3,0,1201,256,4.486934399096171
3,0,1201,257,4.408789718413353
3,0,1201,258,4.334169536240895
3,0,1201,259,4.202560643688837
3,0,1201,260,4.053586691466967
3,0,1201,261,3.979451238123576
3,0,1201,262,3.909342762374878
3,0,1201,263,3.9325475068569182
3,0,1201,264,3.9286457996368407
3,0,1201,265,3.869336014064153
3,0,1201,266,3.9252675902207694
3,0,1201,267,3.9490060427347817
3,0,1201,268,4.0034547640721
3,0,1201,269,4.065718633333842
3,0,1201,270,4.09661202100118
3,0,1201,271,4.172860116791725
3,0,1201,272,4.318896781094869
3,0,1201,273,4.42734815085729
3,0,1201,274,4.535369674825668
3,0,1201,275,4.61158054172198
3,0,1201,276,4.776381779623032
3,0,1201,277,4.928928531678518
3,0,1201,278,5.055707479222615
3,0,1201,279,5.212706101067861
3,0,1201,280,5.302620646508535
3,0,1201,281,5.5058967036247255
3,0,1201,282,5.687392430639267
3,0,1201,283,5.797854182656606
3,0,1201,284,5.914433266576131
3,0,1201,285,5.991465984185536
3,0,1201,286,6.058645065752665
3,0,1201,287,6.140813700040182
3,0,1201,288,6.19104062312444
3,0,1201,289,6.194489617856344
3,0,1201,290,6.172192818705241
3,0,1201,291,6.260812859408061
3,0,1201,292,6.391046257654826
3,0,1201,293,6.412485507965088
3,0,1201,294,6.4482344727834064
3,0,1201,295,6.387407058652242
3,0,1201,296,6.2547541113853455
3,0,1201,297,6.213640166155497
3,0,1201,298,6.147133595720927
3,0,1201,299,6.133340384292603
3,0,1201,300,5.788906400553385
3,0,1201,301,5.61967346666654
3,0,1201,302,5.344806310240427
3,0,1201,303,5.07769069817861
3,0,1201,304,4.858502180838585
3,0,1201,305,4.740136165889104
3,0,1201,306,4.634714265036583
3,0,1201,307,4.51630320186615
3,0,1201,308,4.412508401854833
3,0,1201,309,4.249285766291618
3,0,1201,310,4.120893907245001
3,0,1201,311,4.040088682413101
3,0,1201,312,3.97412981988589
3,0,1201,313,3.95407713898023
3,0,1201,314,3.9287072092294695
3,0,1201,315,3.9810266411383948
3,0,1201,316,3.9875466191689175
3,0,1201,317,3.979252792652448
3,0,1201,318,4.061903158601125
3,0,1201,319,4.045621204455694
3,0,1201,320,4.124332121690115
3,0,1201,321,4.21878864736557
3,0,1201,322,4.286088865248362
3,0,1201,323,4.375743775868416
3,0,1201,324,4.531140773232778
3,0,1201,325,4.6580421911716465
3,0,1201,326,4.798588017733892
3,0,1201,327,4.953465027650197
3,0,1201,328,5.103984985415141
3,0,1201,329,5.2657251311302185
3,0,1201,330,5.4339561054547625
3,0,1201,331,5.544343801657359
3,0,1201,332,5.717091905848185
3,0,1201,333,5.801700039164225
3,0,1201,334,5.899158128738403
3,0,1201,335,6.01731899541219
3,0,1201,336,6.101719749641418
3,0,1201,337,6.214484332402547
3,0,1201,338,6.230188700612386
3,0,1201,339,6.176319486427307
3,0,1201,340,6.239651247469584
3,0,1201,341,6.299287923940023
3,0,1201,342,6.439932663472494
3,0,1201,343,6.476248476664225
3,0,1201,344,6.411120925235748
3,0,1201,345,6.28800224905014
3,0,1201,346,6.199955261357625
3,0,1201,347,6.201205916881562
3,0,1201,348,6.156654796155294
3,0,1201,349,6.191080073547363
3,0,1201,350,6.10821659412384
3,0,1201,351,5.886614817873637
3,0,1201,352,5.511666387176514
3,0,1201,353,5.194840102481842
3,0,1201,354,4.962689340019226
3,0,1201,355,4.880977969821294
3,0,1201,356,4.903715086825689
3,0,1201,357,4.752047719971339
3,0,1201,358,4.567239824088414
3,0,1201,359,4.451114158455531
3,0,1201,360,4.298697522179285
3,0,1201,361,4.17375448791186
3,0,1201,362,4.0588426078637445
3,0,1201,363,4.01722175699075
3,0,1201,364,3.9673829327901204
3,0,1201,365,3.956099299963315
3,0,1201,366,3.9957474858442943
3,0,1201,367,4.0015902580658596
3,0,1201,368,4.130204430675507
3,0,1201,369,4.154752749713262
3,0,1201,370,4.218642514387766
3,0,1201,371,4.255763450860977
3,0,1201,372,4.326065003824234
3,0,1201,373,4.426502088149388
3,0,1201,374,4.55160633041064
3,0,1201,375,4.679507132307688
3,0,1201,376,4.811526839049657
3,0,1201,377,4.896200283797582
3,0,1201,378,5.0930847476482395
3,0,1201,379,5.175155755678813
3,0,1201,380,5.341278435293834
3,0,1201,381,5.37820945057869
3,0,1201,382,5.564097501627604
3,0,1201,383,5.7276208152135215
3,0,1201,384,5.869557440471649
3,0,1201,385,5.943952052434286
3,0,1201,386,6.051383417065939
3,0,1201,387,6.177737220891316
3,0,1201,388,6.190458397038777
3,0,1201,389,6.193888884544372
3,0,1201,390,6.19451413491567
3,0,1201,391,6.271833896573384
3,0,1201,392,6.384541723759969
3,0,1201,393,6.312562631734212
3,0,1201,394,6.4215697495778405
3,0,1201,395,6.233501877307892
3,0,1201,396,6.136382852427165
3,0,1201,397,6.079835513305664
3,0,1201,398,6.095259704907735
3,0,1201,399,6.2680657169342044
3,0,1201,400,6.21855455678304
3,0,1201,401,6.069612051518758
3,0,1201,402,5.655130237086614
3,0,1201,403,5.411249098316828
3,0,1201,404,5.20691581401825
3,0,1201,405,5.095786482429505
3,0,1201,406,5.075997075303396
3,0,1201,407,4.975252648448944
3,0,1201,408,4.80256338561376
3,0,1201,409,4.584114505990346
3,0,1201,410,4.473678331311544
3,0,1201,411,4.345897039326032
3,0,1201,412,4.251873149681091
3,0,1201,413,4.1796764608224235
3,0,1201,414,4.0839326895395915
3,0,1201,415,4.089051431973775
3,0,1201,416,4.089288791084289
3,0,1201,417,4.103530333280563
3,0,1201,418,4.135221568059921
3,0,1201,419,4.177465672421455
3,0,1201,420,4.20392784746488
3,0,1201,421,4.296691740481059
3,0,1201,422,4.308918172279994
3,0,1201,423,4.438071027819316
3,0,1201,424,4.508783854691187
3,0,1201,425,4.682942345809937
3,0,1201,426,4.764394165770213
3,0,1201,427,4.872513665151596
3,0,1201,428,4.922600931771596
3,0,1201,429,5.0676268891652425
3,0,1201,430,5.187777445443471
3,0,1201,431,5.423137328497568
3,0,1201,432,5.5203191487312315
3,0,1201,433,5.70531512482961
3,0,1201,434,5.888295288721721
3,0,1201,435,6.001946470896403
3,0,1201,436,6.091316953468323
3,0,1201,437,6.189509736824036
3,0,1201,438,6.256408744176229
3,0,1201,439,6.184667586517334
3,0,1201,440,6.2640926569620765
3,0,1201,441,6.327917437108358
3,0,1201,442,6.375921208572388
3,0,1201,443,6.393716750907898
3,0,1201,444,6.3224421374003095
3,0,1201,445,6.171142557144165
3,0,1201,446,6.065629006958008
3,0,1201,447,6.074884011141459
3,0,1201,448,6.17293779595693
3,0,1201,449,6.376059193166097
3,0,1201,450,6.494509982681274
3,0,1201,451,6.29722778450648
3,0,1201,452,5.765096571477255
3,0,1201,453,5.408566812562943
3,0,1201,454,5.314937357902527
3,0,1201,455,5.311781218298276
3,0,1201,456,5.178767250529925
3,0,1201,457,5.113837329212824
3,0,1201,458,4.888463165251414
3,0,1201,459,4.783103749481837
3,0,1201,460,4.605749443419774
3,0,1201,461,4.55690949977239
3,0,1201,462,4.435388107442856
3,0,1201,463,4.401971173095703
3,0,1201,464,4.303316951497396
3,0,1201,465,4.304411058155695
3,0,1201,466,4.2794465626398726
3,0,1201,467,4.27792444079717
3,0,1201,468,4.329337477254867
3,0,1201,469,4.411366597620646
3,0,1201,470,4.42091785197258
3,0,1201,471,4.507777246681849
3,0,1201,472,4.583188976224264
3,0,1201,473,4.653028445688883
3,0,1201,474,4.780378726116816
3,0,1201,475,4.9075311396598815
3,0,1201,476,5.035925197474162
3,0,1201,477,5.071166923856735
3,0,1201,478,5.0927974007606505
3,0,1201,479,5.272374196974437
3,0,1201,480,5.386473507976532
3,0,1201,481,5.479068126042684
3,0,1201,482,5.577019152927399
3,0,1201,483,5.68852425924937
3,0,1201,484,5.8437721714019775
3,0,1201,485,5.88925541976293
3,0,1201,486,6.033043092981974
3,0,1201,487,6.08444151802063
3,0,1201,488,6.207276911481221
3,0,1201,489,6.218020147196452
3,0,1201,490,6.243358603175481
3,0,1201,491,6.2191515076319375
3,0,1201,492,6.282558015886942
3,0,1201,493,6.379422715314229
3,0,1201,494,6.323215156173706
3,0,1201,495,6.100829961967468
3,0,1201,496,6.031346406873067
3,0,1201,497,6.046062308247884
3,0,1201,498,6.213207451883952
3,0,1201,499,6.469031406529744
3,0,1201,500,6.657687533171972
3,0,1201,501,6.445159895515442
3,0,1201,502,5.921379394976298
3,0,1201,503,5.576346269289653
3,0,1201,504,5.457350909614563
3,0,1201,505,5.410124369716645
3,0,1201,506,5.274310518439611
3,0,1201,507,5.14193682773908
3,0,1201,508,5.069375455888112
3,0,1201,509,4.897866798082988
3,0,1201,510,4.754763511149089
3,0,1201,511,4.68278387055397
3,0,1201,512,4.590505517133077
3,0,1201,513,4.575895918083191
3,0,1201,514,4.549977479298909
3,0,1201,515,4.516456630897522
3,0,1201,516,4.511689600292842
3,0,1201,517,4.533512424794833
3,0,1201,518,4.558188046630224
3,0,1201,519,4.599082185602188
3,0,1201,520,4.6401968134562175
3,0,1201,521,4.701500641393661
3,0,1201,522,4.791554652627309
3,0,1201,523,4.912638808949788
3,0,1201,524,4.9774446247736615
3,0,1201,525,5.030525531927744
3,0,1201,526,5.075520196119944
3,0,1201,527,5.193401917203268
3,0,1201,528,5.255893380355835
3,0,1201,529,5.363697630532583
3,0,1201,530,5.4245129496892295
3,0,1201,531,5.492350723473231
3,0,1201,532,5.625267143726349
3,0,1201,533,5.717858907763163
3,0,1201,534,5.858631716473897
3,0,1201,535,5.992350627263387
3,0,1201,536,5.968705400911967
3,0,1201,537,6.063389520390828
3,0,1201,538,6.088910080718994
3,0,1201,539,6.127268773523967
3,0,1201,540,6.07921006749471
3,0,1201,541,6.124097648493449
3,0,1201,542,6.163361344782511
3,0,1201,543,6.155575767962138
3,0,1201,544,6.113962673823039
3,0,1201,545,5.959804109001159
3,0,1201,546,5.929752114550273
3,0,1201,547,6.060832575384776
3,0,1201,548,6.380584665552775
3,0,1201,549,6.676629824256897
3,0,1201,550,6.7730373129526775
3,0,1201,551,6.524845197931925
3,0,1201,552,6.118275702651342
3,0,1201,553,5.76557237517039
3,0,1201,554,5.7466019257863366
3,0,1201,555,5.700991869958242
3,0,1201,556,5.512968251514435
3,0,1201,557,5.348154912853241
3,0,1201,558,5.179981597948075
3,0,1201,559,4.959207766898473
3,0,1201,560,4.886854242515564
3,0,1201,561,4.924143145338694
3,0,1201,562,4.850355955521266
3,0,1201,563,4.779529031054179
3,0,1201,564,4.750690973043442
3,0,1201,565,4.5634097196896874
3,0,1201,566,4.644864457885424
3,0,1201,567,4.580941326745351
3,0,1201,568,4.630027890300751
3,0,1201,569,4.649861903381348
3,0,1201,570,4.719979166205724
3,0,1201,571,4.788743332020442
3,0,1201,572,4.840490259965261
3,0,1201,573,4.9346373551925025
3,0,1201,574,5.008092443609238
3,0,1201,575,5.167783714358012
3,0,1201,576,5.200356662019094
3,0,1201,577,5.291322157605489
3,0,1201,578,5.354322412109375
3,0,1201,579,5.411027753893534
3,0,1201,580,5.517349912134806
3,0,1201,581,5.615957732391357
3,0,1201,582,5.702024778048197
3,0,1201,583,5.778571912066142
3,0,1201,584,5.942314677810669
3,0,1201,585,5.981080534394582
3,0,1201,586,6.064258485221862
3,0,1201,587,6.182635511080424
3,0,1201,588,6.100927908325195
3,0,1201,589,6.180603518803914
3,0,1201,590,6.084317031892141
3,0,1201,591,6.075980978043874
3,0,1201,592,6.122594121742249
3,0,1201,593,6.1491166776657105
3,0,1201,594,5.993579405466716
3,0,1201,595,5.91676371752421
3,0,1201,596,5.971377318827312
3,0,1201,597,6.16622115796407
3,0,1201,598,6.613507484308879
3,0,1201,599,6.957579045995076
3,0,1201,600,6.852054265276591
3,0,1201,601,6.501382678476969
3,0,1201,602,6.314403403727214
3,0,1201,603,5.979468438021342
3,0,1201,604,5.953168663724264
3,0,1201,605,5.902010920651754
3,0,1201,606,5.77801002368927
3,0,1201,607,5.545092543856303
3,0,1201,608,5.296056286334991
3,0,1201,609,5.168902888075511
3,0,1201,610,5.04418256538709
3,0,1201,611,5.0267370377222695
3,0,1201,612,5.110840991338094
3,0,1201,613,5.122116948954265
3,0,1201,614,5.117282981348038
3,0,1201,615,5.056872332413992
3,0,1201,616,4.983068297147751
3,0,1201,617,4.948194690068563
3,0,1201,618,4.953969951883952
3,0,1201,619,4.94044911553065
3,0,1201,620,4.984135522270202
3,0,1201,621,5.04022102247874
3,0,1201,622,5.09815773862203
3,0,1201,623,5.2546622084458665
3,0,1201,624,5.256032445224126
3,0,1201,625,5.4222433478673295
3,0,1201,626,5.515430586624145
3,0,1201,627,5.578855829811096
3,0,1201,628,5.705873164685567
3,0,1201,629,5.768608087603251
3,0,1201,630,5.785735185813904
3,0,1201,631,5.838468177223206
3,0,1201,632,5.830688087018331
3,0,1201,633,5.922696195491155
3,0,1201,634,6.055366789944967
3,0,1201,635,5.97132368367513
3,0,1201,636,6.112724455451965
3,0,1201,637,6.156987735430399
3,0,1201,638,6.20844596862793
3,0,1201,639,6.144953678417206
3,0,1201,640,6.14037643140157
3,0,1201,641,6.090886694431305
3,0,1201,642,6.088553254572551
3,0,1201,643,6.119387821896871
3,0,1201,644,6.050909223810832
3,0,1201,645,5.992401511764526
3,0,1201,646,5.986491873359681
3,0,1201,647,6.312270189984639
3,0,1201,648,6.658458317693075
3,0,1201,649,7.059492069117228
3,0,1201,650,6.975292035166422
3,0,1201,651,6.473754019991556
3,0,1201,652,6.413944485410054
3,0,1201,653,6.1540320813496905
3,0,1201,654,6.087638762346903
3,0,1201,655,6.059897359848023
3,0,1201,656,5.888180558904012
3,0,1201,657,5.67813727649053
3,0,1201,658,5.437746531709036
3,0,1201,659,5.248700854078929
3,0,1201,660,5.118056905682882
3,0,1201,661,5.1295469774882
3,0,1201,662,5.162975259033839
3,0,1201,663,5.215727411731084
3,0,1201,664,5.283754378064473
3,0,1201,665,5.32144251168569
3,0,1201,666,5.312145855236054
3,0,1201,667,5.231796696996689
3,0,1201,668,5.255889722188313
3,0,1201,669,5.193161793804169
3,0,1201,670,5.2585550669988
3,0,1201,671,5.252884914366404
3,0,1201,672,5.308102469762166
3,0,1201,673,5.391352603880565
3,0,1201,674,5.433452269426982
3,0,1201,675,5.587286225064595
3,0,1201,676,5.640899421215058
3,0,1201,677,5.666704233551026
3,0,1201,678,5.712189573399226
3,0,1201,679,5.840120227781932
3,0,1201,680,5.942214780362447
3,0,1201,681,5.9837709272384645
3,0,1201,682,6.020090271441142
3,0,1201,683,6.086813595167796
3,0,1201,684,6.15531860130628
3,0,1201,685,6.212435342025757
3,0,1201,686,6.233234913094838
3,0,1201,687,6.26001484375
3,0,1201,688,6.238948367436727
3,0,1201,689,6.204972810904185
3,0,1201,690,6.105502571296692
3,0,1201,691,6.147094039344788
3,0,1201,692,6.200870723470052
3,0,1201,693,6.213810878054301
3,0,1201,694,6.03387232316335
3,0,1201,695,6.033701114845276
3,0,1201,696,6.197547406323751
3,0,1201,697,6.502049111684164
3,0,1201,698,6.881154694366455
3,0,1201,699,7.254667021942138
3,0,1201,700,7.132437524668376
3,0,1201,701,6.566909991137186
3,0,1201,702,6.488149282328288
3,0,1201,703,6.285076497999827
3,0,1201,704,6.261926132456462
3,0,1201,705,6.0673489133834835
3,0,1201,706,5.888105293210348
3,0,1201,707,5.6475737376928326
3,0,1201,708,5.36543221637408
3,0,1201,709,5.2257258652210234
3,0,1201,710,5.277288114563624
3,0,1201,711,5.241595341221491
3,0,1201,712,5.23462469719251
3,0,1201,713,5.404796560223898
3,0,1201,714,5.420161343765259
3,0,1201,715,5.486612157440185
3,0,1201,716,5.47560463253657
3,0,1201,717,5.419633572991689
3,0,1201,718,5.412857059892018
3,0,1201,719,5.404731376775106
3,0,1201,720,5.428376553297043
3,0,1201,721,5.487213236959775
3,0,1201,722,5.617287965043386
3,0,1201,723,5.618555305671692
3,0,1201,724,5.749556393051147
3,0,1201,725,5.846483912277222
3,0,1201,726,5.892240517807007
3,0,1201,727,6.069398891067505
3,0,1201,728,5.999482599957784
3,0,1201,729,6.042840261586507
3,0,1201,730,6.097503308232626
3,0,1201,731,6.172999774932861
3,0,1201,732,6.170246651395162
3,0,1201,733,6.196870546817779
3,0,1201,734,6.2046370005289715
3,0,1201,735,6.272695804786682
3,0,1201,736,6.301634613545736
3,0,1201,737,6.304083871523539
3,0,1201,738,6.282602099227906
3,0,1201,739,6.285294998804728
3,0,1201,740,6.238325337409973
3,0,1201,741,6.2046928343931835
3,0,1201,742,6.191538837432861
3,0,1201,743,6.1715028987248735
3,0,1201,744,6.130514234987895
3,0,1201,745,6.115319159507751
3,0,1201,746,6.2148804291407265
3,0,1201,747,6.529901878674825
3,0,1201,748,6.909453294118245
3,0,1201,749,7.374648269271851
3,0,1201,750,7.051533958880107
3,0,1201,751,6.761969869613647
3,0,1201,752,6.5322926191329955
3,0,1201,753,6.347599619928996
3,0,1201,754,6.198012170378367
3,0,1201,755,6.106579544957479
3,0,1201,756,5.847049732557933
3,0,1201,757,5.549807682450612
3,0,1201,758,5.262669871044159
3,0,1201,759,5.159052026780446
3,0,1201,760,5.171295735454559
3,0,1201,761,5.152805113506317
3,0,1201,762,5.2242376288731895
3,0,1201,763,5.382013593244553
3,0,1201,764,5.490783365980784
3,0,1201,765,5.591335317866007
3,0,1201,766,5.692643700790406
3,0,1201,767,5.648457586288452
3,0,1201,768,5.637745564142863
3,0,1201,769,5.605003701941173
3,0,1201,770,5.6784452518463135
3,0,1201,771,5.72966439927419
3,0,1201,772,5.701433620262146
3,0,1201,773,5.893710829162598
3,0,1201,774,5.9598239240646365
3,0,1201,775,5.97261271127065
3,0,1201,776,6.086333361339569
3,0,1201,777,6.135608026186625
3,0,1201,778,6.233171226501465
3,0,1201,779,6.25081277850469
3,0,1201,780,6.291886474863688
3,0,1201,781,6.434266610908509
3,0,1201,782,6.3079468243598935
3,0,1201,783,6.272993844731649
3,0,1201,784,6.27615875266393
3,0,1201,785,6.270439245605469
3,0,1201,786,6.247109135373433
3,0,1201,787,6.273068745040893
3,0,1201,788,6.239346628570557
3,0,1201,789,6.108747077687581
3,0,1201,790,6.079548320452372
3,0,1201,791,5.9859058457692464
3,0,1201,792,5.970272859700521
3,0,1201,793,6.0798756797154745
3,0,1201,794,6.094892787329356
3,0,1201,795,6.130150114885966
3,0,1201,796,6.225195481936137
3,0,1201,797,6.534114705594381
3,0,1201,798,7.036933104324341
3,0,1201,799,7.379465042750041
3,0,1201,800,7.114065577824911
3,0,1201,801,6.984311663564046
3,0,1201,802,6.795047884877523
3,0,1201,803,6.641919202868143
3,0,1201,804,6.487135269673665
3,0,1201,805,6.3619836242675785
3,0,1201,806,6.171906163438162
3,0,1201,807,5.841106043052673
3,0,1201,808,5.572068452707926
3,0,1201,809,5.3937790477752685
3,0,1201,810,5.365237247308095
3,0,1201,811,5.331893620904287
3,0,1201,812,5.449169332790375
3,0,1201,813,5.49151949485143
3,0,1201,814,5.688533414236704
3,0,1201,815,5.764523207918803
3,0,1201,816,5.839563957182566
3,0,1201,817,5.825158372910818
3,0,1201,818,5.806964813041687
3,0,1201,819,5.869640670569738
3,0,1201,820,5.8808808448155725
3,0,1201,821,5.973193773365021
3,0,1201,822,6.066036618932088
3,0,1201,823,6.126685873285929
3,0,1201,824,6.227326555156708
3,0,1201,825,6.295677044804891
3,0,1201,826,6.340592476654053
3,0,1201,827,6.46811436290741
3,0,1201,828,6.452402097988129
3,0,1201,829,6.444031209564209
3,0,1201,830,6.526492163976034
3,0,1201,831,6.429229072316487
3,0,1201,832,6.5405533143043515
3,0,1201,833,6.5361509234428405
3,0,1201,834,6.528173049608866
3,0,1201,835,6.509074242273966
3,0,1201,836,6.540918692906698
3,0,1201,837,6.438442573102315
3,0,1201,838,6.312172133954366
3,0,1201,839,6.188954049237569
3,0,1201,840,6.071529002730052
3,0,1201,841,6.048631927363078
3,0,1201,842,6.097318079249064
3,0,1201,843,6.183093762429555
3,0,1201,844,6.1433225321451825
3,0,1201,845,6.294393757724762
3,0,1201,846,6.524032824071249
3,0,1201,847,6.866948803329468
3,0,1201,848,7.251870316696167
3,0,1201,849,7.5747828168233236
3,0,1201,850,7.181846985499064
3,0,1201,851,7.30201583887736
3,0,1201,852,7.183093574841817
3,0,1201,853,6.853111753463745
3,0,1201,854,6.599879939460754
3,0,1201,855,6.523792488352457
3,0,1201,856,6.376210260899862
3,0,1201,857,6.1458023064295455
3,0,1201,858,5.89881239306132
3,0,1201,859,5.694191298039755
3,0,1201,860,5.654686257425944
3,0,1201,861,5.644309146261215
3,0,1201,862,5.689268077786764
3,0,1201,863,5.836132175127665
3,0,1201,864,5.802683450841903
3,0,1201,865,5.915445076878865
3,0,1201,866,6.019784062639872
3,0,1201,867,6.135121741549174
3,0,1201,868,6.182566873677572
3,0,1201,869,6.232206065559387
3,0,1201,870,6.218191336313883
3,0,1201,871,6.291026576296488
3,0,1201,872,6.386244890149435
3,0,1201,873,6.480716349538167
3,0,1201,874,6.605708780797323
3,0,1201,875,6.625986756896973
3,0,1201,876,6.623456181907653
3,0,1201,877,6.730724986330668
3,0,1201,878,6.723854283396403
3,0,1201,879,6.792865104738871
3,0,1201,880,6.777787796783447
3,0,1201,881,6.802814286677043
3,0,1201,882,6.767459630521138
3,0,1201,883,6.78110393002828
3,0,1201,884,6.717881090736389
3,0,1201,885,6.746738772201538
3,0,1201,886,6.699849026807149
3,0,1201,887,6.64003570766449
3,0,1201,888,6.482996597162883
3,0,1201,889,6.451930254093806
3,0,1201,890,6.366237413533528
3,0,1201,891,6.18501360467275
3,0,1201,892,6.235464851697286
3,0,1201,893,6.472170878791809
3,0,1201,894,6.483131208992004
3,0,1201,895,6.507094794400533
3,0,1201,896,6.697751874923706
3,0,1201,897,6.960182652282715
3,0,1201,898,7.200302936808268
3,0,1201,899,7.578248351669312
3,0,1201,900,7.507139498392741
3,0,1201,901,7.461021553802491
3,0,1201,902,7.449529856618246
3,0,1201,903,7.08020268719991
3,0,1201,904,6.804432133865356
3,0,1201,905,6.613871168518067
3,0,1201,906,6.549769337717692
3,0,1201,907,6.382858121236166
3,0,1201,908,6.085316390609742
3,0,1201,909,5.91777937672933
3,0,1201,910,5.9369938811620075
3,0,1201,911,5.826433264986674
3,0,1201,912,5.910353767522176
3,0,1201,913,5.957275894037882
3,0,1201,914,6.06555959892273
3,0,1201,915,6.219701368904114
3,0,1201,916,6.327251152737936
3,0,1201,917,6.2880238348642985
3,0,1201,918,6.406046952629089
3,0,1201,919,6.457712095451355
3,0,1201,920,6.440304514249166
3,0,1201,921,6.534562377166748
3,0,1201,922,6.621688983662923
3,0,1201,923,6.681254871622722
3,0,1201,924,6.797003370539347
3,0,1201,925,6.84641936155955
3,0,1201,926,6.865247892824809
3,0,1201,927,6.8613324558258055
3,0,1201,928,6.861910351816813
3,0,1201,929,6.959070244344075
3,0,1201,930,6.995723923110962
3,0,1201,931,6.9877996907552085
3,0,1201,932,6.893230222320557
3,0,1201,933,6.956326792907715
3,0,1201,934,6.905099667231242
3,0,1201,935,6.884542886543274
3,0,1201,936,6.806299805577596
3,0,1201,937,6.694766831970215
3,0,1201,938,6.611003469848633
3,0,1201,939,6.552260613822937
3,0,1201,940,6.487832186317444
3,0,1201,941,6.375827514966329
3,0,1201,942,6.513901471455892
3,0,1201,943,6.613377233378093
3,0,1201,944,6.72587358678182
3,0,1201,945,6.701832445081075
3,0,1201,946,6.848838610967
3,0,1201,947,7.041145429611206
3,0,1201,948,7.3315231950124105
3,0,1201,949,7.612824072265625
3,0,1201,950,7.630447661463419
3,0,1201,951,7.668491438674927
3,0,1201,952,7.558595938873291
3,0,1201,953,7.221909358088175
3,0,1201,954,6.881287321599324
3,0,1201,955,6.741451287968953
3,0,1201,956,6.62821130510966
3,0,1201,957,6.520875769170125
3,0,1201,958,6.359187586339314
3,0,1201,959,6.212665867042541
3,0,1201,960,6.18658562374115
3,0,1201,961,6.136271448262533
3,0,1201,962,6.208102562141418
3,0,1201,963,6.265460018603007
3,0,1201,964,6.4537681977589925
3,0,1201,965,6.454138498242696
3,0,1201,966,6.543195724042256
3,0,1201,967,6.608936630121867
3,0,1201,968,6.604442771720886
3,0,1201,969,6.615311152267456
3,0,1201,970,6.679432174110413
3,0,1201,971,6.765129791196188
3,0,1201,972,6.803580507787069
3,0,1201,973,6.981514163398742
3,0,1201,974,6.9950846031188965
3,0,1201,975,7.057852614466349
3,0,1201,976,7.075730395634969
3,0,1201,977,7.132218705622355
3,0,1201,978,7.099864685312907
3,0,1201,979,7.099334641647339
3,0,1201,980,7.14194753112793
3,0,1201,981,7.146662450917562
3,0,1201,982,7.124946788660686
3,0,1201,983,7.125620630645752
3,0,1201,984,7.041624684969584
3,0,1201,985,7.020132795333862
3,0,1201,986,6.922692692947388
3,0,1201,987,6.858734362538655
3,0,1201,988,6.7414846534729005
3,0,1201,989,6.682132473436991
3,0,1201,990,6.590147039159139
3,0,1201,991,6.611792344919841
3,0,1201,992,6.602244472821553
3,0,1201,993,6.77858769976298
3,0,1201,994,6.943461005655925
3,0,1201,995,6.943274950536092
3,0,1201,996,6.93298128935496
3,0,1201,997,7.087162573432923
3,0,1201,998,7.291112239456177
3,0,1201,999,7.547825181452433
3,0,1201,1000,7.7895100355784095
3,0,1201,1001,7.708981346766154
3,0,1201,1002,7.614582668685913
3,0,1201,1003,7.262950372187296
3,0,1201,1004,6.969043941815694
3,0,1201,1005,6.8301362009684246
3,0,1201,1006,6.872680197652181
3,0,1201,1007,6.723691695531209
3,0,1201,1008,6.6332048868815106
3,0,1201,1009,6.389887102572123
3,0,1201,1010,6.328681821505229
3,0,1201,1011,6.355256877835592
3,0,1201,1012,6.387262592252095
3,0,1201,1013,6.503147492853801
3,0,1201,1014,6.69441442527771
3,0,1201,1015,6.677246057764689
3,0,1201,1016,6.805559685516357
3,0,1201,1017,6.801586390558879
3,0,1201,1018,6.872624973805745
3,0,1201,1019,6.8476408665974935
3,0,1201,1020,6.8741043095270795
3,0,1201,1021,6.942866286341349
3,0,1201,1022,7.0560533716201785
3,0,1201,1023,7.168933982213338
3,0,1201,1024,7.199663777414957
3,0,1201,1025,7.182223118845622
3,0,1201,1026,7.204714462534587
3,0,1201,1027,7.203923367881775
3,0,1201,1028,7.250239427057902
3,0,1201,1029,7.2273855284372965
3,0,1201,1030,7.195058486557007
3,0,1201,1031,7.290177253977458
3,0,1201,1032,7.259740611521403
3,0,1201,1033,7.260002713775635
3,0,1201,1034,7.196113695017496
3,0,1201,1035,7.140702498753866
3,0,1201,1036,7.045085066477458
3,0,1201,1037,7.007104466501872
3,0,1201,1038,6.918745396105448
3,0,1201,1039,6.8217458759307865
3,0,1201,1040,6.792622853215535
3,0,1201,1041,6.631782554880778
3,0,1201,1042,6.760162000083923
3,0,1201,1043,6.930156258010864
3,0,1201,1044,7.130205027707418
3,0,1201,1045,7.133022032483419
3,0,1201,1046,7.132616699854533
3,0,1201,1047,7.228010180791219
3,0,1201,1048,7.45515369237264
3,0,1201,1049,7.713066056442261
3,0,1201,1050,7.942069554901123
3,0,1201,1051,7.824453763326009
3,0,1201,1052,7.665515268707275
3,0,1201,1053,7.348737179946899
3,0,1201,1054,7.160445236460368
3,0,1201,1055,7.034490330696106
3,0,1201,1056,6.9942549708048505
3,0,1201,1057,6.916455275599162
3,0,1201,1058,6.8296533321380615
3,0,1201,1059,6.73814719950358
3,0,1201,1060,6.62360506661733
3,0,1201,1061,6.67492644926707
3,0,1201,1062,6.687495915540059
3,0,1201,1063,6.706128887430827
3,0,1201,1064,6.84355445988973
3,0,1201,1065,6.887658738072713
3,0,1201,1066,6.938611670239767
3,0,1201,1067,6.871045553716024
3,0,1201,1068,6.959400747172038
3,0,1201,1069,6.956402514839172
3,0,1201,1070,6.9979585253397625
3,0,1201,1071,7.103788060251872
3,0,1201,1072,7.128443305460612
3,0,1201,1073,7.208132908121745
3,0,1201,1074,7.261568188794454
3,0,1201,1075,7.340560475031535
3,0,1201,1076,7.299080548985799
3,0,1201,1077,7.352895607630412
3,0,1201,1078,7.378323301951091
3,0,1201,1079,7.391739180374145
3,0,1201,1080,7.396483735911051
3,0,1201,1081,7.398366524759928
3,0,1201,1082,7.414731462860107
3,0,1201,1083,7.435140618896485
3,0,1201,1084,7.295691319529215
3,0,1201,1085,7.2739165524800615
3,0,1201,1086,7.173609338378906
3,0,1201,1087,7.082653845024109
3,0,1201,1088,6.987633565775553
3,0,1201,1089,6.939223389053344
3,0,1201,1090,6.97736572672526
3,0,1201,1091,6.838870443598429
3,0,1201,1092,7.018776170476277
3,0,1201,1093,7.136527828216552
3,0,1201,1094,7.351198315556844
3,0,1201,1095,7.344424875768025
3,0,1201,1096,7.367444591649373
3,0,1201,1097,7.401437633641561
3,0,1201,1098,7.56938202679952
3,0,1201,1099,7.692863425000509
3,0,1201,1100,7.985229562759399
3,0,1201,1101,7.9138174296061194
3,0,1201,1102,7.7008161521911624
3,0,1201,1103,7.561742163848877
3,0,1201,1104,7.432602976036072
3,0,1201,1105,7.358721160761515
3,0,1201,1106,7.280920806121826
3,0,1201,1107,7.325952690378825
3,0,1201,1108,7.321174431482951
3,0,1201,1109,7.329345422999064
3,0,1201,1110,7.367070478820801
3,0,1201,1111,7.377780503209432
3,0,1201,1112,7.347635777918498
3,0,1201,1113,7.2412132582346596
3,0,1201,1114,7.18294949798584
3,0,1201,1115,7.1303498087565105
3,0,1201,1116,7.264112346903483
3,0,1201,1117,7.253642041778565
3,0,1201,1118,7.31950609664917
3,0,1201,1119,7.388891773986816
3,0,1201,1120,7.394207852300008
3,0,1201,1121,7.486343560791016
3,0,1201,1122,7.494492654800415
3,0,1201,1123,7.438824534606933
3,0,1201,1124,7.438253259277344
3,0,1201,1125,7.429384989929199
3,0,1201,1126,7.451177011871338
3,0,1201,1127,7.4895717273712155
3,0,1201,1128,7.615953021494548
3,0,1201,1129,7.619809391784668
3,0,1201,1130,7.633371229553223
3,0,1201,1131,7.644382196680705
3,0,1201,1132,7.665066482035319
3,0,1201,1133,7.6249900178273515
3,0,1201,1134,7.644973975626628
3,0,1201,1135,7.554047480901082
3,0,1201,1136,7.458425848770141
3,0,1201,1137,7.487139670435588
3,0,1201,1138,7.423608855819702
3,0,1201,1139,7.512126187896729
3,0,1201,1140,7.447201306788126
3,0,1201,1141,7.508847994486491
3,0,1201,1142,7.581061852900187
3,0,1201,1143,7.625970557912191
3,0,1201,1144,7.6921121045430505
3,0,1201,1145,7.748256993611654
3,0,1201,1146,7.795100428899129
3,0,1201,1147,7.833217542902629
3,0,1201,1148,7.829442958450318
3,0,1201,1149,7.891115672683716
3,0,1201,1150,7.990249660873413
3,0,1201,1151,7.957831126658122
3,0,1201,1152,7.882766178385417
3,0,1201,1153,7.787191731007894
3,0,1201,1154,7.76672516263326
3,0,1201,1155,7.660208136113485
3,0,1201,1156,7.586748197809855
3,0,1201,1157,7.529323410542806
3,0,1201,1158,7.57245583597819
3,0,1201,1159,7.576999527359009
3,0,1201,1160,7.591337473551432
3,0,1201,1161,7.590521652475993
3,0,1201,1162,7.58434081662496
3,0,1201,1163,7.540434073384603
3,0,1201,1164,7.57917479540507
3,0,1201,1165,7.555141596476237
3,0,1201,1166,7.636665234629313
3,0,1201,1167,7.661786511993408
3,0,1201,1168,7.7186348979949955
3,0,1201,1169,7.8152049340566
3,0,1201,1170,7.855294044113159
3,0,1201,1171,7.8318936677296955
3,0,1201,1172,7.739006785837809
3,0,1201,1173,7.540844343439738
3,0,1201,1174,7.3139645272572835
3,0,1201,1175,7.2265414595286055
3,0,1201,1176,7.122894023895264
3,0,1201,1177,7.2116972349802655
3,0,1201,1178,7.211441358121236
3,0,1201,1179,7.337766377766927
3,0,1201,1180,7.5996871822357175
3,0,1201,1181,7.748307360458374
3,0,1201,1182,7.820545394643148
3,0,1201,1183,7.914289315287272
3,0,1201,1184,7.825697035217285
3,0,1201,1185,7.71954630724589
3,0,1201,1186,7.6899112038930255
3,0,1201,1187,7.566123436991374
3,0,1201,1188,7.576283953221639
3,0,1201,1189,7.553335541470846
3,0,1201,1190,7.603440344619751
3,0,1201,1191,7.6757136169433595
3,0,1201,1192,7.711541180674235
3,0,1201,1193,7.748420910390218
3,0,1201,1194,7.814560223642985
3,0,1201,1195,7.885841775512695
3,0,1201,1196,7.972368916193644
3,0,1201,1197,8.036793989308675
3,0,1201,1198,8.056175871404012
3,0,1201,1199,8.13093549486796
3,0,1201,1200,7.769020542844136
3,0,1201,1201,7.789955174891154
3,0,1201,1202,7.800563512166341
3,0,1201,1203,7.824786399205526
3,0,1201,1204,7.790536368179321
3,0,1201,1205,7.8368927866617835
3,0,1201,1206,7.8699387837727866
3,0,1201,1207,7.852766846593221
3,0,1201,1208,7.89937633895874
3,0,1201,1209,7.845083688354492
3,0,1201,1210,7.827457871627808
3,0,1201,1211,7.844939590581258
3,0,1201,1212,7.830162121963501
3,0,1201,1213,7.880963369750977
3,0,1201,1214,7.774966045252482
3,0,1201,1215,7.6911812576293945
3,0,1201,1216,7.596132546869914
3,0,1201,1217,7.523361496988932
3,0,1201,1218,7.484475523598989
3,0,1201,1219,7.383048852666219
3,0,1201,1220,7.27763833618164
3,0,1201,1221,7.220951389567057
3,0,1201,1222,7.158000662358602
3,0,1201,1223,7.109632372538249
3,0,1201,1224,6.994926698303223
3,0,1201,1225,7.030548324330648
3,0,1201,1226,7.092024911371867
3,0,1201,1227,7.250280409876505
3,0,1201,1228,7.2125778549194335
3,0,1201,1229,7.342791268157959
3,0,1201,1230,7.428664180628458
3,0,1201,1231,7.43915686416626
3,0,1201,1232,7.5880218037923175
3,0,1201,1233,7.722432129033407
3,0,1201,1234,7.796714094670613
3,0,1201,1235,7.8392407388051355
3,0,1201,1236,7.845723951466878
3,0,1201,1237,7.835681397883097
3,0,1201,1238,7.912564129892985
3,0,1201,1239,7.90060828221639
3,0,1201,1240,7.863768028259277
3,0,1201,1241,7.904309346135458
3,0,1201,1242,7.8853279809316
3,0,1201,1243,7.930535664240519
3,0,1201,1244,7.95261307182312
3,0,1201,1245,7.967765766398112
3,0,1201,1246,7.956230341084798
3,0,1201,1247,7.984441730753581
3,0,1201,1248,7.944210772832235
3,0,1201,1249,7.979296418126424
3,0,1202,0,4.788246020094554
3,0,1202,1,4.711664624595642
3,0,1202,2,4.745987225723266
3,0,1202,3,4.752225812768936
3,0,1202,4,4.682970565398534
3,0,1202,5,4.695086289978027
3,0,1202,6,4.654068922694524
3,0,1202,7,4.640633007796605
3,0,1202,8,4.613668230120341
3,0,1202,9,4.599650088445346
3,0,1202,10,4.5976430747191115
3,0,1202,11,4.588025205103556
3,0,1202,12,4.56127931655248
3,0,1202,13,4.5673071406761805
3,0,1202,14,4.555300348885854
3,0,1202,15,4.551945755426089
3,0,1202,16,4.572595956722895
3,0,1202,17,4.593370134242376
3,0,1202,18,4.618665095885595
3,0,1202,19,4.592027276659012
3,0,1202,20,4.6017530831654865
3,0,1202,21,4.627856699768702
3,0,1202,22,4.669691178703308
3,0,1202,23,4.664213977241516
3,0,1202,24,4.667404979674021
3,0,1202,25,4.718397599124908
3,0,1202,26,4.711502626641591
3,0,1202,27,4.743091855589549
3,0,1202,28,4.802130378389358
3,0,1202,29,4.767013644981384
3,0,1202,30,4.801626561800639
3,0,1202,31,4.80769998661677
3,0,1202,32,4.907363792053858
3,0,1202,33,4.880337921174367
3,0,1202,34,4.88163140036265
3,0,1202,35,4.906156248871485
3,0,1202,36,4.911484063975016
3,0,1202,37,4.960774451859792
3,0,1202,38,4.9746511061668395
3,0,1202,39,5.000307217550278
3,0,1202,40,5.038454265626272
3,0,1202,41,5.049223686965306
3,0,1202,42,5.049215437666575
3,0,1202,43,5.078040687942505
3,0,1202,44,5.0541432693481445
3,0,1202,45,5.096415686607361
3,0,1202,46,5.072471158631642
3,0,1202,47,5.05027898902893
3,0,1202,48,5.047628416887919
3,0,1202,49,5.018228920873006
3,0,1202,50,4.899356373373667
3,0,1202,51,4.824881293503443
3,0,1202,52,4.739401373028755
3,0,1202,53,4.676648059527079
3,0,1202,54,4.634073243713379
3,0,1202,55,4.614957664807638
3,0,1202,56,4.581966293239594
3,0,1202,57,4.545999639423688
3,0,1202,58,4.459623433534304
3,0,1202,59,4.428374241487185
3,0,1202,60,4.393256739091873
3,0,1202,61,4.359961091804505
3,0,1202,62,4.285937476038932
3,0,1202,63,4.333487983798981
3,0,1202,64,4.279725113471349
3,0,1202,65,4.2509256680488585
3,0,1202,66,4.297354244367281
3,0,1202,67,4.279984824609756
3,0,1202,68,4.367303685696919
3,0,1202,69,4.403469633483887
3,0,1202,70,4.439236656665802
3,0,1202,71,4.5042998260021205
3,0,1202,72,4.498634652312597
3,0,1202,73,4.588355544487635
3,0,1202,74,4.626370621800422
3,0,1202,75,4.758057263151804
3,0,1202,76,4.825374067751566
3,0,1202,77,4.9493053326924645
3,0,1202,78,4.95298882616361
3,0,1202,79,5.039665201266606
3,0,1202,80,5.121389571444194
3,0,1202,81,5.210550412702561
3,0,1202,82,5.237076624170939
3,0,1202,83,5.31483670241038
3,0,1202,84,5.342420558754603
3,0,1202,85,5.339257021172841
3,0,1202,86,5.331311323070526
3,0,1202,87,5.3701598930835726
3,0,1202,88,5.424077249844869
3,0,1202,89,5.468429069328308
3,0,1202,90,5.539363513151804
3,0,1202,91,5.536068597904841
3,0,1202,92,5.6234089053789775
3,0,1202,93,5.620630254618327
3,0,1202,94,5.599234312884013
3,0,1202,95,5.57345060634613
3,0,1202,96,5.604834380531311
3,0,1202,97,5.593431470362345
3,0,1202,98,5.549772056221962
3,0,1202,99,5.574397496589025
3,0,1202,100,5.1259148657162985
3,0,1202,101,5.05596143421332
3,0,1202,102,4.913084710121155
3,0,1202,103,4.840147425444921
3,0,1202,104,4.763773873488108
3,0,1202,105,4.610211319557826
3,0,1202,106,4.518647289876143
3,0,1202,107,4.479896628777186
3,0,1202,108,4.382069781891505
3,0,1202,109,4.333584743483861
3,0,1202,110,4.24880536330541
3,0,1202,111,4.210581968545914
3,0,1202,112,4.174125668891271
3,0,1202,113,4.12565289961497
3,0,1202,114,4.136764606547356
3,0,1202,115,4.146980985323588
3,0,1202,116,4.137046214485168
3,0,1202,117,4.168810633818309
3,0,1202,118,4.17856020664374
3,0,1202,119,4.228943929783504
3,0,1202,120,4.294383384521803
3,0,1202,121,4.309340164693197
3,0,1202,122,4.491293896770477
3,0,1202,123,4.4835208949247995
3,0,1202,124,4.6340274395465855
3,0,1202,125,4.778198711331686
3,0,1202,126,4.879821508320172
3,0,1202,127,4.9705551508267725
3,0,1202,128,5.112855067539215
3,0,1202,129,5.211223266855876
3,0,1202,130,5.28573367061615
3,0,1202,131,5.386782714207967
3,0,1202,132,5.473567631149292
3,0,1202,133,5.452134894816081
3,0,1202,134,5.552175348154703
3,0,1202,135,5.613582356802622
3,0,1202,136,5.643446479066213
3,0,1202,137,5.665653855164845
3,0,1202,138,5.660444408019384
3,0,1202,139,5.710346288363139
3,0,1202,140,5.6970455068270365
3,0,1202,141,5.803331094932556
3,0,1202,142,5.937275498008728
3,0,1202,143,5.952193943500519
3,0,1202,144,5.931429478263855
3,0,1202,145,5.965851302909851
3,0,1202,146,5.906010197512309
3,0,1202,147,5.889093754895528
3,0,1202,148,5.8472840178807575
3,0,1202,149,5.906318921057383
3,0,1202,150,5.398014438501994
3,0,1202,151,5.202196279621124
3,0,1202,152,5.096762065156301
3,0,1202,153,4.9859070911328
3,0,1202,154,4.885374084361394
3,0,1202,155,4.689697047615051
3,0,1202,156,4.624901368268331
3,0,1202,157,4.524695089244842
3,0,1202,158,4.424095970654488
3,0,1202,159,4.308373040676117
3,0,1202,160,4.200877780048052
3,0,1202,161,4.163799326690038
3,0,1202,162,4.0990801882267
3,0,1202,163,4.088838490899404
3,0,1202,164,4.031519136571884
3,0,1202,165,4.036563245423634
3,0,1202,166,3.993981143863996
3,0,1202,167,4.054188636008899
3,0,1202,168,4.065547052526474
3,0,1202,169,4.135013299512863
3,0,1202,170,4.181542682536443
3,0,1202,171,4.242305507961909
3,0,1202,172,4.330914383490881
3,0,1202,173,4.437991717433929
3,0,1202,174,4.542402716318766
3,0,1202,175,4.708006484778722
3,0,1202,176,4.861295265738169
3,0,1202,177,5.030038612333933
3,0,1202,178,5.148005625693004
3,0,1202,179,5.284258287620545
3,0,1202,180,5.485893224390348
3,0,1202,181,5.623958084487915
3,0,1202,182,5.732307631142934
3,0,1202,183,5.858372012869517
3,0,1202,184,5.948246466573079
3,0,1202,185,6.041892801030477
3,0,1202,186,6.075135685412089
3,0,1202,187,6.06604893767039
3,0,1202,188,6.09529120388031
3,0,1202,189,6.064289381853739
3,0,1202,190,6.067919038073222
3,0,1202,191,6.158580345376333
3,0,1202,192,6.274826602681478
3,0,1202,193,6.295964581680298
3,0,1202,194,6.317870435206095
3,0,1202,195,6.284542606862386
3,0,1202,196,6.243202928797404
3,0,1202,197,6.183899848238627
3,0,1202,198,6.208257263819377
3,0,1202,199,6.16835568745931
3,0,1202,200,5.479715596866607
3,0,1202,201,5.305847041495641
3,0,1202,202,5.145714732265472
3,0,1202,203,4.9885008963902795
3,0,1202,204,4.828301365343729
3,0,1202,205,4.683586211697261
3,0,1202,206,4.579728642892838
3,0,1202,207,4.5201600998242695
3,0,1202,208,4.410305420144399
3,0,1202,209,4.305556536134084
3,0,1202,210,4.150163074318568
3,0,1202,211,4.113983644755681
3,0,1202,212,4.023816146977743
3,0,1202,213,3.955931964461009
3,0,1202,214,3.94533632803758
3,0,1202,215,3.933640808661779
3,0,1202,216,3.9899380137125653
3,0,1202,217,3.9847444709459943
3,0,1202,218,4.027108911029498
3,0,1202,219,4.087893835226695
3,0,1202,220,4.1556244365215305
3,0,1202,221,4.240264657211304
3,0,1202,222,4.439562142125766
3,0,1202,223,4.4044366598924
3,0,1202,224,4.575361515108744
3,0,1202,225,4.677594738197326
3,0,1202,226,4.86373868376414
3,0,1202,227,5.0015877156734465
3,0,1202,228,5.085054315026601
3,0,1202,229,5.2868879941622415
3,0,1202,230,5.388266597557068
3,0,1202,231,5.572402161248525
3,0,1202,232,5.728591508801778
3,0,1202,233,5.84006724952062
3,0,1202,234,5.936810439999898
3,0,1202,235,5.99294923063914
3,0,1202,236,6.1083523449579875
3,0,1202,237,6.168356638081868
3,0,1202,238,6.176794262917836
3,0,1202,239,6.2021559125264485
3,0,1202,240,6.183693817456564
3,0,1202,241,6.223835481198629
3,0,1202,242,6.333392740313212
3,0,1202,243,6.37280808506012
3,0,1202,244,6.354632002894084
3,0,1202,245,6.337206869824727
3,0,1202,246,6.279325570774079
3,0,1202,247,6.283283463096619
3,0,1202,248,6.250579101308187
3,0,1202,249,6.260128083165487
3,0,1202,250,5.54631610104243
3,0,1202,251,5.403444090525309
3,0,1202,252,5.100305435228348
3,0,1202,253,4.849034317469597
3,0,1202,254,4.712565753094355
3,0,1202,255,4.579061185359955
3,0,1202,256,4.484809907325109
3,0,1202,257,4.40666498246193
3,0,1202,258,4.332044620688756
3,0,1202,259,4.2004356254577635
3,0,1202,260,4.0514615219752
3,0,1202,261,3.9773260234991707
3,0,1202,262,3.9072173328320186
3,0,1202,263,3.930422060664495
3,0,1202,264,3.9265202888965605
3,0,1202,265,3.867210502545039
3,0,1202,266,3.9231421842177707
3,0,1202,267,3.9468806666533154
3,0,1202,268,4.001329388475418
3,0,1202,269,4.063593259255091
3,0,1202,270,4.094486742862066
3,0,1202,271,4.170734959284465
3,0,1202,272,4.316771799659729
3,0,1202,273,4.425223292239507
3,0,1202,274,4.533244903659821
3,0,1202,275,4.609455829191208
3,0,1202,276,4.774257161649068
3,0,1202,277,4.926804090579351
3,0,1202,278,5.053583195368449
3,0,1202,279,5.210582124964396
3,0,1202,280,5.300496974563599
3,0,1202,281,5.5037732829093935
3,0,1202,282,5.6852691037813825
3,0,1202,283,5.795730831400554
3,0,1202,284,5.912309774653117
3,0,1202,285,5.989342447026571
3,0,1202,286,6.056521475346883
3,0,1202,287,6.138689815998077
3,0,1202,288,6.188916493988037
3,0,1202,289,6.192365372467041
3,0,1202,290,6.1700687790870665
3,0,1202,291,6.2586892105738325
3,0,1202,292,6.388922584978739
3,0,1202,293,6.410361710357666
3,0,1202,294,6.44611045850118
3,0,1202,295,6.3852828515370685
3,0,1202,296,6.25262978515625
3,0,1202,297,6.2115158185958865
3,0,1202,298,6.1450093594233195
3,0,1202,299,6.1312162273406985
3,0,1202,300,5.786783822631836
3,0,1202,301,5.6175507338523865
3,0,1202,302,5.342683711147308
3,0,1202,303,5.0755681079864505
3,0,1202,304,4.8563796294530235
3,0,1202,305,4.738013239336014
3,0,1202,306,4.632590959755579
3,0,1202,307,4.5141797654946645
3,0,1202,308,4.410385147031148
3,0,1202,309,4.247162281489373
3,0,1202,310,4.1187701613585155
3,0,1202,311,4.037964943186442
3,0,1202,312,3.9720059227307636
3,0,1202,313,3.9519532676855724
3,0,1202,314,3.926583327794075
3,0,1202,315,3.9789029403765994
3,0,1202,316,3.9854229370117187
3,0,1202,317,3.977128973642985
3,0,1202,318,4.05977935444514
3,0,1202,319,4.043497257200877
3,0,1202,320,4.122208302315077
3,0,1202,321,4.21666488571167
3,0,1202,322,4.283965190490087
3,0,1202,323,4.373620180098216
3,0,1202,324,4.529017261862755
3,0,1202,325,4.655918794171016
3,0,1202,326,4.79646472975413
3,0,1202,327,4.951341814867655
3,0,1202,328,5.101861836210887
3,0,1202,329,5.263602136913935
3,0,1202,330,5.43183319498698
3,0,1202,331,5.542220896736781
3,0,1202,332,5.714968951543172
3,0,1202,333,5.7995768821080524
3,0,1202,334,5.8970347112496695
3,0,1202,335,6.015195477263132
3,0,1202,336,6.099596306769053
3,0,1202,337,6.212360592079163
3,0,1202,338,6.228064586130778
3,0,1202,339,6.1741952145258585
3,0,1202,340,6.237527170499166
3,0,1202,341,6.297164102427165
3,0,1202,342,6.437808943812052
3,0,1202,343,6.474124628829956
3,0,1202,344,6.408996914545695
3,0,1202,345,6.285878115399679
3,0,1202,346,6.197831114896139
3,0,1202,347,6.199081948788961
3,0,1202,348,6.1545310246785485
3,0,1202,349,6.1889565410137175
3,0,1202,350,6.106093809668223
3,0,1202,351,5.884492609405518
3,0,1202,352,5.509544456831614
3,0,1202,353,5.19271816628774
3,0,1202,354,4.9605673752625785
3,0,1202,355,4.8788557419776915
3,0,1202,356,4.901592523701986
3,0,1202,357,4.749925158802668
3,0,1202,358,4.565117495727539
3,0,1202,359,4.448991767517725
3,0,1202,360,4.2965749370416
3,0,1202,361,4.171631715536117
3,0,1202,362,4.0567195588429765
3,0,1202,363,4.015098686210314
3,0,1202,364,3.9652599269151687
3,0,1202,365,3.9539761804819107
3,0,1202,366,3.9936243837515515
3,0,1202,367,3.9994669990936913
3,0,1202,368,4.128081232015292
3,0,1202,369,4.152629338860512
3,0,1202,370,4.216519052791596
3,0,1202,371,4.2536400361696876
3,0,1202,372,4.323941750518481
3,0,1202,373,4.424378912162781
3,0,1202,374,4.549483285681407
3,0,1202,375,4.677384100627899
3,0,1202,376,4.809403821023305
3,0,1202,377,4.8940773134867355
3,0,1202,378,5.090961894957225
3,0,1202,379,5.173033028316498
3,0,1202,380,5.339155819686254
3,0,1202,381,5.376086925458908
3,0,1202,382,5.561975072415669
3,0,1202,383,5.725498374875387
3,0,1202,384,5.867434755039215
3,0,1202,385,5.941828997739156
3,0,1202,386,6.049260259628296
3,0,1202,387,6.17561395594279
3,0,1202,388,6.188334926923116
3,0,1202,389,6.191765226618449
3,0,1202,390,6.192390329996745
3,0,1202,391,6.269710233243306
3,0,1202,392,6.3824182758967085
3,0,1202,393,6.3104392783164975
3,0,1202,394,6.4194461617151894
3,0,1202,395,6.231378094482422
3,0,1202,396,6.134259118461609
3,0,1202,397,6.077711900560061
3,0,1202,398,6.093136279137929
3,0,1202,399,6.265942555236816
3,0,1202,400,6.216431788380941
3,0,1202,401,6.067489942105611
3,0,1202,402,5.6530083505789435
3,0,1202,403,5.409127271270752
3,0,1202,404,5.204793631108602
3,0,1202,405,5.093664326922099
3,0,1202,406,5.073874695825577
3,0,1202,407,4.973130689549446
3,0,1202,408,4.800441773978869
3,0,1202,409,4.581992628161112
3,0,1202,410,4.471556435155868
3,0,1202,411,4.343775233316421
3,0,1202,412,4.24975134054025
3,0,1202,413,4.177554728333155
3,0,1202,414,4.08181090037028
3,0,1202,415,4.086929590511322
3,0,1202,416,4.087166912396749
3,0,1202,417,4.101408423248927
3,0,1202,418,4.1330996171633405
3,0,1202,419,4.17534365901947
3,0,1202,420,4.2018058492501575
3,0,1202,421,4.294569771329562
3,0,1202,422,4.306796246210734
3,0,1202,423,4.435949188772837
3,0,1202,424,4.506662048546473
3,0,1202,425,4.6808204875946045
3,0,1202,426,4.762272303827603
3,0,1202,427,4.8703918298323945
3,0,1202,428,4.920479117210706
3,0,1202,429,5.065505055427551
3,0,1202,430,5.185655601501465
3,0,1202,431,5.421015439367294
3,0,1202,432,5.518197125212351
3,0,1202,433,5.703193054644267
3,0,1202,434,5.88617291132609
3,0,1202,435,5.9998238082249955
3,0,1202,436,6.08919422194163
3,0,1202,437,6.187386753908793
3,0,1202,438,6.254285671742757
3,0,1202,439,6.18254433555603
3,0,1202,440,6.261969301223755
3,0,1202,441,6.32579417403539
3,0,1202,442,6.373798174730937
3,0,1202,443,6.391593794727325
3,0,1202,444,6.320319086265564
3,0,1202,445,6.169019260025024
3,0,1202,446,6.063505691655477
3,0,1202,447,6.07276085173289
3,0,1202,448,6.170814731788635
3,0,1202,449,6.373936228688558
3,0,1202,450,6.492387008730571
3,0,1202,451,6.295104904429118
3,0,1202,452,5.762973881848653
3,0,1202,453,5.406443823623658
3,0,1202,454,5.3128141463120775
3,0,1202,455,5.309658182271321
3,0,1202,456,5.176644584083557
3,0,1202,457,5.111714802805583
3,0,1202,458,4.886340597089132
3,0,1202,459,4.780981307379404
3,0,1202,460,4.603627154811224
3,0,1202,461,4.554787397352855
3,0,1202,462,4.433266087603569
3,0,1202,463,4.399849127308528
3,0,1202,464,4.3011947973251345
3,0,1202,465,4.302288877805074
3,0,1202,466,4.27732431550026
3,0,1202,467,4.27580215587616
3,0,1202,468,4.327215089066823
3,0,1202,469,4.4092442393620805
3,0,1202,470,4.418795446936289
3,0,1202,471,4.505654946184158
3,0,1202,472,4.581066760889689
3,0,1202,473,4.65090609571139
3,0,1202,474,4.778256326341629
3,0,1202,475,4.905408595069249
3,0,1202,476,5.033802617359162
3,0,1202,477,5.069044467322032
3,0,1202,478,5.090674992513657
3,0,1202,479,5.2702517878373465
3,0,1202,480,5.384350941085815
3,0,1202,481,5.476945375124614
3,0,1202,482,5.574896196111044
3,0,1202,483,5.6864012460708615
3,0,1202,484,5.8416490043481195
3,0,1202,485,5.887131968816122
3,0,1202,486,6.030919526163737
3,0,1202,487,6.082317884127299
3,0,1202,488,6.205153297678629
3,0,1202,489,6.215896625010172
3,0,1202,490,6.241234995905558
3,0,1202,491,6.217027911822001
3,0,1202,492,6.2804344404220585
3,0,1202,493,6.377299246406555
3,0,1202,494,6.321091733614604
3,0,1202,495,6.098706395276388
3,0,1202,496,6.029222646903992
3,0,1202,497,6.043938538614909
3,0,1202,498,6.211083810329438
3,0,1202,499,6.466907787958781
3,0,1202,500,6.655564069747925
3,0,1202,501,6.443036511230469
3,0,1202,502,5.9192559446970625
3,0,1202,503,5.574222445869446
3,0,1202,504,5.455227143033346
3,0,1202,505,5.408000580310821
3,0,1202,506,5.2721868405659995
3,0,1202,507,5.139812986461322
3,0,1202,508,5.067251402409871
3,0,1202,509,4.895742923545837
3,0,1202,510,4.75263989071846
3,0,1202,511,4.680660317738851
3,0,1202,512,4.588382010014852
3,0,1202,513,4.573772543128332
3,0,1202,514,4.547854062978427
3,0,1202,515,4.514333362658818
3,0,1202,516,4.509566520150503
3,0,1202,517,4.531389199455579
3,0,1202,518,4.5560648164749145
3,0,1202,519,4.596958924325307
3,0,1202,520,4.63807360739708
3,0,1202,521,4.69937755467097
3,0,1202,522,4.789431576855978
3,0,1202,523,4.910515762122472
3,0,1202,524,4.975321495135625
3,0,1202,525,5.028402342383067
3,0,1202,526,5.073396977345149
3,0,1202,527,5.191278793780009
3,0,1202,528,5.253770387299856
3,0,1202,529,5.361574697081248
3,0,1202,530,5.422389966742197
3,0,1202,531,5.490227571233113
3,0,1202,532,5.623143867047628
3,0,1202,533,5.715735631624858
3,0,1202,534,5.856508282375335
3,0,1202,535,5.990226936101913
3,0,1202,536,5.966581577809651
3,0,1202,537,6.061265638033549
3,0,1202,538,6.0867862048467
3,0,1202,539,6.125144983609517
3,0,1202,540,6.077086232201259
3,0,1202,541,6.121973705101013
3,0,1202,542,6.161237286249796
3,0,1202,543,6.153451812235514
3,0,1202,544,6.111838719367981
3,0,1202,545,5.9576800725618995
3,0,1202,546,5.927628000100453
3,0,1202,547,6.05870843741099
3,0,1202,548,6.378460655085246
3,0,1202,549,6.674505996322631
3,0,1202,550,6.7709133973439535
3,0,1202,551,6.522721155039469
3,0,1202,552,6.116151278114319
3,0,1202,553,5.763447847366333
3,0,1202,554,5.744477850023905
3,0,1202,555,5.698867554283142
3,0,1202,556,5.510843688329061
3,0,1202,557,5.346030224959056
3,0,1202,558,5.17785669781367
3,0,1202,559,4.957082777007421
3,0,1202,560,4.884729694159826
3,0,1202,561,4.92201866013209
3,0,1202,562,4.848231293515364
3,0,1202,563,4.777404517173767
3,0,1202,564,4.748566487693787
3,0,1202,565,4.561285336430868
3,0,1202,566,4.642740311606725
3,0,1202,567,4.578816907676061
3,0,1202,568,4.627903365914027
3,0,1202,569,4.647737324849764
3,0,1202,570,4.717854777177175
3,0,1202,571,4.786618991200129
3,0,1202,572,4.838366003259023
3,0,1202,573,4.932513192749023
3,0,1202,574,5.005968294493357
3,0,1202,575,5.165659623527527
3,0,1202,576,5.198232662995657
3,0,1202,577,5.289198336569468
3,0,1202,578,5.352198699935277
3,0,1202,579,5.408903936004639
3,0,1202,580,5.515225932884216
3,0,1202,581,5.613833653926849
3,0,1202,582,5.699900643078486
3,0,1202,583,5.776447909545898
3,0,1202,584,5.9401906275431315
3,0,1202,585,5.978956305948893
3,0,1202,586,6.062134317334493
3,0,1202,587,6.180511243184408
3,0,1202,588,6.098803681437174
3,0,1202,589,6.17847940530777
3,0,1202,590,6.082192925643921
3,0,1202,591,6.073856817595164
3,0,1202,592,6.120469758256276
3,0,1202,593,6.1469923645655316
3,0,1202,594,5.9914552080154415
3,0,1202,595,5.914639468828837
3,0,1202,596,5.969252979691824
3,0,1202,597,6.164096807607015
3,0,1202,598,6.611383400980632
3,0,1202,599,6.9554550715128585
3,0,1202,600,6.849930140558879
3,0,1202,601,6.499257936286926
3,0,1202,602,6.312278835423787
3,0,1202,603,5.977344011433919
3,0,1202,604,5.9510447814305625
3,0,1202,605,5.899886619186401
3,0,1202,606,5.775885229492188
3,0,1202,607,5.5429676589012145
3,0,1202,608,5.293931340567271
3,0,1202,609,5.166777392641703
3,0,1202,610,5.042057076978684
3,0,1202,611,5.024611556943258
3,0,1202,612,5.108715359258651
3,0,1202,613,5.119991455507279
3,0,1202,614,5.115157502476374
3,0,1202,615,5.054747008816401
3,0,1202,616,4.980942835092544
3,0,1202,617,4.94606907992363
3,0,1202,618,4.951844210847219
3,0,1202,619,4.938323310979207
3,0,1202,620,4.982009834512075
3,0,1202,621,5.038095440149307
3,0,1202,622,5.0960322338104245
3,0,1202,623,5.252536790132522
3,0,1202,624,5.25390698407491
3,0,1202,625,5.420117880916595
3,0,1202,626,5.5133051685969034
3,0,1202,627,5.5767305181185405
3,0,1202,628,5.703747984075546
3,0,1202,629,5.76648296546936
3,0,1202,630,5.783609958299001
3,0,1202,631,5.8363429030736285
3,0,1202,632,5.828562781715393
3,0,1202,633,5.920570999018351
3,0,1202,634,6.053241601689656
3,0,1202,635,5.969198339970907
3,0,1202,636,6.110599363009135
3,0,1202,637,6.154862849585215
3,0,1202,638,6.206321039708455
3,0,1202,639,6.142828873380025
3,0,1202,640,6.138251747639974
3,0,1202,641,6.08876213722229
3,0,1202,642,6.086428676223755
3,0,1202,643,6.117263184102376
3,0,1202,644,6.048784798971812
3,0,1202,645,5.990277049700419
3,0,1202,646,5.9843673961639405
3,0,1202,647,6.310145726585388
3,0,1202,648,6.6563340773264565
3,0,1202,649,7.0573680892944335
3,0,1202,650,6.973167808087667
3,0,1202,651,6.47162873134613
3,0,1202,652,6.411820365524292
3,0,1202,653,6.15190814297994
3,0,1202,654,6.085515204397837
3,0,1202,655,6.05777361831665
3,0,1202,656,5.886056357129415
3,0,1202,657,5.676013043403626
3,0,1202,658,5.435622094726562
3,0,1202,659,5.246575836976369
3,0,1202,660,5.115931853357951
3,0,1202,661,5.127421700620651
3,0,1202,662,5.160849884096781
3,0,1202,663,5.2136021367390954
3,0,1202,664,5.281629293187459
3,0,1202,665,5.31931737130483
3,0,1202,666,5.310020492108663
3,0,1202,667,5.229671026523908
3,0,1202,668,5.253763878250122
3,0,1202,669,5.191035907363892
3,0,1202,670,5.256429257074992
3,0,1202,671,5.250759154812495
3,0,1202,672,5.305976815160116
3,0,1202,673,5.3892269726435345
3,0,1202,674,5.4313266338030495
3,0,1202,675,5.5851605996131894
3,0,1202,676,5.638773856671651
3,0,1202,677,5.6645787869135535
3,0,1202,678,5.710064289474487
3,0,1202,679,5.8379950499216715
3,0,1202,680,5.940089522488912
3,0,1202,681,5.981645704396565
3,0,1202,682,6.017965255292257
3,0,1202,683,6.084688881317774
3,0,1202,684,6.153193904304504
3,0,1202,685,6.210310746987661
3,0,1202,686,6.231110551961263
3,0,1202,687,6.25789075498581
3,0,1202,688,6.236824349784851
3,0,1202,689,6.202848982493083
3,0,1202,690,6.103378984896342
3,0,1202,691,6.144970577494304
3,0,1202,692,6.198747174390157
3,0,1202,693,6.211687266858418
3,0,1202,694,6.031748918978373
3,0,1202,695,6.031577797635396
3,0,1202,696,6.1954239568074545
3,0,1202,697,6.499925470288595
3,0,1202,698,6.879031031036377
3,0,1202,699,7.2525433255513505
3,0,1202,700,7.130313116327922
3,0,1202,701,6.5647847287495935
3,0,1202,702,6.48602512661616
3,0,1202,703,6.282953035449982
3,0,1202,704,6.2598026702245075
3,0,1202,705,6.0652254810969035
3,0,1202,706,5.885981467183431
3,0,1202,707,5.645450222555796
3,0,1202,708,5.363308286301295
3,0,1202,709,5.223601365629832
3,0,1202,710,5.275163611793518
3,0,1202,711,5.239470871384938
3,0,1202,712,5.232499827480316
3,0,1202,713,5.402671608193716
3,0,1202,714,5.418036650498708
3,0,1202,715,5.484487440554301
3,0,1202,716,5.473479517745972
3,0,1202,717,5.417508163277308
3,0,1202,718,5.4107313026507695
3,0,1202,719,5.4026056001663205
3,0,1202,720,5.426250905736287
3,0,1202,721,5.485087692769368
3,0,1202,722,5.615162548987071
3,0,1202,723,5.61642991921107
3,0,1202,724,5.747431106185913
3,0,1202,725,5.84435879128774
3,0,1202,726,5.89011563018163
3,0,1202,727,6.067274447949727
3,0,1202,728,5.997358050982157
3,0,1202,729,6.040715697606404
3,0,1202,730,6.095378874619802
3,0,1202,731,6.170875226020813
3,0,1202,732,6.168122286605835
3,0,1202,733,6.194746238263448
3,0,1202,734,6.202512690162659
3,0,1202,735,6.270571373812357
3,0,1202,736,6.299510433451335
3,0,1202,737,6.3019599318186446
3,0,1202,738,6.280478111791611
3,0,1202,739,6.283171175257365
3,0,1202,740,6.236201677703858
3,0,1202,741,6.202569299252828
3,0,1202,742,6.1894153887430825
3,0,1202,743,6.169379262415568
3,0,1202,744,6.128390672365825
3,0,1202,745,6.113195690155029
3,0,1202,746,6.21275701212883
3,0,1202,747,6.527778271865845
3,0,1202,748,6.907329372533162
3,0,1202,749,7.372524352391561
3,0,1202,750,7.049409227244059
3,0,1202,751,6.759845392926534
3,0,1202,752,6.530169193840027
3,0,1202,753,6.345476370938619
3,0,1202,754,6.195889052327474
3,0,1202,755,6.104456465339661
3,0,1202,756,5.844926799519857
3,0,1202,757,5.547684997256597
3,0,1202,758,5.26054714047114
3,0,1202,759,5.156928694613774
3,0,1202,760,5.169172567335765
3,0,1202,761,5.1506821453968685
3,0,1202,762,5.222114436340332
3,0,1202,763,5.379890591828028
3,0,1202,764,5.488660625076294
3,0,1202,765,5.589212271531423
3,0,1202,766,5.690520525932312
3,0,1202,767,5.6463340594609575
3,0,1202,768,5.63562196299235
3,0,1202,769,5.602880229504903
3,0,1202,770,5.676321684805552
3,0,1202,771,5.727540970865886
3,0,1202,772,5.699310248835881
3,0,1202,773,5.891587455495198
3,0,1202,774,5.957700629425049
3,0,1202,775,5.9704895994504295
3,0,1202,776,6.084210288937887
3,0,1202,777,6.133485145823161
3,0,1202,778,6.231048306973776
3,0,1202,779,6.248689780680339
3,0,1202,780,6.289763391431173
3,0,1202,781,6.4321434181213375
3,0,1202,782,6.305823821894328
3,0,1202,783,6.270870805644989
3,0,1202,784,6.274035637664795
3,0,1202,785,6.268316189257304
3,0,1202,786,6.244986135927836
3,0,1202,787,6.270945825735728
3,0,1202,788,6.237223609066009
3,0,1202,789,6.1066241388320925
3,0,1202,790,6.077425471687317
3,0,1202,791,5.983783091290792
3,0,1202,792,5.968150126361847
3,0,1202,793,6.0777527541478475
3,0,1202,794,6.0927697319030765
3,0,1202,795,6.1280270264307655
3,0,1202,796,6.2230722633361815
3,0,1202,797,6.531991286977132
3,0,1202,798,7.03480936832428
3,0,1202,799,7.377341290791829
3,0,1202,800,7.111941341654459
3,0,1202,801,6.982187893358867
3,0,1202,802,6.792924661064148
3,0,1202,803,6.639795894813537
3,0,1202,804,6.48501228167216
3,0,1202,805,6.35986076482137
3,0,1202,806,6.169783437665304
3,0,1202,807,5.838983359686534
3,0,1202,808,5.5699456528345745
3,0,1202,809,5.39165622549057
3,0,1202,810,5.363114814885457
3,0,1202,811,5.329771362145742
3,0,1202,812,5.447046901448568
3,0,1202,813,5.489397096252441
3,0,1202,814,5.6864110328038535
3,0,1202,815,5.762400686168671
3,0,1202,816,5.837441321245829
3,0,1202,817,5.823035490194957
3,0,1202,818,5.8048419931093855
3,0,1202,819,5.86751799399058
3,0,1202,820,5.878758204778036
3,0,1202,821,5.971071222829819
3,0,1202,822,6.063914009094239
3,0,1202,823,6.124563285509745
3,0,1202,824,6.225203884665171
3,0,1202,825,6.293554406229655
3,0,1202,826,6.338469826380412
3,0,1202,827,6.465991668128967
3,0,1202,828,6.450279436810812
3,0,1202,829,6.441908504358928
3,0,1202,830,6.524369308980306
3,0,1202,831,6.427106350135803
3,0,1202,832,6.538430534680685
3,0,1202,833,6.534028116416931
3,0,1202,834,6.526050152269999
3,0,1202,835,6.50695142548879
3,0,1202,836,6.538795925712585
3,0,1202,837,6.436319837379456
3,0,1202,838,6.310049277369181
3,0,1202,839,6.186831184705098
3,0,1202,840,6.069406206671397
3,0,1202,841,6.046509234746297
3,0,1202,842,6.095195340601603
3,0,1202,843,6.180970857111613
3,0,1202,844,6.1411995621363324
3,0,1202,845,6.292270673561096
3,0,1202,846,6.5219095547993975
3,0,1202,847,6.864825226211548
3,0,1202,848,7.249746324920654
3,0,1202,849,7.57265856030782
3,0,1202,850,7.179722679392497
3,0,1202,851,7.299891750971476
3,0,1202,852,7.180970085525512
3,0,1202,853,6.850988242975871
3,0,1202,854,6.597756817817688
3,0,1202,855,6.521669444656372
3,0,1202,856,6.374087257989248
3,0,1202,857,6.1436796351750695
3,0,1202,858,5.896689750417074
3,0,1202,859,5.692068639246623
3,0,1202,860,5.65256394815445
3,0,1202,861,5.642187014547984
3,0,1202,862,5.687145784203212
3,0,1202,863,5.834009677187602
3,0,1202,864,5.800561156050364
3,0,1202,865,5.913322732480367
3,0,1202,866,6.017661798286438
3,0,1202,867,6.1329993049621585
3,0,1202,868,6.180444385560354
3,0,1202,869,6.230083515357971
3,0,1202,870,6.216068828233083
3,0,1202,871,6.288904056421916
3,0,1202,872,6.384122345511119
3,0,1202,873,6.4785937499364215
3,0,1202,874,6.603586080296834
3,0,1202,875,6.623863961537679
3,0,1202,876,6.621333335749308
3,0,1202,877,6.728602108764648
3,0,1202,878,6.7217313009262085
3,0,1202,879,6.790741993904113
3,0,1202,880,6.775664647102356
3,0,1202,881,6.800691111755371
3,0,1202,882,6.765336604690551
3,0,1202,883,6.7789808373769125
3,0,1202,884,6.715757943089803
3,0,1202,885,6.744615571975708
3,0,1202,886,6.697725873438517
3,0,1202,887,6.637912482961019
3,0,1202,888,6.480873223813375
3,0,1202,889,6.449806639798482
3,0,1202,890,6.3641137646993
3,0,1202,891,6.182890120697022
3,0,1202,892,6.233341552861532
3,0,1202,893,6.4700474988301595
3,0,1202,894,6.481007812372844
3,0,1202,895,6.5049712668101
3,0,1202,896,6.695628177197774
3,0,1202,897,6.958058838399252
3,0,1202,898,7.198178841018676
3,0,1202,899,7.576123754692078
3,0,1202,900,7.505015045293172
3,0,1202,901,7.458897104644775
3,0,1202,902,7.447405514144897
3,0,1202,903,7.0780785870869956
3,0,1202,904,6.802308210436503
3,0,1202,905,6.611747164599101
3,0,1202,906,6.547645448048909
3,0,1202,907,6.380734196408589
3,0,1202,908,6.083192546844482
3,0,1202,909,5.91565581817627
3,0,1202,910,5.934870636240642
3,0,1202,911,5.824310414393743
3,0,1202,912,5.908230571174622
3,0,1202,913,5.955152616818746
3,0,1202,914,6.063436204751333
3,0,1202,915,6.217577934074402
3,0,1202,916,6.325127366892497
3,0,1202,917,6.285900046094259
3,0,1202,918,6.403923222668966
3,0,1202,919,6.455588497670491
3,0,1202,920,6.43818106136322
3,0,1202,921,6.532438702360789
3,0,1202,922,6.619565093104044
3,0,1202,923,6.679130758285522
3,0,1202,924,6.794879133542379
3,0,1202,925,6.84429491259257
3,0,1202,926,6.863123284784953
3,0,1202,927,6.859207767995199
3,0,1202,928,6.8597856088002525
3,0,1202,929,6.956945394961039
3,0,1202,930,6.993599010912577
3,0,1202,931,6.985674927775065
3,0,1202,932,6.891105465380351
3,0,1202,933,6.954201981163025
3,0,1202,934,6.9029748825073245
3,0,1202,935,6.882418175125122
3,0,1202,936,6.804175131352743
3,0,1202,937,6.69264210319519
3,0,1202,938,6.608878719456991
3,0,1202,939,6.550135682423909
3,0,1202,940,6.485707281303406
3,0,1202,941,6.373702458953858
3,0,1202,942,6.511776578203837
3,0,1202,943,6.611252427927653
3,0,1202,944,6.7237489142100015
3,0,1202,945,6.699707772509257
3,0,1202,946,6.846713874562582
3,0,1202,947,7.039020605087281
3,0,1202,948,7.329398345311483
3,0,1202,949,7.610699105580648
3,0,1202,950,7.628323025131226
3,0,1202,951,7.666367043940226
3,0,1202,952,7.556471599324544
3,0,1202,953,7.219785188102722
3,0,1202,954,6.879163158543904
3,0,1202,955,6.73932697429657
3,0,1202,956,6.626086922709147
3,0,1202,957,6.518751378631592
3,0,1202,958,6.357063272031148
3,0,1202,959,6.210541895612081
3,0,1202,960,6.184461828009288
3,0,1202,961,6.134147585360209
3,0,1202,962,6.205978641478221
3,0,1202,963,6.26333628470103
3,0,1202,964,6.4516441198349
3,0,1202,965,6.452014433288574
3,0,1202,966,6.541071788422267
3,0,1202,967,6.606812328720093
3,0,1202,968,6.602318373235066
3,0,1202,969,6.61318672879537
3,0,1202,970,6.677307691001892
3,0,1202,971,6.763005232620239
3,0,1202,972,6.80145598303477
3,0,1202,973,6.979389552879334
3,0,1202,974,6.992959858703613
3,0,1202,975,7.055727774683635
3,0,1202,976,7.073605433019003
3,0,1202,977,7.1300936033884685
3,0,1202,978,7.0977395762125655
3,0,1202,979,7.097209433746338
3,0,1202,980,7.139822423044841
3,0,1202,981,7.144537461980184
3,0,1202,982,7.122821790186564
3,0,1202,983,7.123495579783122
3,0,1202,984,7.039499641418457
3,0,1202,985,7.018007926177979
3,0,1202,986,6.920567844645182
3,0,1202,987,6.856609573237101
3,0,1202,988,6.739359840710958
3,0,1202,989,6.680007459259033
3,0,1202,990,6.588022072219848
3,0,1202,991,6.609667387008667
3,0,1202,992,6.600119410324097
3,0,1202,993,6.776462835820516
3,0,1202,994,6.941336218452453
3,0,1202,995,6.941150259145101
3,0,1202,996,6.930856560643514
3,0,1202,997,7.0850377948125205
3,0,1202,998,7.2889873462677
3,0,1202,999,7.545700250689189
3,0,1202,1000,7.787385078557333
3,0,1202,1001,7.706856437683106
3,0,1202,1002,7.612458044687907
3,0,1202,1003,7.260825877761841
3,0,1202,1004,6.966919179026286
3,0,1202,1005,6.828011356099447
3,0,1202,1006,6.870555265680949
3,0,1202,1007,6.72156656519572
3,0,1202,1008,6.631079704284668
3,0,1202,1009,6.387761832046508
3,0,1202,1010,6.3265567967096965
3,0,1202,1011,6.353131788158417
3,0,1202,1012,6.3851374239603675
3,0,1202,1013,6.501022112655639
3,0,1202,1014,6.692289002418518
3,0,1202,1015,6.675120654932658
3,0,1202,1016,6.803434276835124
3,0,1202,1017,6.799461080423991
3,0,1202,1018,6.870499773406983
3,0,1202,1019,6.845515648078918
3,0,1202,1020,6.871979108810425
3,0,1202,1021,6.94074111328125
3,0,1202,1022,7.053928319676717
3,0,1202,1023,7.166809009297689
3,0,1202,1024,7.1975388334910075
3,0,1202,1025,7.180098194249471
3,0,1202,1026,7.202589537302653
3,0,1202,1027,7.201798419761658
3,0,1202,1028,7.2481145015716555
3,0,1202,1029,7.2252604864756265
3,0,1202,1030,7.192933424123129
3,0,1202,1031,7.288052297465007
3,0,1202,1032,7.257615583546956
3,0,1202,1033,7.257877682876587
3,0,1202,1034,7.193988581212362
3,0,1202,1035,7.138577280171712
3,0,1202,1036,7.042959744517009
3,0,1202,1037,7.00497924601237
3,0,1202,1038,6.916620174535115
3,0,1202,1039,6.819620491663615
3,0,1202,1040,6.7904974421819055
3,0,1202,1041,6.629656995582581
3,0,1202,1042,6.758036436080933
3,0,1202,1043,6.9280307616551715
3,0,1202,1044,7.1280797709782915
3,0,1202,1045,7.130896885172526
3,0,1202,1046,7.130491680145264
3,0,1202,1047,7.225885132471721
3,0,1202,1048,7.45302869275411
3,0,1202,1049,7.710941094589233
3,0,1202,1050,7.939944836298625
3,0,1202,1051,7.822329215494792
3,0,1202,1052,7.663390702056884
3,0,1202,1053,7.346612379201253
3,0,1202,1054,7.158320399983724
3,0,1202,1055,7.032365359242757
3,0,1202,1056,6.992130033238729
3,0,1202,1057,6.914330215326945
3,0,1202,1058,6.827528173128764
3,0,1202,1059,6.73602186609904
3,0,1202,1060,6.621479889806111
3,0,1202,1061,6.672801171366373
3,0,1202,1062,6.685370532290141
3,0,1202,1063,6.704003490320842
3,0,1202,1064,6.841429129600525
3,0,1202,1065,6.885533486302694
3,0,1202,1066,6.936486497497558
3,0,1202,1067,6.868920256614685
3,0,1202,1068,6.957275560887655
3,0,1202,1069,6.954277364222209
3,0,1202,1070,6.995833491325379
3,0,1202,1071,7.1016634071350095
3,0,1202,1072,7.12631893787384
3,0,1202,1073,7.206008549118042
3,0,1202,1074,7.259443957901001
3,0,1202,1075,7.338436318651835
3,0,1202,1076,7.296956293296814
3,0,1202,1077,7.350771377309163
3,0,1202,1078,7.376199081039429
3,0,1202,1079,7.389614986292521
3,0,1202,1080,7.39435957959493
3,0,1202,1081,7.39624231262207
3,0,1202,1082,7.412607159550984
3,0,1202,1083,7.433016379419962
3,0,1202,1084,7.2935668558756515
3,0,1202,1085,7.27179194170634
3,0,1202,1086,7.171484717559815
3,0,1202,1087,7.080529241752624
3,0,1202,1088,6.98550864016215
3,0,1202,1089,6.937098392486572
3,0,1202,1090,6.975240728759766
3,0,1202,1091,6.836745180765788
3,0,1202,1092,7.01665096022288
3,0,1202,1093,7.134402671082815
3,0,1202,1094,7.349073287200928
3,0,1202,1095,7.342300009791057
3,0,1202,1096,7.365319741058349
3,0,1202,1097,7.399312785975138
3,0,1202,1098,7.5672572265625
3,0,1202,1099,7.690738791402181
3,0,1202,1100,7.983105327479045
3,0,1202,1101,7.911693125915527
3,0,1202,1102,7.698691953404745
3,0,1202,1103,7.559618049240112
3,0,1202,1104,7.4304790055592855
3,0,1202,1105,7.3565973411560055
3,0,1202,1106,7.278796938832601
3,0,1202,1107,7.323828789456686
3,0,1202,1108,7.319050340016683
3,0,1202,1109,7.327221304957072
3,0,1202,1110,7.36494650554657
3,0,1202,1111,7.37565657043457
3,0,1202,1112,7.345511701456705
3,0,1202,1113,7.239089060974121
3,0,1202,1114,7.180825283177693
3,0,1202,1115,7.128225725301107
3,0,1202,1116,7.261988370958964
3,0,1202,1117,7.25151806602478
3,0,1202,1118,7.317382234827678
3,0,1202,1119,7.386768057886759
3,0,1202,1120,7.392084140650431
3,0,1202,1121,7.484219947179159
3,0,1202,1122,7.492369121170044
3,0,1202,1123,7.436701097869873
3,0,1202,1124,7.436129807154337
3,0,1202,1125,7.427261508687337
3,0,1202,1126,7.44905345363617
3,0,1202,1127,7.4874481678009035
3,0,1202,1128,7.613829316329956
3,0,1202,1129,7.617685688654582
3,0,1202,1130,7.631247592290243
3,0,1202,1131,7.642258644231161
3,0,1202,1132,7.662942980575561
3,0,1202,1133,7.622866626612345
3,0,1202,1134,7.642850477345784
3,0,1202,1135,7.551923855463664
3,0,1202,1136,7.456302133878072
3,0,1202,1137,7.485015858968099
3,0,1202,1138,7.42148500658671
3,0,1202,1139,7.510002335357666
3,0,1202,1140,7.445077502314249
3,0,1202,1141,7.50672417640686
3,0,1202,1142,7.578938058217367
3,0,1202,1143,7.623846834818522
3,0,1202,1144,7.6899884381612145
3,0,1202,1145,7.746133271408081
3,0,1202,1146,7.7929766045888265
3,0,1202,1147,7.831093528620402
3,0,1202,1148,7.827318755849203
3,0,1202,1149,7.888991356913249
3,0,1202,1150,7.988125860945384
3,0,1202,1151,7.955707530466715
3,0,1202,1152,7.880642733192444
3,0,1202,1153,7.785068412653605
3,0,1202,1154,7.764601806131998
3,0,1202,1155,7.658084726524353
3,0,1202,1156,7.58462469736735
3,0,1202,1157,7.527199667104085
3,0,1202,1158,7.570332080968221
3,0,1202,1159,7.574875847434997
3,0,1202,1160,7.5892138109207155
3,0,1202,1161,7.588398085657755
3,0,1202,1162,7.582217359161377
3,0,1202,1163,7.538310626475016
3,0,1202,1164,7.577051371256511
3,0,1202,1165,7.55301821123759
3,0,1202,1166,7.634541853459676
3,0,1202,1167,7.659663145828247
3,0,1202,1168,7.716511527252197
3,0,1202,1169,7.8130813972473145
3,0,1202,1170,7.853170303090414
3,0,1202,1171,7.829769660949707
3,0,1202,1172,7.736882725779216
3,0,1202,1173,7.538720419184367
3,0,1202,1174,7.311840664418538
3,0,1202,1175,7.224417596435547
3,0,1202,1176,7.120770120557149
3,0,1202,1177,7.209573250325521
3,0,1202,1178,7.20931734161377
3,0,1202,1179,7.335642312367757
3,0,1202,1180,7.597563194402059
3,0,1202,1181,7.7461833554585775
3,0,1202,1182,7.818421425882975
3,0,1202,1183,7.912165319188436
3,0,1202,1184,7.823573247146607
3,0,1202,1185,7.71742258237203
3,0,1202,1186,7.687787305323283
3,0,1202,1187,7.5639995695749915
3,0,1202,1188,7.574160140228272
3,0,1202,1189,7.551211690012614
3,0,1202,1190,7.601316493606568
3,0,1202,1191,7.673589753214518
3,0,1202,1192,7.709417388661702
3,0,1202,1193,7.746297161992391
3,0,1202,1194,7.812436531448364
3,0,1202,1195,7.883718185170491
3,0,1202,1196,7.970245263036092
3,0,1202,1197,8.03467033259074
3,0,1202,1198,8.05405221417745
3,0,1202,1199,8.128811695226034
3,0,1202,1200,7.766896467844645
3,0,1202,1201,7.787831072362264
3,0,1202,1202,7.798439433670044
3,0,1202,1203,7.822662306594848
3,0,1202,1204,7.788412286631266
3,0,1202,1205,7.834768668365479
3,0,1202,1206,7.8678146269480385
3,0,1202,1207,7.850642722829183
3,0,1202,1208,7.897252206675212
3,0,1202,1209,7.842959628931681
3,0,1202,1210,7.82533383140564
3,0,1202,1211,7.842815593592326
3,0,1202,1212,7.828038168462117
3,0,1202,1213,7.87883940111796
3,0,1202,1214,7.772842052078247
3,0,1202,1215,7.689057286580404
3,0,1202,1216,7.594008592732747
3,0,1202,1217,7.5212375322977705
3,0,1202,1218,7.482351516469319
3,0,1202,1219,7.380924794514974
3,0,1202,1220,7.27551430943807
3,0,1202,1221,7.218827304204305
3,0,1202,1222,7.155876602427164
3,0,1202,1223,7.1075082796096805
3,0,1202,1224,6.992802573013305
3,0,1202,1225,7.02842423731486
3,0,1202,1226,7.089900801976522
3,0,1202,1227,7.24815622215271
3,0,1202,1228,7.210453658548991
3,0,1202,1229,7.340667040125529
3,0,1202,1230,7.426539907582601
3,0,1202,1231,7.437032597605388
3,0,1202,1232,7.585897491836548
3,0,1202,1233,7.720307781092326
3,0,1202,1234,7.794589867782593
3,0,1202,1235,7.8371165705362955
3,0,1202,1236,7.84359981396993
3,0,1202,1237,7.833557276789348
3,0,1202,1238,7.910440042877197
3,0,1202,1239,7.898484239196778
3,0,1202,1240,7.861644064203898
3,0,1202,1241,7.902185381444295
3,0,1202,1242,7.883204063924154
3,0,1202,1243,7.928411765925089
3,0,1202,1244,7.9504891157786055
3,0,1202,1245,7.965641776911418
3,0,1202,1246,7.954106335067749
3,0,1202,1247,7.982317590459187
3,0,1202,1248,7.942086607996623
3,0,1202,1249,7.9771721599578855
3,0,1203,0,4.790727597618103
3,0,1203,1,4.7141459341526035
3,0,1203,2,4.748469074392319
3,0,1203,3,4.75470787823995
3,0,1203,4,4.6854525288581845
3,0,1203,5,4.697568085892995
3,0,1203,6,4.656550611527761
3,0,1203,7,4.643114709393183
3,0,1203,8,4.61615028886795
3,0,1203,9,4.602131912326813
3,0,1203,10,4.600125312439601
3,0,1203,11,4.590507563654581
3,0,1203,12,4.56376168311437
3,0,1203,13,4.569789530309041
3,0,1203,14,4.557782781346639
3,0,1203,15,4.554428241380056
3,0,1203,16,4.575078421624502
3,0,1203,17,4.595852562268575
3,0,1203,18,4.621147421614329
3,0,1203,19,4.594509755659104
3,0,1203,20,4.604235548742612
3,0,1203,21,4.6303391606330875
3,0,1203,22,4.672173737510045
3,0,1203,23,4.666696748638153
3,0,1203,24,4.669888120635351
3,0,1203,25,4.720880742581685
3,0,1203,26,4.7139856012503305
3,0,1203,27,4.745574842945735
3,0,1203,28,4.804613380058607
3,0,1203,29,4.769496659056346
3,0,1203,30,4.804109495075544
3,0,1203,31,4.810183190464974
3,0,1203,32,4.909846567281087
3,0,1203,33,4.882820602846146
3,0,1203,34,4.8841143398920694
3,0,1203,35,4.908639391597112
3,0,1203,36,4.9139671756267544
3,0,1203,37,4.9632570853551226
3,0,1203,38,4.977133979098002
3,0,1203,39,5.002789653778076
3,0,1203,40,5.040937005885442
3,0,1203,41,5.051706241909663
3,0,1203,42,5.051697798474629
3,0,1203,43,5.080522832171122
3,0,1203,44,5.056625356356303
3,0,1203,45,5.098897921848297
3,0,1203,46,5.074953386370341
3,0,1203,47,5.052761064449946
3,0,1203,48,5.050110284248988
3,0,1203,49,5.02071073495547
3,0,1203,50,4.901839010063807
3,0,1203,51,4.827363750171662
3,0,1203,52,4.741883529567718
3,0,1203,53,4.6791303625583645
3,0,1203,54,4.636555519485474
3,0,1203,55,4.617439825455348
3,0,1203,56,4.584448299439748
3,0,1203,57,4.548481583881379
3,0,1203,58,4.462105757188797
3,0,1203,59,4.4308569372495015
3,0,1203,60,4.39573959244887
3,0,1203,61,4.362443972396851
3,0,1203,62,4.288420650466283
3,0,1203,63,4.335970703792572
3,0,1203,64,4.282208330917358
3,0,1203,65,4.253408665307363
3,0,1203,66,4.299837403980891
3,0,1203,67,4.282467978858948
3,0,1203,68,4.369787406539917
3,0,1203,69,4.405953300937017
3,0,1203,70,4.441720075758298
3,0,1203,71,4.506783784802755
3,0,1203,72,4.501118048191071
3,0,1203,73,4.590839501380921
3,0,1203,74,4.628854832696915
3,0,1203,75,4.760541563097636
3,0,1203,76,4.827858064158757
3,0,1203,77,4.9517890378634135
3,0,1203,78,4.955472886021932
3,0,1203,79,5.042149192285538
3,0,1203,80,5.123873760223389
3,0,1203,81,5.213034995174408
3,0,1203,82,5.239561134815216
3,0,1203,83,5.317321379645666
3,0,1203,84,5.3449053630510965
3,0,1203,85,5.341742253875732
3,0,1203,86,5.3337968526999155
3,0,1203,87,5.372645293521881
3,0,1203,88,5.426562751420339
3,0,1203,89,5.470914346202215
3,0,1203,90,5.541848832289378
3,0,1203,91,5.538553389263153
3,0,1203,92,5.625893359025319
3,0,1203,93,5.623114575958252
3,0,1203,94,5.60171828695933
3,0,1203,95,5.575934343624115
3,0,1203,96,5.607318226305644
3,0,1203,97,5.59591537361145
3,0,1203,98,5.552256026601792
3,0,1203,99,5.57688134504954
3,0,1203,100,5.128396995162964
3,0,1203,101,5.05844409866333
3,0,1203,102,4.915567205142975
3,0,1203,103,4.8426297822793325
3,0,1203,104,4.76625626800855
3,0,1203,105,4.61269371342659
3,0,1203,106,4.521129704523086
3,0,1203,107,4.482379306443533
3,0,1203,108,4.384552538013458
3,0,1203,109,4.336067862399419
3,0,1203,110,4.251288374233246
3,0,1203,111,4.213065047852198
3,0,1203,112,4.176608666324616
3,0,1203,113,4.1281361828168235
3,0,1203,114,4.139247608009974
3,0,1203,115,4.149464248752594
3,0,1203,116,4.13952929965655
3,0,1203,117,4.171294304466247
3,0,1203,118,4.181043611415228
3,0,1203,119,4.2314274392286935
3,0,1203,120,4.296866982364654
3,0,1203,121,4.3118236797014875
3,0,1203,122,4.49377744251887
3,0,1203,123,4.4860043637832
3,0,1203,124,4.636511061668396
3,0,1203,125,4.780682374000549
3,0,1203,126,4.882305273850759
3,0,1203,127,4.973038751268387
3,0,1203,128,5.115338740539551
3,0,1203,129,5.213706746006012
3,0,1203,130,5.288217049296697
3,0,1203,131,5.389266218010585
3,0,1203,132,5.476051181761424
3,0,1203,133,5.454618417127927
3,0,1203,134,5.554659174950918
3,0,1203,135,5.616066657606761
3,0,1203,136,5.645930821037292
3,0,1203,137,5.668138546498617
3,0,1203,138,5.662929750474294
3,0,1203,139,5.7128320700009665
3,0,1203,140,5.699530928993225
3,0,1203,141,5.805815750567119
3,0,1203,142,5.939759587033589
3,0,1203,143,5.954677734859785
3,0,1203,144,5.9339132491429645
3,0,1203,145,5.968335388628642
3,0,1203,146,5.908494343694051
3,0,1203,147,5.891577861245473
3,0,1203,148,5.849768015607198
3,0,1203,149,5.908802893129985
3,0,1203,150,5.40049615538915
3,0,1203,151,5.2046780149459835
3,0,1203,152,5.099244280370076
3,0,1203,153,4.988389007933934
3,0,1203,154,4.887855998166402
3,0,1203,155,4.6921793175856275
3,0,1203,156,4.627383676767349
3,0,1203,157,4.527177539928754
3,0,1203,158,4.426577837673823
3,0,1203,159,4.310854800653457
3,0,1203,160,4.203359518973032
3,0,1203,161,4.166281576212247
3,0,1203,162,4.101562444655101
3,0,1203,163,4.0913209527492524
3,0,1203,164,4.034001530241966
3,0,1203,165,4.039045589288076
3,0,1203,166,3.9964632909695306
3,0,1203,167,4.056670861522357
3,0,1203,168,4.06802924220562
3,0,1203,169,4.137495411721865
3,0,1203,170,4.184025285816193
3,0,1203,171,4.244788041265806
3,0,1203,172,4.333396827554703
3,0,1203,173,4.440474485349655
3,0,1203,174,4.544885466392835
3,0,1203,175,4.710489343881607
3,0,1203,176,4.863778067223231
3,0,1203,177,5.032521361462275
3,0,1203,178,5.150488408788045
3,0,1203,179,5.286741196060181
3,0,1203,180,5.488376123078664
3,0,1203,181,5.626441383997599
3,0,1203,182,5.734790973917643
3,0,1203,183,5.860855516370138
3,0,1203,184,5.950730518817902
3,0,1203,185,6.044376893424988
3,0,1203,186,6.077619786516825
3,0,1203,187,6.068532981618246
3,0,1203,188,6.097774877945582
3,0,1203,189,6.066773482672374
3,0,1203,190,6.070402948697408
3,0,1203,191,6.161064013735453
3,0,1203,192,6.277310046005249
3,0,1203,193,6.298447478675842
3,0,1203,194,6.320353184000651
3,0,1203,195,6.287025466378529
3,0,1203,196,6.245685779476166
3,0,1203,197,6.186382364654541
3,0,1203,198,6.210739717610677
3,0,1203,199,6.170838317998251
3,0,1203,200,5.482197182591756
3,0,1203,201,5.308329048792521
3,0,1203,202,5.148196550067266
3,0,1203,203,4.990983060026169
3,0,1203,204,4.83078359708786
3,0,1203,205,4.6860684718132015
3,0,1203,206,4.58221104016304
3,0,1203,207,4.522642206494013
3,0,1203,208,4.4127873186508815
3,0,1203,209,4.308038737837474
3,0,1203,210,4.152645128329595
3,0,1203,211,4.116465944838524
3,0,1203,212,4.026298540973663
3,0,1203,213,3.9584141985416412
3,0,1203,214,3.947818695584933
3,0,1203,215,3.9361230106830596
3,0,1203,216,3.9924200741291047
3,0,1203,217,3.9872267109076183
3,0,1203,218,4.029591140389442
3,0,1203,219,4.090376396274567
3,0,1203,220,4.15810666375955
3,0,1203,221,4.242746973180771
3,0,1203,222,4.442044965608915
3,0,1203,223,4.4069193339586255
3,0,1203,224,4.57784423927466
3,0,1203,225,4.680077621793747
3,0,1203,226,4.866221521600088
3,0,1203,227,5.004070542208353
3,0,1203,228,5.087537274599075
3,0,1203,229,5.289370749282837
3,0,1203,230,5.390749517170589
3,0,1203,231,5.5748854214986165
3,0,1203,232,5.731074796422322
3,0,1203,233,5.842550767278671
3,0,1203,234,5.939294100443522
3,0,1203,235,5.99543352247874
3,0,1203,236,6.11083653755188
3,0,1203,237,6.1708402281443275
3,0,1203,238,6.179278259658814
3,0,1203,239,6.204639902623494
3,0,1203,240,6.186177380688985
3,0,1203,241,6.226319034258524
3,0,1203,242,6.3358762702941895
3,0,1203,243,6.375291144688924
3,0,1203,244,6.357115035374959
3,0,1203,245,6.339689754358927
3,0,1203,246,6.281808665275574
3,0,1203,247,6.285766311136881
3,0,1203,248,6.253061974271138
3,0,1203,249,6.262610986646016
3,0,1203,250,5.548799209658305
3,0,1203,251,5.405927465375265
3,0,1203,252,5.102788274701436
3,0,1203,253,4.851517273243268
3,0,1203,254,4.7150491215070085
3,0,1203,255,4.5815448083639145
3,0,1203,256,4.487293363062541
3,0,1203,257,4.409148123884201
3,0,1203,258,4.33452763021787
3,0,1203,259,4.2029185976107915
3,0,1203,260,4.053944513646762
3,0,1203,261,3.9798094232320786
3,0,1203,262,3.909700313981374
3,0,1203,263,3.9329048977216083
3,0,1203,264,3.92900302344958
3,0,1203,265,3.8696934676965076
3,0,1203,266,3.9256252671877543
3,0,1203,267,3.949363938307762
3,0,1203,268,4.003812550926209
3,0,1203,269,4.066076825126012
3,0,1203,270,4.096970390653611
3,0,1203,271,4.173218525822957
3,0,1203,272,4.319255526622136
3,0,1203,273,4.427706860733032
3,0,1203,274,4.535728485314051
3,0,1203,275,4.611939667455355
3,0,1203,276,4.776741111882528
3,0,1203,277,4.92928814514478
3,0,1203,278,5.056067176564534
3,0,1203,279,5.213066738382976
3,0,1203,280,5.302981584008535
3,0,1203,281,5.506257906198502
3,0,1203,282,5.6877535036722815
3,0,1203,283,5.7982152302742005
3,0,1203,284,5.914794064331055
3,0,1203,285,5.991826910654704
3,0,1203,286,6.059006118774414
3,0,1203,287,6.141174398040771
3,0,1203,288,6.19140065390269
3,0,1203,289,6.194848834355672
3,0,1203,290,6.172552207247416
3,0,1203,291,6.261173127047221
3,0,1203,292,6.391406351470947
3,0,1203,293,6.412845422395071
3,0,1203,294,6.44859439142545
3,0,1203,295,6.387766895325979
3,0,1203,296,6.255113246091207
3,0,1203,297,6.213999313608805
3,0,1203,298,6.14749282023112
3,0,1203,299,6.133699868011474
3,0,1203,300,5.789268167495727
3,0,1203,301,5.6200350981553395
3,0,1203,302,5.3451681248346965
3,0,1203,303,5.078052411651611
3,0,1203,304,4.858864447863897
3,0,1203,305,4.740498003021876
3,0,1203,306,4.635075217851003
3,0,1203,307,4.516664827100436
3,0,1203,308,4.412870413891475
3,0,1203,309,4.249647442555427
3,0,1203,310,4.121255002077421
3,0,1203,311,4.040449893673261
3,0,1203,312,3.974490980776151
3,0,1203,313,3.9544381068229675
3,0,1203,314,3.929068047626813
3,0,1203,315,3.981387267621358
3,0,1203,316,3.987907412640254
3,0,1203,317,3.9796132288614907
3,0,1203,318,4.06226364997228
3,0,1203,319,4.045981510829925
3,0,1203,320,4.124692816146215
3,0,1203,321,4.219149307552973
3,0,1203,322,4.286450013717015
3,0,1203,323,4.376104560565948
3,0,1203,324,4.5315018893877665
3,0,1203,325,4.658403239409129
3,0,1203,326,4.798949170239767
3,0,1203,327,4.953826278956731
3,0,1203,328,5.104346478303274
3,0,1203,329,5.266086823781332
3,0,1203,330,5.434317822535832
3,0,1203,331,5.544705440616608
3,0,1203,332,5.717453322124481
3,0,1203,333,5.802061305554708
3,0,1203,334,5.899519237073262
3,0,1203,335,6.017680061594645
3,0,1203,336,6.1020811530749
3,0,1203,337,6.214845002237956
3,0,1203,338,6.2305488729476926
3,0,1203,339,6.1766783874511715
3,0,1203,340,6.240010360527038
3,0,1203,341,6.299647169494629
3,0,1203,342,6.440292393938701
3,0,1203,343,6.476607843971252
3,0,1203,344,6.411480450375874
3,0,1203,345,6.288361609554291
3,0,1203,346,6.200314588546753
3,0,1203,347,6.201565418752034
3,0,1203,348,6.1570147040685015
3,0,1203,349,6.191440453720093
3,0,1203,350,6.108578292592367
3,0,1203,351,5.886977341334025
3,0,1203,352,5.5120289398988085
3,0,1203,353,5.19520250749588
3,0,1203,354,4.963052054150899
3,0,1203,355,4.881340222946803
3,0,1203,356,4.904076987020175
3,0,1203,357,4.752409953053792
3,0,1203,358,4.5676026661475495
3,0,1203,359,4.45147695218722
3,0,1203,360,4.2990602128982545
3,0,1203,361,4.174116809829076
3,0,1203,362,4.059204449351629
3,0,1203,363,4.017583562835058
3,0,1203,364,3.967744927159945
3,0,1203,365,3.95646093843778
3,0,1203,366,3.9961091697216036
3,0,1203,367,4.001951502339045
3,0,1203,368,4.130565569543839
3,0,1203,369,4.15511371383667
3,0,1203,370,4.219003689567248
3,0,1203,371,4.2561247829596205
3,0,1203,372,4.326426417430242
3,0,1203,373,4.426863714043299
3,0,1203,374,4.551967852989833
3,0,1203,375,4.67986850660642
3,0,1203,376,4.811888347307841
3,0,1203,377,4.896561938063304
3,0,1203,378,5.09344650756518
3,0,1203,379,5.175517923005422
3,0,1203,380,5.341640319252014
3,0,1203,381,5.378571715927124
3,0,1203,382,5.564459767246246
3,0,1203,383,5.727983118947347
3,0,1203,384,5.8699190515200295
3,0,1203,385,5.944313197008769
3,0,1203,386,6.05174452196757
3,0,1203,387,6.17809834651947
3,0,1203,388,6.190819222450257
3,0,1203,389,6.194249153677623
3,0,1203,390,6.194873526128133
3,0,1203,391,6.272193215497335
3,0,1203,392,6.384901779429118
3,0,1203,393,6.312922894668579
3,0,1203,394,6.421930002593994
3,0,1203,395,6.233861835861206
3,0,1203,396,6.136742703501383
3,0,1203,397,6.0801956707636515
3,0,1203,398,6.095620141092936
3,0,1203,399,6.26842669394811
3,0,1203,400,6.2189161581039425
3,0,1203,401,6.0699754788716636
3,0,1203,402,5.655493052705129
3,0,1203,403,5.411611919387181
3,0,1203,404,5.207278186845779
3,0,1203,405,5.096148998260498
3,0,1203,406,5.076359205500284
3,0,1203,407,4.9756160593191785
3,0,1203,408,4.802927483137449
3,0,1203,409,4.584478523826599
3,0,1203,410,4.47404170349439
3,0,1203,411,4.346260719060898
3,0,1203,412,4.252236908769608
3,0,1203,413,4.180040388679505
3,0,1203,414,4.0842964469989145
3,0,1203,415,4.08941539542675
3,0,1203,416,4.089652258388202
3,0,1203,417,4.103893851312002
3,0,1203,418,4.135584989976883
3,0,1203,419,4.177828861284256
3,0,1203,420,4.204291447750728
3,0,1203,421,4.297055525930722
3,0,1203,422,4.309281957085927
3,0,1203,423,4.4384351106365525
3,0,1203,424,4.509147621536255
3,0,1203,425,4.683306300989787
3,0,1203,426,4.764757867185275
3,0,1203,427,4.8728776630242665
3,0,1203,428,4.922964697170258
3,0,1203,429,5.067990758101145
3,0,1203,430,5.188141237131754
3,0,1203,431,5.423500781599681
3,0,1203,432,5.520682370122274
3,0,1203,433,5.705678191407522
3,0,1203,434,5.888657355864843
3,0,1203,435,6.002308263397217
3,0,1203,436,6.091678535842895
3,0,1203,437,6.18987111899058
3,0,1203,438,6.2567696392695105
3,0,1203,439,6.185028290462494
3,0,1203,440,6.264452700106303
3,0,1203,441,6.328277559598287
3,0,1203,442,6.376281771278381
3,0,1203,443,6.394077608235677
3,0,1203,444,6.322803297424317
3,0,1203,445,6.171503231620789
3,0,1203,446,6.0659893708546955
3,0,1203,447,6.0752447217305505
3,0,1203,448,6.173298628044129
3,0,1203,449,6.3764202585220335
3,0,1203,450,6.494870305887858
3,0,1203,451,6.297589050483704
3,0,1203,452,5.7654568870703375
3,0,1203,453,5.408926065508525
3,0,1203,454,5.31529660393397
3,0,1203,455,5.312140873289108
3,0,1203,456,5.179128568045298
3,0,1203,457,5.114198758443196
3,0,1203,458,4.888824460697174
3,0,1203,459,4.783465188757578
3,0,1203,460,4.60611117831866
3,0,1203,461,4.557271482928594
3,0,1203,462,4.435750668152173
3,0,1203,463,4.402333627605438
3,0,1203,464,4.303679368718465
3,0,1203,465,4.30477326203982
3,0,1203,466,4.27980846953392
3,0,1203,467,4.278286271444957
3,0,1203,468,4.32969898387591
3,0,1203,469,4.411728445863724
3,0,1203,470,4.421279625940323
3,0,1203,471,4.5081392887592315
3,0,1203,472,4.583551080910365
3,0,1203,473,4.653390425459544
3,0,1203,474,4.780740364821752
3,0,1203,475,4.907892472930749
3,0,1203,476,5.0362862784703575
3,0,1203,477,5.071528210258484
3,0,1203,478,5.09315882636706
3,0,1203,479,5.272735582097371
3,0,1203,480,5.386834312613805
3,0,1203,481,5.479428439903259
3,0,1203,482,5.57737928905487
3,0,1203,483,5.688884188715617
3,0,1203,484,5.844131874465942
3,0,1203,485,5.889614881134033
3,0,1203,486,6.033402478853861
3,0,1203,487,6.084801124509176
3,0,1203,488,6.207636468919119
3,0,1203,489,6.218379679425557
3,0,1203,490,6.243718027369181
3,0,1203,491,6.219510856691996
3,0,1203,492,6.282917298444112
3,0,1203,493,6.379782194582622
3,0,1203,494,6.323574992370605
3,0,1203,495,6.101189512507121
3,0,1203,496,6.031705523681641
3,0,1203,497,6.046421406523387
3,0,1203,498,6.213566717084249
3,0,1203,499,6.469390515136719
3,0,1203,500,6.658046675491333
3,0,1203,501,6.445519675699869
3,0,1203,502,5.921738625303904
3,0,1203,503,5.576704375425974
3,0,1203,504,5.457709401830037
3,0,1203,505,5.410483221499125
3,0,1203,506,5.274669631862641
3,0,1203,507,5.14229579281807
3,0,1203,508,5.06973397283554
3,0,1203,509,4.898225157864888
3,0,1203,510,4.75512226785024
3,0,1203,511,4.6831428983688355
3,0,1203,512,4.59086446390152
3,0,1203,513,4.576255082289378
3,0,1203,514,4.550336491235098
3,0,1203,515,4.5168159119606015
3,0,1203,516,4.5120489878892895
3,0,1203,517,4.533871519788106
3,0,1203,518,4.558547507858276
3,0,1203,519,4.599441840688388
3,0,1203,520,4.640556921577454
3,0,1203,521,4.701860834948222
3,0,1203,522,4.791915004491806
3,0,1203,523,4.912998889827728
3,0,1203,524,4.9778047813097634
3,0,1203,525,5.0308855216662085
3,0,1203,526,5.075880171346665
3,0,1203,527,5.193761951096852
3,0,1203,528,5.256253704929351
3,0,1203,529,5.364057764530182
3,0,1203,530,5.424873306465149
3,0,1203,531,5.492710608959198
3,0,1203,532,5.625626849460602
3,0,1203,533,5.718218428929647
3,0,1203,534,5.858991034889221
3,0,1203,535,5.992709496402741
3,0,1203,536,5.969064348475138
3,0,1203,537,6.063748483022054
3,0,1203,538,6.089268968963623
3,0,1203,539,6.127627768770854
3,0,1203,540,6.079568775367737
3,0,1203,541,6.124455854002635
3,0,1203,542,6.163719098027547
3,0,1203,543,6.155933937581381
3,0,1203,544,6.1143211696624755
3,0,1203,545,5.960162398370107
3,0,1203,546,5.930110117594401
3,0,1203,547,6.06119052880605
3,0,1203,548,6.38094278717041
3,0,1203,549,6.6769882080078125
3,0,1203,550,6.773395907147726
3,0,1203,551,6.525203841082255
3,0,1203,552,6.118633345063527
3,0,1203,553,5.765929867172241
3,0,1203,554,5.746960022099813
3,0,1203,555,5.701349956162771
3,0,1203,556,5.5133262202898665
3,0,1203,557,5.348512222671509
3,0,1203,558,5.180338477738698
3,0,1203,559,4.959564608891805
3,0,1203,560,4.887211679108938
3,0,1203,561,4.924500837421418
3,0,1203,562,4.850713605324427
3,0,1203,563,4.77988674475352
3,0,1203,564,4.751048846848806
3,0,1203,565,4.5637676870187125
3,0,1203,566,4.645222117312749
3,0,1203,567,4.58129868033727
3,0,1203,568,4.630385474610328
3,0,1203,569,4.65021951640447
3,0,1203,570,4.7203368089358015
3,0,1203,571,4.789101240968704
3,0,1203,572,4.840848214546839
3,0,1203,573,4.934995527966818
3,0,1203,574,5.008450747060776
3,0,1203,575,5.168141976896922
3,0,1203,576,5.200715071217219
3,0,1203,577,5.291680803235372
3,0,1203,578,5.354681404177348
3,0,1203,579,5.411386878267924
3,0,1203,580,5.517708466498057
3,0,1203,581,5.616316228675842
3,0,1203,582,5.702383005714417
3,0,1203,583,5.778930499299367
3,0,1203,584,5.942672971407572
3,0,1203,585,5.9814387101491295
3,0,1203,586,6.064616546440124
3,0,1203,587,6.1829932576497395
3,0,1203,588,6.10128586063385
3,0,1203,589,6.1809613831837975
3,0,1203,590,6.084674954605102
3,0,1203,591,6.076338431294759
3,0,1203,592,6.122951393000285
3,0,1203,593,6.149474177964528
3,0,1203,594,5.993937541341782
3,0,1203,595,5.917121646372477
3,0,1203,596,5.971734542910258
3,0,1203,597,6.16657848815918
3,0,1203,598,6.613865078735351
3,0,1203,599,6.957936890792847
3,0,1249,0,4.636112427123388
3,0,1249,1,4.559530958429972
3,0,1249,2,4.593853784481684
3,0,1249,3,4.600092399199804
3,0,1249,4,4.5308367450873055
3,0,1249,5,4.542951933503151
3,0,1249,6,4.50193449057738
3,0,1249,7,4.488498204088211
3,0,1249,8,4.461533945560455
3,0,1249,9,4.44751585290432
3,0,1249,10,4.445509246563911
3,0,1249,11,4.435891681226095
3,0,1249,12,4.40914591422081
3,0,1249,13,4.415173849169413
3,0,1249,14,4.403166961018244
3,0,1249,15,4.399812440077464
3,0,1249,16,4.420462580045064
3,0,1249,17,4.441236883576711
3,0,1249,18,4.46653145711422
3,0,1249,19,4.439893889578183
3,0,1249,20,4.449619621419907
3,0,1249,21,4.475723183536529
3,0,1249,22,4.517557927449544
3,0,1249,23,4.512081056086222
3,0,1249,24,4.515272531429926
3,0,1249,25,4.566265149982771
3,0,1249,26,4.559370352697372
3,0,1249,27,4.590959837261836
3,0,1249,28,4.649998491716385
3,0,1249,29,4.614882096910477
3,0,1249,30,4.649495396105449
3,0,1249,31,4.655569077332815
3,0,1249,32,4.755232442887624
3,0,1249,33,4.728207050100963
3,0,1249,34,4.729500928640365
3,0,1249,35,4.7540260337511695
3,0,1249,36,4.759353873221079
3,0,1249,37,4.808643821763992
3,0,1249,38,4.8225205489635465
3,0,1249,39,4.848175967884064
3,0,1249,40,4.886322824891408
3,0,1249,41,4.897091648896535
3,0,1249,42,4.897083342679341
3,0,1249,43,4.925908286921183
3,0,1249,44,4.902010990556081
3,0,1249,45,4.94428356277148
3,0,1249,46,4.920339044380188
3,0,1249,47,4.89814676639239
3,0,1249,48,4.895495955181122
3,0,1249,49,4.866096517451604
3,0,1249,50,4.747216671466828
3,0,1249,51,4.672740542952219
3,0,1249,52,4.5872600899060565
3,0,1249,53,4.524506802781423
3,0,1249,54,4.481932108418147
3,0,1249,55,4.462815742444992
3,0,1249,56,4.429823933172226
3,0,1249,57,4.393858134539922
3,0,1249,58,4.307481340670585
3,0,1249,59,4.276231771341959
3,0,1249,60,4.241114384826024
3,0,1249,61,4.207818336335818
3,0,1249,62,4.133793527674675
3,0,1249,63,4.181343295470874
3,0,1249,64,4.127580269559225
3,0,1249,65,4.0987812494277955
3,0,1249,66,4.145211070203781
3,0,1249,67,4.127842788577079
3,0,1249,68,4.215163926172257
3,0,1249,69,4.251331412204107
3,0,1249,70,4.28709979874293
3,0,1249,71,4.35216461271445
3,0,1249,72,4.346499744860331
3,0,1249,73,4.436222007401784
3,0,1249,74,4.474237853288651
3,0,1249,75,4.605925750414531
3,0,1249,76,4.673243047658603
3,0,1249,77,4.797174339199066
3,0,1249,78,4.800857672429085
3,0,1249,79,4.887533496634165
3,0,1249,80,4.9692572296937305
3,0,1249,81,5.058417243480682
3,0,1249,82,5.08494260635376
3,0,1249,83,5.1627029901822405
3,0,1249,84,5.190287551053365
3,0,1249,85,5.187125293858846
3,0,1249,86,5.179181967663765
3,0,1249,87,5.2180323825359345
3,0,1249,88,5.271952638117472
3,0,1249,89,5.316305125236512
3,0,1249,90,5.387239648119609
3,0,1249,91,5.383944097582499
3,0,1249,92,5.4712836444854736
3,0,1249,93,5.468503972800573
3,0,1249,94,5.447107156308492
3,0,1249,95,5.421322852055232
3,0,1249,96,5.45270630791982
3,0,1249,97,5.441302729256948
3,0,1249,98,5.397642712465922
3,0,1249,99,5.4222677114486695
3,0,1249,100,4.9737739137013754
3,0,1249,101,4.903820999161402
3,0,1249,102,4.760942289892832
3,0,1249,103,4.688003284025192
3,0,1249,104,4.611629383134842
3,0,1249,105,4.458066920161247
3,0,1249,106,4.366503383207321
3,0,1249,107,4.3277535978635155
3,0,1249,108,4.229926492468516
3,0,1249,109,4.181440461333593
3,0,1249,110,4.0966588528871535
3,0,1249,111,4.058434347613653
3,0,1249,112,4.021976813673973
3,0,1249,113,3.973504422267278
3,0,1249,114,3.984618053515752
3,0,1249,115,3.994835647885005
3,0,1249,116,3.9849023353894553
3,0,1249,117,4.016668586540222
3,0,1249,118,4.026419021638234
3,0,1249,119,4.076803339401881
3,0,1249,120,4.142243924617767
3,0,1249,121,4.157201880407333
3,0,1249,122,4.339157115777334
3,0,1249,123,4.331384714158376
3,0,1249,124,4.481892520856857
3,0,1249,125,4.626064391072591
3,0,1249,126,4.7276873550097145
3,0,1249,127,4.818421505482991
3,0,1249,128,4.960722753429413
3,0,1249,129,5.0590926248073576
3,0,1249,130,5.133604134925206
3,0,1249,131,5.234653747495016
3,0,1249,132,5.32143846303622
3,0,1249,133,5.300004250431061
3,0,1249,134,5.400043015861511
3,0,1249,135,5.461447987747192
3,0,1249,136,5.491310469118754
3,0,1249,137,5.513518945980072
3,0,1249,138,5.508313276608785
3,0,1249,139,5.5582176077047984
3,0,1249,140,5.54491819841067
3,0,1249,141,5.651204664325714
3,0,1249,142,5.785148231569926
3,0,1249,143,5.800065495999654
3,0,1249,144,5.779300154431661
3,0,1249,145,5.813721215661367
3,0,1249,146,5.753880141957601
3,0,1249,147,5.7369641242027285
3,0,1249,148,5.695154276593526
3,0,1249,149,5.75418971414566
3,0,1249,150,5.245880553150177
3,0,1249,151,5.050063438193003
3,0,1249,152,4.944628451792399
3,0,1249,153,4.833771291224162
3,0,1249,154,4.733238594436646
3,0,1249,155,4.537561819537481
3,0,1249,156,4.472764555565516
3,0,1249,157,4.372558842452367
3,0,1249,158,4.271959039449691
3,0,1249,159,4.156237234528859
3,0,1249,160,4.048744088522593
3,0,1249,161,4.011666913207372
3,0,1249,162,3.946948598766327
3,0,1249,163,3.936706079387665
3,0,1249,164,3.879386101277669
3,0,1249,165,3.884428523604075
3,0,1249,166,3.8418432907183964
3,0,1249,167,3.9020499744415282
3,0,1249,168,3.913409686644872
3,0,1249,169,3.982876169482867
3,0,1249,170,4.029406772184372
3,0,1249,171,4.090170776971181
3,0,1249,172,4.178779915348689
3,0,1249,173,4.285857191387812
3,0,1249,174,4.390267513163884
3,0,1249,175,4.55587049592336
3,0,1249,176,4.709159311898549
3,0,1249,177,4.877902501710256
3,0,1249,178,4.995869156106313
3,0,1249,179,5.132121512063344
3,0,1249,180,5.333756461143493
3,0,1249,181,5.471822618993123
3,0,1249,182,5.580173038419088
3,0,1249,183,5.706238988558451
3,0,1249,184,5.796114724318186
3,0,1249,185,5.889761231009166
3,0,1249,186,5.923003049008051
3,0,1249,187,5.913912748654684
3,0,1249,188,5.943149962170919
3,0,1249,189,5.912144222243627
3,0,1249,190,5.91577485408783
3,0,1249,191,6.006439096800486
3,0,1249,192,6.122688844299317
3,0,1249,193,6.1438271516164145
3,0,1249,194,6.165733090019226
3,0,1249,195,6.1324056027094525
3,0,1249,196,6.091065861129761
3,0,1249,197,6.031762813313802
3,0,1249,198,6.056119965553283
3,0,1249,199,6.016218542925516
3,0,1249,200,5.327583508682251
3,0,1249,201,5.15371416947047
3,0,1249,202,4.993580464331309
3,0,1249,203,4.83636751314799
3,0,1249,204,4.676167408895493
3,0,1249,205,4.5314519047180815
3,0,1249,206,4.427593262998263
3,0,1249,207,4.368024781258901
3,0,1249,208,4.258170941575369
3,0,1249,209,4.1534237841924035
3,0,1249,210,3.998032728830973
3,0,1249,211,3.9618542487303414
3,0,1249,212,3.8716858629544575
3,0,1249,213,3.803801660855611
3,0,1249,214,3.7932050316731134
3,0,1249,215,3.7815058656374614
3,0,1249,216,3.837800570893288
3,0,1249,217,3.8326075827121735
3,0,1249,218,3.8749727507988614
3,0,1249,219,3.9357577899456024
3,0,1249,220,4.003489279015859
3,0,1249,221,4.088130017073949
3,0,1249,222,4.287426897637049
3,0,1249,223,4.252303082807859
3,0,1249,224,4.4232273950338366
3,0,1249,225,4.525460928797722
3,0,1249,226,4.711603785220782
3,0,1249,227,4.849452561251322
3,0,1249,228,4.932918976736069
3,0,1249,229,5.134751582972209
3,0,1249,230,5.23613020567894
3,0,1249,231,5.4202665444691975
3,0,1249,232,5.57645762723287
3,0,1249,233,5.687934765990575
3,0,1249,234,5.784678853003184
3,0,1249,235,5.840819097137451
3,0,1249,236,5.956222616322835
3,0,1249,237,6.016223319689432
3,0,1249,238,6.024655846659343
3,0,1249,239,6.050012826474507
3,0,1249,240,6.0315501177151996
3,0,1249,241,6.071694721285502
3,0,1249,242,6.181254964764913
3,0,1249,243,6.22067064520518
3,0,1249,244,6.2024943649291995
3,0,1249,245,6.18507016324997
3,0,1249,246,6.127188591448466
3,0,1249,247,6.131146121184031
3,0,1249,248,6.098441138617198
3,0,1249,249,6.107989591026306
3,0,1249,250,5.394185593922933
3,0,1249,251,5.25131493713061
3,0,1249,252,4.948175112406413
3,0,1249,253,4.6969065173467
3,0,1249,254,4.560439306163788
3,0,1249,255,4.426933880519867
3,0,1249,256,4.3326820406516395
3,0,1249,257,4.254539675792058
3,0,1249,258,4.179920692197482
3,0,1249,259,4.048314113251368
3,0,1249,260,3.899341432158152
3,0,1249,261,3.8252046272277833
3,0,1249,262,3.755095105258624
3,0,1249,263,3.7782980762004854
3,0,1249,264,3.774395236523946
3,0,1249,265,3.715084616057078
3,0,1249,266,3.7710147587219875
3,0,1249,267,3.794754822079341
3,0,1249,268,3.8492037413040796
3,0,1249,269,3.911468365065257
3,0,1249,270,3.942362637869517
3,0,1249,271,4.018610675239563
3,0,1249,272,4.164646756347021
3,0,1249,273,4.27309756048123
3,0,1249,274,4.381118777449926
3,0,1249,275,4.457330099972089
3,0,1249,276,4.622130494308472
3,0,1249,277,4.774676598914464
3,0,1249,278,4.901454849878947
3,0,1249,279,5.058453283294042
3,0,1249,280,5.14836604145368
3,0,1249,281,5.351640898227692
3,0,1249,282,5.533137274487813
3,0,1249,283,5.643599908955892
3,0,1249,284,5.7601780113856
3,0,1249,285,5.837211078159014
3,0,1249,286,5.904392282883326
3,0,1249,287,5.986560155423482
3,0,1249,288,6.036782229487101
3,0,1249,289,6.040226568508148
3,0,1249,290,6.017927928161621
3,0,1249,291,6.106549377632141
3,0,1249,292,6.236784325790405
3,0,1249,293,6.258224206670126
3,0,1249,294,6.293974835554759
3,0,1249,295,6.233148343022664
3,0,1249,296,6.1004942651748655
3,0,1249,297,6.0593806037902835
3,0,1249,298,5.992874501164755
3,0,1249,299,5.979082559076945
3,0,1249,300,5.634654462655385
3,0,1249,301,5.465421695582072
3,0,1249,302,5.190558573627472
3,0,1249,303,4.923439164352417
3,0,1249,304,4.704252843221028
3,0,1249,305,4.585885813721021
3,0,1249,306,4.4804633628050485
3,0,1249,307,4.362057725890478
3,0,1249,308,4.258265200297037
3,0,1249,309,4.095046319230398
3,0,1249,310,3.9666532622973123
3,0,1249,311,3.8858470971902213
3,0,1249,312,3.8198880213737487
3,0,1249,313,3.7998334505438804
3,0,1249,314,3.774462685227394
3,0,1249,315,3.826778553382556
3,0,1249,316,3.8332995016892752
3,0,1249,317,3.825006440528234
3,0,1249,318,3.9076580776691436
3,0,1249,319,3.891377882329623
3,0,1249,320,3.9700894014517467
3,0,1249,321,4.064545972092946
3,0,1249,322,4.131846858898799
3,0,1249,323,4.22150142498811
3,0,1249,324,4.376897203572591
3,0,1249,325,4.503797595993678
3,0,1249,326,4.64434291249911
3,0,1249,327,4.799218986733755
3,0,1249,328,4.94973787856102
3,0,1249,329,5.111476225503286
3,0,1249,330,5.27970567480723
3,0,1249,331,5.390091523520152
3,0,1249,332,5.5628380894343055
3,0,1249,333,5.647447143618265
3,0,1249,334,5.744904313691457
3,0,1249,335,5.8630655161857606
3,0,1249,336,5.947469274044037
3,0,1249,337,6.060233568763733
3,0,1249,338,6.075933732223511
3,0,1249,339,6.0220600011189775
3,0,1249,340,6.0853898523012795
3,0,1249,341,6.145027460670471
3,0,1249,342,6.285674555079142
3,0,1249,343,6.32199187040329
3,0,1249,344,6.256866293334961
3,0,1249,345,6.13374767036438
3,0,1249,346,6.045699976857503
3,0,1249,347,6.046950930595398
3,0,1249,348,6.002399300702413
3,0,1249,349,6.036824528757731
3,0,1249,350,5.953962847709656
3,0,1249,351,5.732362233829498
3,0,1249,352,5.357414379755656
3,0,1249,353,5.04058280620575
3,0,1249,354,4.8084354880809785
3,0,1249,355,4.726720607725779
3,0,1249,356,4.749460689226786
3,0,1249,357,4.5977981190840405
3,0,1249,358,4.412994974199931
3,0,1249,359,4.29687245827516
3,0,1249,360,4.144455069446564
3,0,1249,361,4.0195116683324175
3,0,1249,362,3.904599541258812
3,0,1249,363,3.862978773887952
3,0,1249,364,3.81313765484492
3,0,1249,365,3.8018532864570616
3,0,1249,366,3.841501920557022
3,0,1249,367,3.847344743072987
3,0,1249,368,3.9759579813162484
3,0,1249,369,4.000507178433736
3,0,1249,370,4.0643981580972675
3,0,1249,371,4.10152053155899
3,0,1249,372,4.171821971321106
3,0,1249,373,4.272258901675542
3,0,1249,374,4.397361612717311
3,0,1249,375,4.52526162519455
3,0,1249,376,4.657281001456578
3,0,1249,377,4.741954380051295
3,0,1249,378,4.938837703069051
3,0,1249,379,5.020907902940114
3,0,1249,380,5.187029417737325
3,0,1249,381,5.223959375842412
3,0,1249,382,5.409844975105921
3,0,1249,383,5.573368295733134
3,0,1249,384,5.715304256041844
3,0,1249,385,5.7896969985008235
3,0,1249,386,5.897130066935222
3,0,1249,387,6.023486439005534
3,0,1249,388,6.036206535561879
3,0,1249,389,6.039634119796753
3,0,1249,390,6.040255364481608
3,0,1249,391,6.117573391278585
3,0,1249,392,6.230282658958435
3,0,1249,393,6.158305466715495
3,0,1249,394,6.267314564387004
3,0,1249,395,6.079246256256104
3,0,1249,396,5.982126866149902
3,0,1249,397,5.925579949696859
3,0,1249,398,5.941003452936808
3,0,1249,399,6.113809764480591
3,0,1249,400,6.064294858360291
3,0,1249,401,5.915358527819316
3,0,1249,402,5.500874813715617
3,0,1249,403,5.256989641952515
3,0,1249,404,5.052657856782277
3,0,1249,405,4.941525751670202
3,0,1249,406,4.92173998746872
3,0,1249,407,4.820998407793045
3,0,1249,408,4.6483105090777075
3,0,1249,409,4.429863231706619
3,0,1249,410,4.3194262445290885
3,0,1249,411,4.191645389580726
3,0,1249,412,4.09762243959109
3,0,1249,413,4.025425849731763
3,0,1249,414,3.9296809218247732
3,0,1249,415,3.9348008637428284
3,0,1249,416,3.9350387428998945
3,0,1249,417,3.949280435371399
3,0,1249,418,3.9809713388760883
3,0,1249,419,4.0232154963493345
3,0,1249,420,4.049677426862717
3,0,1249,421,4.1424414888381955
3,0,1249,422,4.154668504118919
3,0,1249,423,4.283821735636393
3,0,1249,424,4.354534634923935
3,0,1249,425,4.528691568978627
3,0,1249,426,4.610143558629354
3,0,1249,427,4.71826327756246
3,0,1249,428,4.7683508304437
3,0,1249,429,4.9133764752388
3,0,1249,430,5.033525662326813
3,0,1249,431,5.268882575798035
3,0,1249,432,5.366061447111766
3,0,1249,433,5.551057078361511
3,0,1249,434,5.734035750611623
3,0,1249,435,5.847685748354594
3,0,1249,436,5.9370585696538285
3,0,1249,437,6.035254034105937
3,0,1249,438,6.102153397401174
3,0,1249,439,6.030409926859538
3,0,1249,440,6.109831857617696
3,0,1249,441,6.173655871009827
3,0,1249,442,6.221660014343262
3,0,1249,443,6.239456980228424
3,0,1249,444,6.168184086990356
3,0,1249,445,6.0168848472277325
3,0,1249,446,5.911370250988006
3,0,1249,447,5.920625334803264
3,0,1249,448,6.018678180408478
3,0,1249,449,6.221800326855977
3,0,1249,450,6.340246987088522
3,0,1249,451,6.142966489664714
3,0,1249,452,5.610825040054321
3,0,1249,453,5.254293440723419
3,0,1249,454,5.160667439349492
3,0,1249,455,5.157512676270803
3,0,1249,456,5.024499518664678
3,0,1249,457,4.959568871037165
3,0,1249,458,4.734192709326744
3,0,1249,459,4.628832556875547
3,0,1249,460,4.4514799879868825
3,0,1249,461,4.4026406105995175
3,0,1249,462,4.281121123154958
3,0,1249,463,4.247703339338303
3,0,1249,464,4.149050233133634
3,0,1249,465,4.150144759249687
3,0,1249,466,4.125180081272125
3,0,1249,467,4.123657593504587
3,0,1249,468,4.175069994433721
3,0,1249,469,4.25709886191686
3,0,1249,470,4.2666502990643185
3,0,1249,471,4.353510474427541
3,0,1249,472,4.428922435808182
3,0,1249,473,4.498761217610041
3,0,1249,474,4.626111378908157
3,0,1249,475,4.753263486083348
3,0,1249,476,4.881657655747731
3,0,1249,477,4.916900039116541
3,0,1249,478,4.938531421438853
3,0,1249,479,5.118108652289709
3,0,1249,480,5.232208477862676
3,0,1249,481,5.324803640508652
3,0,1249,482,5.422753056240082
3,0,1249,483,5.5342575540542605
3,0,1249,484,5.689505965360006
3,0,1249,485,5.734987571334839
3,0,1249,486,5.878776548449198
3,0,1249,487,5.9301787578423815
3,0,1249,488,6.0530166338602704
3,0,1249,489,6.063760864766439
3,0,1249,490,6.0891001487096155
3,0,1249,491,6.064892218907674
3,0,1249,492,6.128296879561742
3,0,1249,493,6.22516112391154
3,0,1249,494,6.1689558499018355
3,0,1249,495,5.946572163581848
3,0,1249,496,5.877088343222936
3,0,1249,497,5.891803077634176
3,0,1249,498,6.0589482802708945
3,0,1249,499,6.314771787579854
3,0,1249,500,6.503422773806254
3,0,1249,501,6.2908958065668745
3,0,1249,502,5.76710753844579
3,0,1249,503,5.422075002177556
3,0,1249,504,5.303084133402507
3,0,1249,505,5.255860094642639
3,0,1249,506,5.1200410163879395
3,0,1249,507,4.987664381186168
3,0,1249,508,4.915101222324371
3,0,1249,509,4.743591157102585
3,0,1249,510,4.600489378849665
3,0,1249,511,4.52851096924146
3,0,1249,512,4.43623363348643
3,0,1249,513,4.421623276996613
3,0,1249,514,4.395706652418772
3,0,1249,515,4.362184580453237
3,0,1249,516,4.357416045538584
3,0,1249,517,4.379236854314804
3,0,1249,518,4.403913381354014
3,0,1249,519,4.444808134555816
3,0,1249,520,4.485924244817098
3,0,1249,521,4.547229286177953
3,0,1249,522,4.637283463319143
3,0,1249,523,4.758367737007141
3,0,1249,524,4.823174104277293
3,0,1249,525,4.876255661900839
3,0,1249,526,4.921250396792094
3,0,1249,527,5.039132172870636
3,0,1249,528,5.101624133682251
3,0,1249,529,5.209429626321793
3,0,1249,530,5.2702458568573
3,0,1249,531,5.338084341335296
3,0,1249,532,5.471000459003449
3,0,1249,533,5.563592416699727
3,0,1249,534,5.704366341527303
3,0,1249,535,5.8380841608047485
3,0,1249,536,5.814438878504435
3,0,1249,537,5.909126548639933
3,0,1249,538,5.934649737071991
3,0,1249,539,5.9730107823053995
3,0,1249,540,5.924952991898855
3,0,1249,541,5.969840690612793
3,0,1249,542,6.009101339371999
3,0,1249,543,6.0013150816599525
3,0,1249,544,5.959704764080048
3,0,1249,545,5.805547227923076
3,0,1249,546,5.775494950612386
3,0,1249,547,5.906575535901387
3,0,1249,548,6.226327629089355
3,0,1249,549,6.522372289911906
3,0,1249,550,6.618776351674398
3,0,1249,551,6.370578878720601
3,0,1249,552,5.9640101745605465
3,0,1249,553,5.611305993143717
3,0,1249,554,5.592342553710938
3,0,1249,555,5.546734298706054
3,0,1249,556,5.358701256688436
3,0,1249,557,5.193885687859853
3,0,1249,558,5.025709607211748
3,0,1249,559,4.804934855047862
3,0,1249,560,4.732583475192388
3,0,1249,561,4.769873739306132
3,0,1249,562,4.696088557577133
3,0,1249,563,4.6252597008546195
3,0,1249,564,4.596422389356295
3,0,1249,565,4.409138212219874
3,0,1249,566,4.490590752792358
3,0,1249,567,4.4266650265057885
3,0,1249,568,4.475752712273597
3,0,1249,569,4.495586823765437
3,0,1249,570,4.565706328694025
3,0,1249,571,4.634471664953232
3,0,1249,572,4.686218602911631
3,0,1249,573,4.780365477673213
3,0,1249,574,4.853820774539312
3,0,1249,575,5.01351304136912
3,0,1249,576,5.046086895640691
3,0,1249,577,5.137053029616673
3,0,1249,578,5.20005363500913
3,0,1249,579,5.256759369977315
3,0,1249,580,5.363082063412667
3,0,1249,581,5.461690750344594
3,0,1249,582,5.547757111008962
3,0,1249,583,5.624303979889552
3,0,1249,584,5.788047656504313
3,0,1249,585,5.826812374210357
3,0,1249,586,5.909991752751668
3,0,1249,587,6.028372944132487
3,0,1249,588,5.946668640232086
3,0,1249,589,6.026346955394745
3,0,1249,590,5.930061223284404
3,0,1249,591,5.921725030295054
3,0,1249,592,5.968335644086202
3,0,1249,593,5.994858806610107
3,0,1249,594,5.839324490801493
3,0,1249,595,5.762509291585286
3,0,1249,596,5.817122285811107
3,0,1249,597,6.0119663739204405
3,0,1249,598,6.459251903597514
3,0,1249,599,6.803322645441691
3,0,1249,600,6.697793998209636
3,0,1249,601,6.347121832148234
3,0,1249,602,6.160151777553558
3,0,1249,603,5.8252086924235025
3,0,1249,604,5.7989181203047435
3,0,1249,605,5.747757375399272
3,0,1249,606,5.623749629529317
3,0,1249,607,5.39083188829422
3,0,1249,608,5.141794163020452
3,0,1249,609,5.0146443040847775
3,0,1249,610,4.8899193572044375
3,0,1249,611,4.872479878393809
3,0,1249,612,4.956582311677932
3,0,1249,613,4.967859298324585
3,0,1249,614,4.963022992420196
3,0,1249,615,4.902611257251103
3,0,1249,616,4.828801961517334
3,0,1249,617,4.793927834320068
3,0,1249,618,4.799701979700724
3,0,1249,619,4.786182000509898
3,0,1249,620,4.829869923289617
3,0,1249,621,4.885954686085383
3,0,1249,622,4.943890625476837
3,0,1249,623,5.100395009803772
3,0,1249,624,5.101764850695928
3,0,1249,625,5.2679774609565735
3,0,1249,626,5.361166543547313
3,0,1249,627,5.424592151268323
3,0,1249,628,5.5516103007157644
3,0,1249,629,5.614345312436422
3,0,1249,630,5.631472886435191
3,0,1249,631,5.6842067054430645
3,0,1249,632,5.676426757685343
3,0,1249,633,5.7684345969835915
3,0,1249,634,5.90110589073499
3,0,1249,635,5.817062530644734
3,0,1249,636,5.95846317768097
3,0,1249,637,6.002728151241938
3,0,1249,638,6.0541875411351525
3,0,1249,639,5.990697169558207
3,0,1249,640,5.986122477785746
3,0,1249,641,5.936633901627858
3,0,1249,642,5.9343000242551165
3,0,1249,643,5.9651341737111405
3,0,1249,644,5.896657646210988
3,0,1249,645,5.838150699361165
3,0,1249,646,5.83224048614502
3,0,1249,647,6.158018868509928
3,0,1249,648,6.504204415384929
3,0,1249,649,6.905236378288269
3,0,1249,650,6.821034856414795
3,0,1249,651,6.3195076101303105
3,0,1249,652,6.259698698933919
3,0,1249,653,5.999783658981324
3,0,1249,654,5.933392060820261
3,0,1249,655,5.905645956230163
3,0,1249,656,5.73392766084671
3,0,1249,657,5.5238842628637945
3,0,1249,658,5.283492271486918
3,0,1249,659,5.094449031734467
3,0,1249,660,4.963806364695231
3,0,1249,661,4.975297052383423
3,0,1249,662,5.008726051076254
3,0,1249,663,5.061476827081044
3,0,1249,664,5.129502925554911
3,0,1249,665,5.167187890720367
3,0,1249,666,5.157888735596339
3,0,1249,667,5.077538089307149
3,0,1249,668,5.101629818121592
3,0,1249,669,5.038900946521759
3,0,1249,670,5.104293596776326
3,0,1249,671,5.0986244404157
3,0,1249,672,5.1538423636913295
3,0,1249,673,5.237092954921723
3,0,1249,674,5.279193105220795
3,0,1249,675,5.433026523907979
3,0,1249,676,5.486641055456797
3,0,1249,677,5.512447290007273
3,0,1249,678,5.557932957983017
3,0,1249,679,5.685863909832636
3,0,1249,680,5.787959520022074
3,0,1249,681,5.829516365687052
3,0,1249,682,5.865836096890767
3,0,1249,683,5.93255935942332
3,0,1249,684,6.001065812174479
3,0,1249,685,6.058183166249593
3,0,1249,686,6.078981181653341
3,0,1249,687,6.105760263284047
3,0,1249,688,6.084694036626816
3,0,1249,689,6.050719557571411
3,0,1249,690,5.951250355497996
3,0,1249,691,5.99284180132548
3,0,1249,692,6.046618366241455
3,0,1249,693,6.0595571854909265
3,0,1249,694,5.879619334793091
3,0,1249,695,5.879449084885915
3,0,1249,696,6.043293521499634
3,0,1249,697,6.347793105824788
3,0,1249,698,6.7268951192220054
3,0,1249,699,7.100406091690063
3,0,1249,700,6.978181676419576
3,0,1249,701,6.412664937973022
3,0,1249,702,6.3339046878814695
3,0,1249,703,6.130829560089111
3,0,1249,704,6.1076765107472735
3,0,1249,705,5.913095092010498
3,0,1249,706,5.733856183115641
3,0,1249,707,5.493323108609517
3,0,1249,708,5.211185322316488
3,0,1249,709,5.071477621936798
3,0,1249,710,5.123042152818044
3,0,1249,711,5.087350281365713
3,0,1249,712,5.080381061029434
3,0,1249,713,5.250548631127676
3,0,1249,714,5.265915120347341
3,0,1249,715,5.332362426408132
3,0,1249,716,5.321353314685822
3,0,1249,717,5.265379801813761
3,0,1249,718,5.258601659711202
3,0,1249,719,5.250476332529386
3,0,1249,720,5.274122007290522
3,0,1249,721,5.332958304659526
3,0,1249,722,5.463031904729207
3,0,1249,723,5.464299052874248
3,0,1249,724,5.595299891471862
3,0,1249,725,5.692228244400025
3,0,1249,726,5.73798652305603
3,0,1249,727,5.915145953464508
3,0,1249,728,5.845229839102427
3,0,1249,729,5.888587943108877
3,0,1249,730,5.943252452659607
3,0,1249,731,6.0187487223943075
3,0,1249,732,6.0159951602935795
3,0,1249,733,6.042618960857391
3,0,1249,734,6.050387134297689
3,0,1249,735,6.118444400215149
3,0,1249,736,6.147381035725275
3,0,1249,737,6.149829448477427
3,0,1249,738,6.1283478904088335
3,0,1249,739,6.131040839417776
3,0,1249,740,6.084070787175496
3,0,1249,741,6.05043885714213
3,0,1249,742,6.0372860803604125
3,0,1249,743,6.01724997882843
3,0,1249,744,5.976260570144653
3,0,1249,745,5.961065004030863
3,0,1249,746,6.060625674057007
3,0,1249,747,6.375644559796651
3,0,1249,748,6.755191690381368
3,0,1249,749,7.220385418446859
3,0,1249,750,6.897286089070638
3,0,1249,751,6.607726649157207
3,0,1249,752,6.378048963038126
3,0,1249,753,6.1933483870188395
3,0,1249,754,6.043755985959371
3,0,1249,755,5.952325027338664
3,0,1249,756,5.692799354330699
3,0,1249,757,5.3955596470832825
3,0,1249,758,5.108426012770335
3,0,1249,759,5.004808020464579
3,0,1249,760,5.017054600652059
3,0,1249,761,4.9985653173287705
3,0,1249,762,5.0699996361732484
3,0,1249,763,5.227768711853027
3,0,1249,764,5.336537442779541
3,0,1249,765,5.437087249183655
3,0,1249,766,5.538397367159526
3,0,1249,767,5.494210328070323
3,0,1249,768,5.483499492454529
3,0,1249,769,5.450757637405395
3,0,1249,770,5.524198697026571
3,0,1249,771,5.575416485977173
3,0,1249,772,5.54718444964091
3,0,1249,773,5.739459866714477
3,0,1249,774,5.805572422790528
3,0,1249,775,5.818361493873597
3,0,1249,776,5.932082056649526
3,0,1249,777,5.981355502382915
3,0,1249,778,6.07891718711853
3,0,1249,779,6.096558904774984
3,0,1249,780,6.137633824920655
3,0,1249,781,6.280014441808064
3,0,1249,782,6.15369580895106
3,0,1249,783,6.118742555236817
3,0,1249,784,6.121906908480327
3,0,1249,785,6.116187221781413
3,0,1249,786,6.092855424849192
3,0,1249,787,6.118812692483266
3,0,1249,788,6.085090088240306
3,0,1249,789,5.954489476426443
3,0,1249,790,5.925288183148702
3,0,1249,791,5.831645635795593
3,0,1249,792,5.816016509373982
3,0,1249,793,5.9256198741277055
3,0,1249,794,5.940635164229075
3,0,1249,795,5.97589228700002
3,0,1249,796,6.070939317512512
3,0,1249,797,6.379855212402344
3,0,1249,798,6.882669758987427
3,0,1249,799,7.225199443435669
3,0,1249,800,6.959819422912598
3,0,1249,801,6.830064168103536
3,0,1249,802,6.640793483670553
3,0,1249,803,6.487657738749186
3,0,1249,804,6.332867625300089
3,0,1249,805,6.20772168896993
3,0,1249,806,6.017645220502217
3,0,1249,807,5.686849982261657
3,0,1249,808,5.417814888016383
3,0,1249,809,5.2395300669988
3,0,1249,810,5.2109866993904115
3,0,1249,811,5.177643967469534
3,0,1249,812,5.294917917029063
3,0,1249,813,5.3372681900978085
3,0,1249,814,5.534279239877065
3,0,1249,815,5.610269810581207
3,0,1249,816,5.6853117098490396
3,0,1249,817,5.670905612881978
3,0,1249,818,5.65271304731369
3,0,1249,819,5.71538719218572
3,0,1249,820,5.726626383209228
3,0,1249,821,5.8189386506398515
3,0,1249,822,5.911780411465963
3,0,1249,823,5.972428409639995
3,0,1249,824,6.073068305397034
3,0,1249,825,6.141418588956197
3,0,1249,826,6.1863337336222335
3,0,1249,827,6.313854818407695
3,0,1249,828,6.298143263562521
3,0,1249,829,6.289773593139649
3,0,1249,830,6.372235145632426
3,0,1249,831,6.274972607103984
3,0,1249,832,6.386296801630656
3,0,1249,833,6.381894260152181
3,0,1249,834,6.373917023213704
3,0,1249,835,6.354817361577352
3,0,1249,836,6.386658543268839
3,0,1249,837,6.2841789356867475
3,0,1249,838,6.157910676765442
3,0,1249,839,6.034691000874838
3,0,1249,840,5.91726463616689
3,0,1249,841,5.8943693742752075
3,0,1249,842,5.943058743604024
3,0,1249,843,6.028833832788467
3,0,1249,844,5.989062868118286
3,0,1249,845,6.140132909266154
3,0,1249,846,6.369771268081665
3,0,1249,847,6.712684805361429
3,0,1249,848,7.097604099082947
3,0,1249,849,7.420515971755981
3,0,1249,850,7.027598535537719
3,0,1249,851,7.147762854512533
3,0,1249,852,7.028834393310547
3,0,1249,853,6.69884699045817
3,0,1249,854,6.445609242566427
3,0,1249,855,6.369523258018494
3,0,1249,856,6.221942151641846
3,0,1249,857,5.991541144752502
3,0,1249,858,5.744551630020141
3,0,1249,859,5.539933831787109
3,0,1249,860,5.500425304381053
3,0,1249,861,5.490050874519348
3,0,1249,862,5.535005224990845
3,0,1249,863,5.6818670512517295
3,0,1249,864,5.648423725414276
3,0,1249,865,5.761187872250875
3,0,1249,866,5.865524633089701
3,0,1249,867,5.980863590590159
3,0,1249,868,6.0283082496007285
3,0,1249,869,6.077946338017782
3,0,1249,870,6.0639316368103025
3,0,1249,871,6.136766030057271
3,0,1249,872,6.231983589045207
3,0,1249,873,6.326454348246257
3,0,1249,874,6.45144560362498
3,0,1249,875,6.471723145548503
3,0,1249,876,6.469192155138652
3,0,1249,877,6.5764613087972
3,0,1249,878,6.569590521113078
3,0,1249,879,6.638602067057292
3,0,1249,880,6.623525737524033
3,0,1249,881,6.648552889315288
3,0,1249,882,6.613198221588135
3,0,1249,883,6.626842354075114
3,0,1249,884,6.5636210460662845
3,0,1249,885,6.5924786301930745
3,0,1249,886,6.545584240086874
3,0,1249,887,6.485768735694886
3,0,1249,888,6.328729168001811
3,0,1249,889,6.297661490186056
3,0,1249,890,6.21196576277415
3,0,1249,891,6.03074025777181
3,0,1249,892,6.0811947752634685
3,0,1249,893,6.317902255694071
3,0,1249,894,6.328863070297241
3,0,1249,895,6.352825783030192
3,0,1249,896,6.543482541338602
3,0,1249,897,6.8059134201049805
3,0,1249,898,7.046035419591268
3,0,1249,899,7.423981967163086
3,0,1249,900,7.352884470621745
3,0,1249,901,7.306763295237223
3,0,1249,902,7.295266069030761
3,0,1249,903,6.92593731320699
3,0,1249,904,6.650163159179687
3,0,1249,905,6.459596264139811
3,0,1249,906,6.395499545796712
3,0,1249,907,6.22858849102656
3,0,1249,908,5.931048212432861
3,0,1249,909,5.763511723454793
3,0,1249,910,5.782723442300161
3,0,1249,911,5.672164068762461
3,0,1249,912,5.756081666056315
3,0,1249,913,5.8030018354098
3,0,1249,914,5.911287011973063
3,0,1249,915,6.065428748464584
3,0,1249,916,6.1729809275945025
3,0,1249,917,6.133753745587667
3,0,1249,918,6.251778380139669
3,0,1249,919,6.3034439434687295
3,0,1249,920,6.286036070632934
3,0,1249,921,6.380292940441767
3,0,1249,922,6.467418684705098
3,0,1249,923,6.5269852593739826
3,0,1249,924,6.642735542170207
3,0,1249,925,6.692152307955424
3,0,1249,926,6.710981454149882
3,0,1249,927,6.707066599973043
3,0,1249,928,6.707644375737508
3,0,1249,929,6.804805352592468
3,0,1249,930,6.841460078557333
3,0,1249,931,6.833536527633667
3,0,1249,932,6.738966592025757
3,0,1249,933,6.802063479487101
3,0,1249,934,6.750837046178182
3,0,1249,935,6.730279804547628
3,0,1249,936,6.652033911323548
3,0,1249,937,6.540498312568665
3,0,1249,938,6.456733560498556
3,0,1249,939,6.397988663864136
3,0,1249,940,6.333558331489563
3,0,1249,941,6.221551801045735
3,0,1249,942,6.359627968978882
3,0,1249,943,6.459105788040161
3,0,1249,944,6.571603956699371
3,0,1249,945,6.547562469800313
3,0,1249,946,6.694570167605082
3,0,1249,947,6.886878480275472
3,0,1249,948,7.177258749008178
3,0,1249,949,7.458563883082072
3,0,1249,950,7.476192507743836
3,0,1249,951,7.514232087198893
3,0,1249,952,7.404335044352213
3,0,1249,953,7.067643998718261
3,0,1249,954,6.727017231241862
3,0,1249,955,6.587181808344523
3,0,1249,956,6.473943175760905
3,0,1249,957,6.366607329114278
3,0,1249,958,6.204922794914245
3,0,1249,959,6.058400692049663
3,0,1249,960,6.032318681017558
3,0,1249,961,5.982003766059876
3,0,1249,962,6.053832338587443
3,0,1249,963,6.111188680203756
3,0,1249,964,6.299498253250122
3,0,1249,965,6.299868066183726
3,0,1249,966,6.388926849842072
3,0,1249,967,6.454669042110443
3,0,1249,968,6.450175074831645
3,0,1249,969,6.461043651644389
3,0,1249,970,6.525163556289673
3,0,1249,971,6.610861104456584
3,0,1249,972,6.649312230936686
3,0,1249,973,6.827247568130494
3,0,1249,974,6.840819010416666
3,0,1249,975,6.904431038029989
3,0,1249,976,6.922326686922709
3,0,1249,977,6.978719642384847
3,0,1249,978,6.946415741411845
3,0,1249,979,6.9458110089619955
3,0,1249,980,6.988580617396037
3,0,1249,981,6.993169001261394
3,0,1249,982,6.971491419728597
3,0,1249,983,6.972591567611694
3,0,1249,984,6.888381381527583
3,0,1249,985,6.866947370529175
3,0,1249,986,6.768939057922363
3,0,1249,987,6.705560865147908
3,0,1249,988,6.5881723162968955
3,0,1249,989,6.52886630821228
3,0,1249,990,6.43695919748942
3,0,1249,991,6.45843925037384
3,0,1249,992,6.448837181981404
3,0,1249,993,6.625041241836548
3,0,1249,994,6.789613469314575
3,0,1249,995,6.789588556798299
3,0,1249,996,6.779410785039266
3,0,1249,997,6.933685379791259
3,0,1249,998,7.137361226654053
3,0,1249,999,7.394156990051269
3,0,1249,1000,7.635256458536784
3,0,1249,1001,7.5547266194661455
3,0,1249,1002,7.460328137969971
3,0,1249,1003,7.108692873509725
3,0,1249,1004,6.814785579427084
3,0,1249,1005,6.67587342376709
3,0,1249,1006,6.718417856852214
3,0,1249,1007,6.569429461415608
3,0,1249,1008,6.478946544202169
3,0,1249,1009,6.235626076761881
3,0,1249,1010,6.174421862411499
3,0,1249,1011,6.200992743428548
3,0,1249,1012,6.232994554877282
3,0,1249,1013,6.34887955233256
3,0,1249,1014,6.540149248758952
3,0,1249,1015,6.522981196403504
3,0,1249,1016,6.6512982658863065
3,0,1249,1017,6.6473268751780195
3,0,1249,1018,6.71836684885025
3,0,1249,1019,6.693381897735596
3,0,1249,1020,6.719845146942139
3,0,1249,1021,6.788607904815674
3,0,1249,1022,6.901797820409139
3,0,1249,1023,7.014681681060791
3,0,1249,1024,7.045414036623637
3,0,1249,1025,7.027975989913941
3,0,1249,1026,7.050468309466044
3,0,1249,1027,7.049677985954284
3,0,1249,1028,7.095995071538289
3,0,1249,1029,7.073141334279378
3,0,1249,1030,7.040814745267232
3,0,1249,1031,7.135933149210612
3,0,1249,1032,7.105495297749838
3,0,1249,1033,7.105756129074097
3,0,1249,1034,7.041867561912537
3,0,1249,1035,6.986455018107097
3,0,1249,1036,6.890834936523437
3,0,1249,1037,6.8528535823822025
3,0,1249,1038,6.7644955993016564
3,0,1249,1039,6.6674947256724035
3,0,1249,1040,6.63837020963033
3,0,1249,1041,6.4775283303578695
3,0,1249,1042,6.6059074153264365
3,0,1249,1043,6.775901066207886
3,0,1249,1044,6.975949970499674
3,0,1249,1045,6.97876821492513
3,0,1249,1046,6.978363955497742
3,0,1249,1047,7.0737592971801755
3,0,1249,1048,7.300904616165161
3,0,1249,1049,7.5588184987386065
3,0,1249,1050,7.787821218347549
3,0,1249,1051,7.67020628528595
3,0,1249,1052,7.511269601949056
3,0,1249,1053,7.194491333707174
3,0,1249,1054,7.006196716562907
3,0,1249,1055,6.880238491821289
3,0,1249,1056,6.840001534398397
3,0,1249,1057,6.762203158378601
3,0,1249,1058,6.675400360107422
3,0,1249,1059,6.583895436986287
3,0,1249,1060,6.469352405548095
3,0,1249,1061,6.520669274139404
3,0,1249,1062,6.533236144955953
3,0,1249,1063,6.551865363820394
3,0,1249,1064,6.689295046742757
3,0,1249,1065,6.73339991162618
3,0,1249,1066,6.784355873362223
3,0,1249,1067,6.7167905358632405
3,0,1249,1068,6.805147904586792
3,0,1249,1069,6.802150875473022
3,0,1249,1070,6.843708578236898
3,0,1249,1071,6.949540781911214
3,0,1249,1072,6.974198782348632
3,0,1249,1073,7.0538889476776125
3,0,1249,1074,7.107326131947835
3,0,1249,1075,7.186710172653198
3,0,1249,1076,7.14550017229716
3,0,1249,1077,7.199362786229451
3,0,1249,1078,7.224569782129923
3,0,1249,1079,7.238397667185465
3,0,1249,1080,7.242997708384196
3,0,1249,1081,7.244748214213053
3,0,1249,1082,7.261136263720195
3,0,1249,1083,7.281493306859335
3,0,1249,1084,7.142160702260336
3,0,1249,1085,7.120163308842977
3,0,1249,1086,7.020010655339559
3,0,1249,1087,6.928771450805664
3,0,1249,1088,6.833992363230387
3,0,1249,1089,6.7857533473968505
3,0,1249,1090,6.8234728232065835
3,0,1249,1091,6.685041265869141
3,0,1249,1092,6.864808285013835
3,0,1249,1093,6.982939310963949
3,0,1249,1094,7.197792636998495
3,0,1249,1095,7.190801557032267
3,0,1249,1096,7.214249836095174
3,0,1249,1097,7.247950132624308
3,0,1249,1098,7.415896675745646
3,0,1249,1099,7.539270187505086
3,0,1249,1100,7.830990542984009
3,0,1249,1101,7.759580648676554
3,0,1249,1102,7.546579343732198
3,0,1249,1103,7.4075049215952555
3,0,1249,1104,7.278366180038452
3,0,1249,1105,7.204485345967611
3,0,1249,1106,7.1266856300989785
3,0,1249,1107,7.171719811375936
3,0,1249,1108,7.166941856002808
3,0,1249,1109,7.175112083943685
3,0,1249,1110,7.212836196517944
3,0,1249,1111,7.223544430923462
3,0,1249,1112,7.193399179204305
3,0,1249,1113,7.086975630187989
3,0,1249,1114,7.02870985250473
3,0,1249,1115,6.976109152666727
3,0,1249,1116,7.109873041915893
3,0,1249,1117,7.099404638799031
3,0,1249,1118,7.165269278971354
3,0,1249,1119,7.234655507914225
3,0,1249,1120,7.239972158559163
3,0,1249,1121,7.332107499821981
3,0,1249,1122,7.340256041590373
3,0,1249,1123,7.284587313842773
3,0,1249,1124,7.2840135945638025
3,0,1249,1125,7.275569300206502
3,0,1249,1126,7.297348809941609
3,0,1249,1127,7.335430510838827
3,0,1249,1128,7.462133451461792
3,0,1249,1129,7.465824637858073
3,0,1249,1130,7.47940603650411
3,0,1249,1131,7.490816957473755
3,0,1249,1132,7.511189560953776
3,0,1249,1133,7.471322360738118
3,0,1249,1134,7.491218685913086
3,0,1249,1135,7.400447616577148
3,0,1249,1136,7.304714874776204
3,0,1249,1137,7.333231011835734
3,0,1249,1138,7.270011207707723
3,0,1249,1139,7.358484500630697
3,0,1249,1140,7.293662068939209
3,0,1249,1141,7.3552031902313235
3,0,1249,1142,7.42733300374349
3,0,1249,1143,7.4722391203562415
3,0,1249,1144,7.538497598648071
3,0,1249,1145,7.594617815272013
3,0,1249,1146,7.641465807088216
3,0,1249,1147,7.679442514292399
3,0,1249,1148,7.675914405059815
3,0,1249,1149,7.73743597577413
3,0,1249,1150,7.836002509435018
3,0,1249,1151,7.80358738937378
3,0,1249,1152,7.728525412686666
3,0,1249,1153,7.632952493031819
3,0,1249,1154,7.612485869471232
3,0,1249,1155,7.505970219866435
3,0,1249,1156,7.432511585362752
3,0,1249,1157,7.375088302485148
3,0,1249,1158,7.418221887906393
3,0,1249,1159,7.422765521113078
3,0,1249,1160,7.43710260848999
3,0,1249,1161,7.436287985356649
3,0,1249,1162,7.430107633972168
3,0,1249,1163,7.386200060590109
3,0,1249,1164,7.42493907623291
3,0,1249,1165,7.400904313151042
3,0,1249,1166,7.482424562327067
3,0,1249,1167,7.507545371627808
3,0,1249,1168,7.564392394510905
3,0,1249,1169,7.660958977127075
3,0,1249,1170,7.70104654490153
3,0,1249,1171,7.6776436987559
3,0,1249,1172,7.584755656305949
3,0,1249,1173,7.386592562103272
3,0,1249,1174,7.159711618041992
3,0,1249,1175,7.0722876711527505
3,0,1249,1176,6.968639568456014
3,0,1249,1177,7.057442723528544
3,0,1249,1178,7.057186204655965
3,0,1249,1179,7.183510850016276
3,0,1249,1180,7.445433342615764
3,0,1249,1181,7.594054270235698
3,0,1249,1182,7.66629348042806
3,0,1249,1183,7.760040117136637
3,0,1249,1184,7.671451745351155
3,0,1249,1185,7.565303318150838
3,0,1249,1186,7.535668246841431
3,0,1249,1187,7.411882457860311
3,0,1249,1188,7.422042831166586
3,0,1249,1189,7.3990948777516685
3,0,1249,1190,7.449199646822612
3,0,1249,1191,7.521473187891642
3,0,1249,1192,7.55730132077535
3,0,1249,1193,7.594181257502238
3,0,1249,1194,7.660319792175293
3,0,1249,1195,7.731601876195271
3,0,1249,1196,7.81812821451823
3,0,1249,1197,7.8825529800415035
3,0,1249,1198,7.901935477701823
3,0,1249,1199,7.976693065134684
3,0,1249,1200,7.615210975774129
3,0,1249,1201,7.636113500722249
3,0,1249,1202,7.646828185907999
3,0,1249,1203,7.671156695175171
3,0,1249,1204,7.636593871561686
3,0,1249,1205,7.682881678390503
3,0,1249,1206,7.716357745997111
3,0,1249,1207,7.698944374211629
3,0,1249,1208,7.745607973734538
3,0,1249,1209,7.691068577194214
3,0,1249,1210,7.673519302368164
3,0,1249,1211,7.69113775138855
3,0,1249,1212,7.676303966013591
3,0,1249,1213,7.727087486584981
3,0,1249,1214,7.621181492741902
3,0,1249,1215,7.537513154856364
3,0,1249,1216,7.442491191355387
3,0,1249,1217,7.369451956812541
3,0,1249,1218,7.3305688512166345
3,0,1249,1219,7.229048675664266
3,0,1249,1220,7.123786864089966
3,0,1249,1221,7.067285335922241
3,0,1249,1222,7.00446011428833
3,0,1249,1223,6.955982475789388
3,0,1249,1224,6.841569739341736
3,0,1249,1225,6.876841641616822
3,0,1249,1226,6.9384212457021075
3,0,1249,1227,7.096460573577881
3,0,1249,1228,7.058804561424255
3,0,1249,1229,7.189186206944783
3,0,1249,1230,7.275248970031738
3,0,1249,1231,7.285388896624247
3,0,1249,1232,7.434517450714111
3,0,1249,1233,7.568669082260132
3,0,1249,1234,7.642874585469563
3,0,1249,1235,7.6855140445709225
3,0,1249,1236,7.691893895085653
3,0,1249,1237,7.681930885314942
3,0,1249,1238,7.758672986221313
3,0,1249,1239,7.746891813659668
3,0,1249,1240,7.709924123001098
3,0,1249,1241,7.750564501063029
3,0,1249,1242,7.731679170099894
3,0,1249,1243,7.776705465062459
3,0,1249,1244,7.799026433563232
3,0,1249,1245,7.814104898834229
3,0,1249,1246,7.80244705657959
3,0,1249,1247,7.830782489395141
3,0,1249,1248,7.790481406339009
3,0,1249,1249,7.8255175144195555
